call: name=__cast_i128_to_i32, is_extern_c=true, is_builtin=false, is_user=false, is_stdlib_extern=true, is_special=true, is_stdlib_inline=false
call: name=__cast_i64_to_i128, is_extern_c=true, is_builtin=false, is_user=false, is_stdlib_extern=true, is_special=true, is_stdlib_inline=false
call: name=__cast_i128_to_u8, is_extern_c=true, is_builtin=false, is_user=false, is_stdlib_extern=true, is_special=true, is_stdlib_inline=false
call: name=__cast_i64_to_i128, is_extern_c=true, is_builtin=false, is_user=false, is_stdlib_extern=true, is_special=true, is_stdlib_inline=false
call: name=__cast_i128_to_u16, is_extern_c=true, is_builtin=false, is_user=false, is_stdlib_extern=true, is_special=true, is_stdlib_inline=false
call: name=__cast_i64_to_i128, is_extern_c=true, is_builtin=false, is_user=false, is_stdlib_extern=true, is_special=true, is_stdlib_inline=false
call: name=__cast_i128_to_u32, is_extern_c=true, is_builtin=false, is_user=false, is_stdlib_extern=true, is_special=true, is_stdlib_inline=false
call: name=__cast_i64_to_i128, is_extern_c=true, is_builtin=false, is_user=false, is_stdlib_extern=true, is_special=true, is_stdlib_inline=false
call: name=__cast_i128_to_usize, is_extern_c=true, is_builtin=false, is_user=false, is_stdlib_extern=true, is_special=true, is_stdlib_inline=false
call: name=__cast_i64_to_i128, is_extern_c=true, is_builtin=false, is_user=false, is_stdlib_extern=true, is_special=true, is_stdlib_inline=false
call: name=__cast_i128_to_i64, is_extern_c=true, is_builtin=false, is_user=false, is_stdlib_extern=true, is_special=true, is_stdlib_inline=false
call: name=__cast_i32_to_i128, is_extern_c=true, is_builtin=false, is_user=false, is_stdlib_extern=true, is_special=true, is_stdlib_inline=false
call: name=__cast_i128_to_u8, is_extern_c=true, is_builtin=false, is_user=false, is_stdlib_extern=true, is_special=true, is_stdlib_inline=false
call: name=__cast_i32_to_i128, is_extern_c=true, is_builtin=false, is_user=false, is_stdlib_extern=true, is_special=true, is_stdlib_inline=false
call: name=__cast_i128_to_u16, is_extern_c=true, is_builtin=false, is_user=false, is_stdlib_extern=true, is_special=true, is_stdlib_inline=false
call: name=__cast_i32_to_i128, is_extern_c=true, is_builtin=false, is_user=false, is_stdlib_extern=true, is_special=true, is_stdlib_inline=false
call: name=__cast_i128_to_usize, is_extern_c=true, is_builtin=false, is_user=false, is_stdlib_extern=true, is_special=true, is_stdlib_inline=false
call: name=__cast_i32_to_i128, is_extern_c=true, is_builtin=false, is_user=false, is_stdlib_extern=true, is_special=true, is_stdlib_inline=false
call: name=__cast_i128_to_i32, is_extern_c=true, is_builtin=false, is_user=false, is_stdlib_extern=true, is_special=true, is_stdlib_inline=false
call: name=__cast_u8_to_i128, is_extern_c=true, is_builtin=false, is_user=false, is_stdlib_extern=true, is_special=true, is_stdlib_inline=false
call: name=__cast_i128_to_i64, is_extern_c=true, is_builtin=false, is_user=false, is_stdlib_extern=true, is_special=true, is_stdlib_inline=false
call: name=__cast_u8_to_i128, is_extern_c=true, is_builtin=false, is_user=false, is_stdlib_extern=true, is_special=true, is_stdlib_inline=false
call: name=__cast_i128_to_u16, is_extern_c=true, is_builtin=false, is_user=false, is_stdlib_extern=true, is_special=true, is_stdlib_inline=false
call: name=__cast_u8_to_i128, is_extern_c=true, is_builtin=false, is_user=false, is_stdlib_extern=true, is_special=true, is_stdlib_inline=false
call: name=__cast_i128_to_i64, is_extern_c=true, is_builtin=false, is_user=false, is_stdlib_extern=true, is_special=true, is_stdlib_inline=false
call: name=__cast_u16_to_i128, is_extern_c=true, is_builtin=false, is_user=false, is_stdlib_extern=true, is_special=true, is_stdlib_inline=false
call: name=__cast_i128_to_i64, is_extern_c=true, is_builtin=false, is_user=false, is_stdlib_extern=true, is_special=true, is_stdlib_inline=false
call: name=__cast_u32_to_i128, is_extern_c=true, is_builtin=false, is_user=false, is_stdlib_extern=true, is_special=true, is_stdlib_inline=false
call: name=__cast_i128_to_i64, is_extern_c=true, is_builtin=false, is_user=false, is_stdlib_extern=true, is_special=true, is_stdlib_inline=false
call: name=__cast_u64_to_i128, is_extern_c=true, is_builtin=false, is_user=false, is_stdlib_extern=true, is_special=true, is_stdlib_inline=false
call: name=__cast_i128_to_i64, is_extern_c=true, is_builtin=false, is_user=false, is_stdlib_extern=true, is_special=true, is_stdlib_inline=false
call: name=__cast_usize_to_i128, is_extern_c=true, is_builtin=false, is_user=false, is_stdlib_extern=true, is_special=true, is_stdlib_inline=false
call: name=__reflect_type_name, is_extern_c=false, is_builtin=true, is_user=false, is_stdlib_extern=false, is_special=false, is_stdlib_inline=false
call: name=__reflect_kind_str, is_extern_c=false, is_builtin=true, is_user=false, is_stdlib_extern=false, is_special=false, is_stdlib_inline=false
call: name=__reflect_layout_size, is_extern_c=false, is_builtin=true, is_user=false, is_stdlib_extern=false, is_special=false, is_stdlib_inline=false
call: name=__reflect_layout_alignment, is_extern_c=false, is_builtin=true, is_user=false, is_stdlib_extern=false, is_special=false, is_stdlib_inline=false
call: name=__reflect_type_name, is_extern_c=false, is_builtin=true, is_user=false, is_stdlib_extern=false, is_special=false, is_stdlib_inline=false
call: name=__reflect_format, is_extern_c=false, is_builtin=true, is_user=false, is_stdlib_extern=false, is_special=false, is_stdlib_inline=false
call: name=__stdout_write_raw, is_extern_c=true, is_builtin=false, is_user=false, is_stdlib_extern=true, is_special=false, is_stdlib_inline=true
call: name=__stderr_write_raw, is_extern_c=true, is_builtin=false, is_user=false, is_stdlib_extern=true, is_special=false, is_stdlib_inline=true
call: name=__stdin_readln_into, is_extern_c=true, is_builtin=false, is_user=false, is_stdlib_extern=true, is_special=false, is_stdlib_inline=true
call: name=format, is_extern_c=false, is_builtin=false, is_user=false, is_stdlib_extern=false, is_special=false, is_stdlib_inline=false
call: name=__stdout_write, is_extern_c=false, is_builtin=false, is_user=false, is_stdlib_extern=false, is_special=false, is_stdlib_inline=false
call: name=format, is_extern_c=false, is_builtin=false, is_user=false, is_stdlib_extern=false, is_special=false, is_stdlib_inline=false
call: name=__stdout_write, is_extern_c=false, is_builtin=false, is_user=false, is_stdlib_extern=false, is_special=false, is_stdlib_inline=false
call: name=__stdout_write, is_extern_c=false, is_builtin=false, is_user=false, is_stdlib_extern=false, is_special=false, is_stdlib_inline=false
call: name=format, is_extern_c=false, is_builtin=false, is_user=false, is_stdlib_extern=false, is_special=false, is_stdlib_inline=false
call: name=__stderr_write, is_extern_c=false, is_builtin=false, is_user=false, is_stdlib_extern=false, is_special=false, is_stdlib_inline=false
call: name=format, is_extern_c=false, is_builtin=false, is_user=false, is_stdlib_extern=false, is_special=false, is_stdlib_inline=false
call: name=__stderr_write, is_extern_c=false, is_builtin=false, is_user=false, is_stdlib_extern=false, is_special=false, is_stdlib_inline=false
call: name=__stderr_write, is_extern_c=false, is_builtin=false, is_user=false, is_stdlib_extern=false, is_special=false, is_stdlib_inline=false
call: name=__stdin_readln, is_extern_c=false, is_builtin=false, is_user=false, is_stdlib_extern=false, is_special=false, is_stdlib_inline=false
call: name=__stdin_readln, is_extern_c=false, is_builtin=false, is_user=false, is_stdlib_extern=false, is_special=false, is_stdlib_inline=false
call: name=__str_array_join, is_extern_c=true, is_builtin=false, is_user=false, is_stdlib_extern=true, is_special=true, is_stdlib_inline=false
call: name=__str_array_join, is_extern_c=true, is_builtin=false, is_user=false, is_stdlib_extern=true, is_special=true, is_stdlib_inline=false
call: name=normalize_seps, is_extern_c=false, is_builtin=false, is_user=false, is_stdlib_extern=false, is_special=false, is_stdlib_inline=false
call: name=split_segments, is_extern_c=false, is_builtin=false, is_user=false, is_stdlib_extern=false, is_special=false, is_stdlib_inline=false
call: name=__file_open_raw, is_extern_c=true, is_builtin=false, is_user=false, is_stdlib_extern=true, is_special=false, is_stdlib_inline=true
call: name=__file_close_raw, is_extern_c=true, is_builtin=false, is_user=false, is_stdlib_extern=true, is_special=false, is_stdlib_inline=true
call: name=__file_seek_raw, is_extern_c=true, is_builtin=false, is_user=false, is_stdlib_extern=true, is_special=false, is_stdlib_inline=true
call: name=__file_remove_raw, is_extern_c=true, is_builtin=false, is_user=false, is_stdlib_extern=true, is_special=false, is_stdlib_inline=true
call: name=__file_rename_raw, is_extern_c=true, is_builtin=false, is_user=false, is_stdlib_extern=true, is_special=false, is_stdlib_inline=true
call: name=__file_chmod_raw, is_extern_c=true, is_builtin=false, is_user=false, is_stdlib_extern=true, is_special=false, is_stdlib_inline=true
call: name=u64, is_extern_c=false, is_builtin=false, is_user=false, is_stdlib_extern=false, is_special=false, is_stdlib_inline=false
call: name=u64, is_extern_c=false, is_builtin=false, is_user=false, is_stdlib_extern=false, is_special=false, is_stdlib_inline=false
call: name=u64, is_extern_c=false, is_builtin=false, is_user=false, is_stdlib_extern=false, is_special=false, is_stdlib_inline=false
call: name=u64, is_extern_c=false, is_builtin=false, is_user=false, is_stdlib_extern=false, is_special=false, is_stdlib_inline=false
call: name=u64, is_extern_c=false, is_builtin=false, is_user=false, is_stdlib_extern=false, is_special=false, is_stdlib_inline=false
call: name=u64, is_extern_c=false, is_builtin=false, is_user=false, is_stdlib_extern=false, is_special=false, is_stdlib_inline=false
call: name=u64, is_extern_c=false, is_builtin=false, is_user=false, is_stdlib_extern=false, is_special=false, is_stdlib_inline=false
call: name=u64, is_extern_c=false, is_builtin=false, is_user=false, is_stdlib_extern=false, is_special=false, is_stdlib_inline=false
call: name=__read_u64_le, is_extern_c=false, is_builtin=false, is_user=false, is_stdlib_extern=false, is_special=false, is_stdlib_inline=false
call: name=u32, is_extern_c=false, is_builtin=false, is_user=false, is_stdlib_extern=false, is_special=false, is_stdlib_inline=false
call: name=u32, is_extern_c=false, is_builtin=false, is_user=false, is_stdlib_extern=false, is_special=false, is_stdlib_inline=false
call: name=u32, is_extern_c=false, is_builtin=false, is_user=false, is_stdlib_extern=false, is_special=false, is_stdlib_inline=false
call: name=u32, is_extern_c=false, is_builtin=false, is_user=false, is_stdlib_extern=false, is_special=false, is_stdlib_inline=false
call: name=__file_stat_into, is_extern_c=true, is_builtin=false, is_user=false, is_stdlib_extern=true, is_special=false, is_stdlib_inline=true
call: name=__read_u64_le, is_extern_c=false, is_builtin=false, is_user=false, is_stdlib_extern=false, is_special=false, is_stdlib_inline=false
call: name=__read_u64_le, is_extern_c=false, is_builtin=false, is_user=false, is_stdlib_extern=false, is_special=false, is_stdlib_inline=false
call: name=__read_u64_le, is_extern_c=false, is_builtin=false, is_user=false, is_stdlib_extern=false, is_special=false, is_stdlib_inline=false
call: name=__read_i32_le, is_extern_c=false, is_builtin=false, is_user=false, is_stdlib_extern=false, is_special=false, is_stdlib_inline=false
call: name=__file_fstat_into, is_extern_c=true, is_builtin=false, is_user=false, is_stdlib_extern=true, is_special=false, is_stdlib_inline=true
call: name=__read_u64_le, is_extern_c=false, is_builtin=false, is_user=false, is_stdlib_extern=false, is_special=false, is_stdlib_inline=false
call: name=__read_u64_le, is_extern_c=false, is_builtin=false, is_user=false, is_stdlib_extern=false, is_special=false, is_stdlib_inline=false
call: name=__read_u64_le, is_extern_c=false, is_builtin=false, is_user=false, is_stdlib_extern=false, is_special=false, is_stdlib_inline=false
call: name=__read_i32_le, is_extern_c=false, is_builtin=false, is_user=false, is_stdlib_extern=false, is_special=false, is_stdlib_inline=false
call: name=__compute_flags, is_extern_c=false, is_builtin=false, is_user=false, is_stdlib_extern=false, is_special=false, is_stdlib_inline=false
call: name=__file_open, is_extern_c=false, is_builtin=false, is_user=false, is_stdlib_extern=false, is_special=false, is_stdlib_inline=false
call: name=__file_stat, is_extern_c=false, is_builtin=false, is_user=false, is_stdlib_extern=false, is_special=false, is_stdlib_inline=false
call: name=__file_remove, is_extern_c=false, is_builtin=false, is_user=false, is_stdlib_extern=false, is_special=false, is_stdlib_inline=false
call: name=__file_rename, is_extern_c=false, is_builtin=false, is_user=false, is_stdlib_extern=false, is_special=false, is_stdlib_inline=false
call: name=__file_chmod, is_extern_c=false, is_builtin=false, is_user=false, is_stdlib_extern=false, is_special=false, is_stdlib_inline=false
call: name=__dir_create_raw, is_extern_c=true, is_builtin=false, is_user=false, is_stdlib_extern=true, is_special=false, is_stdlib_inline=true
call: name=__dir_remove_raw, is_extern_c=true, is_builtin=false, is_user=false, is_stdlib_extern=true, is_special=false, is_stdlib_inline=true
call: name=__dir_list_into, is_extern_c=true, is_builtin=false, is_user=false, is_stdlib_extern=true, is_special=false, is_stdlib_inline=true
call: name=__kind_from_int, is_extern_c=false, is_builtin=false, is_user=false, is_stdlib_extern=false, is_special=false, is_stdlib_inline=false
call: name=__read_i32_le, is_extern_c=false, is_builtin=false, is_user=false, is_stdlib_extern=false, is_special=false, is_stdlib_inline=false
call: name=__read_i32_le, is_extern_c=false, is_builtin=false, is_user=false, is_stdlib_extern=false, is_special=false, is_stdlib_inline=false
call: name=__dir_list, is_extern_c=false, is_builtin=false, is_user=false, is_stdlib_extern=false, is_special=false, is_stdlib_inline=false
call: name=__dir_list, is_extern_c=false, is_builtin=false, is_user=false, is_stdlib_extern=false, is_special=false, is_stdlib_inline=false
call: name=__dir_create, is_extern_c=false, is_builtin=false, is_user=false, is_stdlib_extern=false, is_special=false, is_stdlib_inline=false
call: name=__dir_create, is_extern_c=false, is_builtin=false, is_user=false, is_stdlib_extern=false, is_special=false, is_stdlib_inline=false
call: name=__file_remove, is_extern_c=false, is_builtin=false, is_user=false, is_stdlib_extern=false, is_special=false, is_stdlib_inline=false
call: name=__dir_list, is_extern_c=false, is_builtin=false, is_user=false, is_stdlib_extern=false, is_special=false, is_stdlib_inline=false
call: name=walk, is_extern_c=false, is_builtin=false, is_user=false, is_stdlib_extern=false, is_special=false, is_stdlib_inline=false
call: name=read_file, is_extern_c=false, is_builtin=false, is_user=false, is_stdlib_extern=false, is_special=false, is_stdlib_inline=false
call: name=__instant_now_ns, is_extern_c=true, is_builtin=false, is_user=false, is_stdlib_extern=true, is_special=false, is_stdlib_inline=true
call: name=__instant_now_ns, is_extern_c=true, is_builtin=false, is_user=false, is_stdlib_extern=true, is_special=false, is_stdlib_inline=true
call: name=__localtime_offset_minutes, is_extern_c=true, is_builtin=false, is_user=false, is_stdlib_extern=true, is_special=false, is_stdlib_inline=true
call: name=to_utc_components, is_extern_c=false, is_builtin=false, is_user=false, is_stdlib_extern=false, is_special=false, is_stdlib_inline=false
call: name=components_to_ns_utc, is_extern_c=false, is_builtin=false, is_user=false, is_stdlib_extern=false, is_special=false, is_stdlib_inline=false
call: name=is_leap_year, is_extern_c=false, is_builtin=false, is_user=false, is_stdlib_extern=false, is_special=false, is_stdlib_inline=false
call: name=is_leap_year, is_extern_c=false, is_builtin=false, is_user=false, is_stdlib_extern=false, is_special=false, is_stdlib_inline=false
call: name=floor_div, is_extern_c=false, is_builtin=false, is_user=false, is_stdlib_extern=false, is_special=false, is_stdlib_inline=false
call: name=floor_div, is_extern_c=false, is_builtin=false, is_user=false, is_stdlib_extern=false, is_special=false, is_stdlib_inline=false
call: name=floor_div, is_extern_c=false, is_builtin=false, is_user=false, is_stdlib_extern=false, is_special=false, is_stdlib_inline=false
call: name=floor_div, is_extern_c=false, is_builtin=false, is_user=false, is_stdlib_extern=false, is_special=false, is_stdlib_inline=false
call: name=floor_div, is_extern_c=false, is_builtin=false, is_user=false, is_stdlib_extern=false, is_special=false, is_stdlib_inline=false
call: name=floor_div, is_extern_c=false, is_builtin=false, is_user=false, is_stdlib_extern=false, is_special=false, is_stdlib_inline=false
call: name=floor_div, is_extern_c=false, is_builtin=false, is_user=false, is_stdlib_extern=false, is_special=false, is_stdlib_inline=false
call: name=floor_div, is_extern_c=false, is_builtin=false, is_user=false, is_stdlib_extern=false, is_special=false, is_stdlib_inline=false
call: name=floor_div, is_extern_c=false, is_builtin=false, is_user=false, is_stdlib_extern=false, is_special=false, is_stdlib_inline=false
call: name=floor_div, is_extern_c=false, is_builtin=false, is_user=false, is_stdlib_extern=false, is_special=false, is_stdlib_inline=false
call: name=floor_div, is_extern_c=false, is_builtin=false, is_user=false, is_stdlib_extern=false, is_special=false, is_stdlib_inline=false
call: name=floor_div, is_extern_c=false, is_builtin=false, is_user=false, is_stdlib_extern=false, is_special=false, is_stdlib_inline=false
call: name=floor_div, is_extern_c=false, is_builtin=false, is_user=false, is_stdlib_extern=false, is_special=false, is_stdlib_inline=false
call: name=to_julian_day, is_extern_c=false, is_builtin=false, is_user=false, is_stdlib_extern=false, is_special=false, is_stdlib_inline=false
call: name=from_julian_day, is_extern_c=false, is_builtin=false, is_user=false, is_stdlib_extern=false, is_special=false, is_stdlib_inline=false
call: name=floor_mod, is_extern_c=false, is_builtin=false, is_user=false, is_stdlib_extern=false, is_special=false, is_stdlib_inline=false
call: name=to_julian_day, is_extern_c=false, is_builtin=false, is_user=false, is_stdlib_extern=false, is_special=false, is_stdlib_inline=false
call: name=floor_mod, is_extern_c=false, is_builtin=false, is_user=false, is_stdlib_extern=false, is_special=false, is_stdlib_inline=false
call: name=to_julian_day, is_extern_c=false, is_builtin=false, is_user=false, is_stdlib_extern=false, is_special=false, is_stdlib_inline=false
call: name=from_julian_day, is_extern_c=false, is_builtin=false, is_user=false, is_stdlib_extern=false, is_special=false, is_stdlib_inline=false
call: name=to_julian_day, is_extern_c=false, is_builtin=false, is_user=false, is_stdlib_extern=false, is_special=false, is_stdlib_inline=false
call: name=to_julian_day, is_extern_c=false, is_builtin=false, is_user=false, is_stdlib_extern=false, is_special=false, is_stdlib_inline=false
call: name=sleep, is_extern_c=false, is_builtin=false, is_user=false, is_stdlib_extern=false, is_special=false, is_stdlib_inline=false
call: name=ticker_loop, is_extern_c=false, is_builtin=false, is_user=false, is_stdlib_extern=false, is_special=false, is_stdlib_inline=false
call: name=sleep, is_extern_c=false, is_builtin=false, is_user=false, is_stdlib_extern=false, is_special=false, is_stdlib_inline=false
call: name=timeout_worker, is_extern_c=false, is_builtin=false, is_user=false, is_stdlib_extern=false, is_special=false, is_stdlib_inline=false
call: name=u32, is_extern_c=false, is_builtin=false, is_user=false, is_stdlib_extern=false, is_special=false, is_stdlib_inline=false
call: name=u32, is_extern_c=false, is_builtin=false, is_user=false, is_stdlib_extern=false, is_special=false, is_stdlib_inline=false
call: name=u32, is_extern_c=false, is_builtin=false, is_user=false, is_stdlib_extern=false, is_special=false, is_stdlib_inline=false
call: name=u32, is_extern_c=false, is_builtin=false, is_user=false, is_stdlib_extern=false, is_special=false, is_stdlib_inline=false
call: name=v4_from_octets, is_extern_c=false, is_builtin=false, is_user=false, is_stdlib_extern=false, is_special=false, is_stdlib_inline=false
call: name=u64, is_extern_c=false, is_builtin=false, is_user=false, is_stdlib_extern=false, is_special=false, is_stdlib_inline=false
call: name=u64, is_extern_c=false, is_builtin=false, is_user=false, is_stdlib_extern=false, is_special=false, is_stdlib_inline=false
call: name=u64, is_extern_c=false, is_builtin=false, is_user=false, is_stdlib_extern=false, is_special=false, is_stdlib_inline=false
call: name=u64, is_extern_c=false, is_builtin=false, is_user=false, is_stdlib_extern=false, is_special=false, is_stdlib_inline=false
call: name=u64, is_extern_c=false, is_builtin=false, is_user=false, is_stdlib_extern=false, is_special=false, is_stdlib_inline=false
call: name=u64, is_extern_c=false, is_builtin=false, is_user=false, is_stdlib_extern=false, is_special=false, is_stdlib_inline=false
call: name=u64, is_extern_c=false, is_builtin=false, is_user=false, is_stdlib_extern=false, is_special=false, is_stdlib_inline=false
call: name=u64, is_extern_c=false, is_builtin=false, is_user=false, is_stdlib_extern=false, is_special=false, is_stdlib_inline=false
call: name=u32, is_extern_c=false, is_builtin=false, is_user=false, is_stdlib_extern=false, is_special=false, is_stdlib_inline=false
call: name=u32, is_extern_c=false, is_builtin=false, is_user=false, is_stdlib_extern=false, is_special=false, is_stdlib_inline=false
call: name=u32, is_extern_c=false, is_builtin=false, is_user=false, is_stdlib_extern=false, is_special=false, is_stdlib_inline=false
call: name=u32, is_extern_c=false, is_builtin=false, is_user=false, is_stdlib_extern=false, is_special=false, is_stdlib_inline=false
call: name=u64, is_extern_c=false, is_builtin=false, is_user=false, is_stdlib_extern=false, is_special=false, is_stdlib_inline=false
call: name=u64, is_extern_c=false, is_builtin=false, is_user=false, is_stdlib_extern=false, is_special=false, is_stdlib_inline=false
call: name=u64, is_extern_c=false, is_builtin=false, is_user=false, is_stdlib_extern=false, is_special=false, is_stdlib_inline=false
call: name=u64, is_extern_c=false, is_builtin=false, is_user=false, is_stdlib_extern=false, is_special=false, is_stdlib_inline=false
call: name=u64, is_extern_c=false, is_builtin=false, is_user=false, is_stdlib_extern=false, is_special=false, is_stdlib_inline=false
call: name=u64, is_extern_c=false, is_builtin=false, is_user=false, is_stdlib_extern=false, is_special=false, is_stdlib_inline=false
call: name=u64, is_extern_c=false, is_builtin=false, is_user=false, is_stdlib_extern=false, is_special=false, is_stdlib_inline=false
call: name=u64, is_extern_c=false, is_builtin=false, is_user=false, is_stdlib_extern=false, is_special=false, is_stdlib_inline=false
call: name=__net_resolve_into, is_extern_c=true, is_builtin=false, is_user=false, is_stdlib_extern=true, is_special=false, is_stdlib_inline=true
call: name=__dns_read_u32_le, is_extern_c=false, is_builtin=false, is_user=false, is_stdlib_extern=false, is_special=false, is_stdlib_inline=false
call: name=__dns_read_u64_le, is_extern_c=false, is_builtin=false, is_user=false, is_stdlib_extern=false, is_special=false, is_stdlib_inline=false
call: name=__dns_read_u64_le, is_extern_c=false, is_builtin=false, is_user=false, is_stdlib_extern=false, is_special=false, is_stdlib_inline=false
call: name=__net_resolve, is_extern_c=false, is_builtin=false, is_user=false, is_stdlib_extern=false, is_special=false, is_stdlib_inline=false
call: name=__net_tcp_connect_v4, is_extern_c=true, is_builtin=false, is_user=false, is_stdlib_extern=true, is_special=false, is_stdlib_inline=true
call: name=__net_tcp_connect_v6, is_extern_c=true, is_builtin=false, is_user=false, is_stdlib_extern=true, is_special=false, is_stdlib_inline=true
call: name=__net_tcp_close_raw, is_extern_c=true, is_builtin=false, is_user=false, is_stdlib_extern=true, is_special=false, is_stdlib_inline=true
call: name=__net_tcp_connect, is_extern_c=false, is_builtin=false, is_user=false, is_stdlib_extern=false, is_special=false, is_stdlib_inline=false
call: name=__net_tcp_listen_v4, is_extern_c=true, is_builtin=false, is_user=false, is_stdlib_extern=true, is_special=false, is_stdlib_inline=true
call: name=__net_tcp_listen_v6, is_extern_c=true, is_builtin=false, is_user=false, is_stdlib_extern=true, is_special=false, is_stdlib_inline=true
call: name=__net_tcp_listen, is_extern_c=false, is_builtin=false, is_user=false, is_stdlib_extern=false, is_special=false, is_stdlib_inline=false
call: name=__net_udp_bind_v4, is_extern_c=true, is_builtin=false, is_user=false, is_stdlib_extern=true, is_special=false, is_stdlib_inline=true
call: name=__net_udp_bind_v6, is_extern_c=true, is_builtin=false, is_user=false, is_stdlib_extern=true, is_special=false, is_stdlib_inline=true
call: name=__net_udp_send_to_v4, is_extern_c=true, is_builtin=false, is_user=false, is_stdlib_extern=true, is_special=false, is_stdlib_inline=true
call: name=__net_udp_send_to_v6, is_extern_c=true, is_builtin=false, is_user=false, is_stdlib_extern=true, is_special=false, is_stdlib_inline=true
call: name=__net_tcp_listen, is_extern_c=false, is_builtin=false, is_user=false, is_stdlib_extern=false, is_special=false, is_stdlib_inline=false
call: name=type_name, is_extern_c=false, is_builtin=false, is_user=false, is_stdlib_extern=false, is_special=false, is_stdlib_inline=false
call: name=type_name, is_extern_c=false, is_builtin=false, is_user=false, is_stdlib_extern=false, is_special=false, is_stdlib_inline=false
call: name=type_name, is_extern_c=false, is_builtin=false, is_user=false, is_stdlib_extern=false, is_special=false, is_stdlib_inline=false
call: name=type_name, is_extern_c=false, is_builtin=false, is_user=false, is_stdlib_extern=false, is_special=false, is_stdlib_inline=false
call: name=type_name, is_extern_c=false, is_builtin=false, is_user=false, is_stdlib_extern=false, is_special=false, is_stdlib_inline=false
call: name=isnormal_f64_impl, is_extern_c=false, is_builtin=false, is_user=false, is_stdlib_extern=false, is_special=false, is_stdlib_inline=false
call: name=isnormal_f32_impl, is_extern_c=false, is_builtin=false, is_user=false, is_stdlib_extern=false, is_special=false, is_stdlib_inline=false
call: name=isnormal_f16_impl, is_extern_c=false, is_builtin=false, is_user=false, is_stdlib_extern=false, is_special=false, is_stdlib_inline=false
call: name=isnormal_f128_impl, is_extern_c=false, is_builtin=false, is_user=false, is_stdlib_extern=false, is_special=false, is_stdlib_inline=false
call: name=type_name, is_extern_c=false, is_builtin=false, is_user=false, is_stdlib_extern=false, is_special=false, is_stdlib_inline=false
call: name=type_name, is_extern_c=false, is_builtin=false, is_user=false, is_stdlib_extern=false, is_special=false, is_stdlib_inline=false
call: name=count_ones_8_impl, is_extern_c=false, is_builtin=false, is_user=false, is_stdlib_extern=false, is_special=false, is_stdlib_inline=false
call: name=count_ones_8_impl, is_extern_c=false, is_builtin=false, is_user=false, is_stdlib_extern=false, is_special=false, is_stdlib_inline=false
call: name=count_ones_16_impl, is_extern_c=false, is_builtin=false, is_user=false, is_stdlib_extern=false, is_special=false, is_stdlib_inline=false
call: name=count_ones_16_impl, is_extern_c=false, is_builtin=false, is_user=false, is_stdlib_extern=false, is_special=false, is_stdlib_inline=false
call: name=count_ones_32_impl, is_extern_c=false, is_builtin=false, is_user=false, is_stdlib_extern=false, is_special=false, is_stdlib_inline=false
call: name=count_ones_32_impl, is_extern_c=false, is_builtin=false, is_user=false, is_stdlib_extern=false, is_special=false, is_stdlib_inline=false
call: name=count_ones_64_impl, is_extern_c=false, is_builtin=false, is_user=false, is_stdlib_extern=false, is_special=false, is_stdlib_inline=false
call: name=count_ones_64_impl, is_extern_c=false, is_builtin=false, is_user=false, is_stdlib_extern=false, is_special=false, is_stdlib_inline=false
call: name=count_ones_128_impl, is_extern_c=false, is_builtin=false, is_user=false, is_stdlib_extern=false, is_special=false, is_stdlib_inline=false
call: name=count_ones_128_impl, is_extern_c=false, is_builtin=false, is_user=false, is_stdlib_extern=false, is_special=false, is_stdlib_inline=false
call: name=count_ones_64_impl, is_extern_c=false, is_builtin=false, is_user=false, is_stdlib_extern=false, is_special=false, is_stdlib_inline=false
call: name=count_ones_64_impl, is_extern_c=false, is_builtin=false, is_user=false, is_stdlib_extern=false, is_special=false, is_stdlib_inline=false
call: name=type_name, is_extern_c=false, is_builtin=false, is_user=false, is_stdlib_extern=false, is_special=false, is_stdlib_inline=false
call: name=leading_zeros_8_impl, is_extern_c=false, is_builtin=false, is_user=false, is_stdlib_extern=false, is_special=false, is_stdlib_inline=false
call: name=leading_zeros_8_impl, is_extern_c=false, is_builtin=false, is_user=false, is_stdlib_extern=false, is_special=false, is_stdlib_inline=false
call: name=leading_zeros_16_impl, is_extern_c=false, is_builtin=false, is_user=false, is_stdlib_extern=false, is_special=false, is_stdlib_inline=false
call: name=leading_zeros_16_impl, is_extern_c=false, is_builtin=false, is_user=false, is_stdlib_extern=false, is_special=false, is_stdlib_inline=false
call: name=leading_zeros_32_impl, is_extern_c=false, is_builtin=false, is_user=false, is_stdlib_extern=false, is_special=false, is_stdlib_inline=false
call: name=leading_zeros_32_impl, is_extern_c=false, is_builtin=false, is_user=false, is_stdlib_extern=false, is_special=false, is_stdlib_inline=false
call: name=leading_zeros_64_impl, is_extern_c=false, is_builtin=false, is_user=false, is_stdlib_extern=false, is_special=false, is_stdlib_inline=false
call: name=leading_zeros_64_impl, is_extern_c=false, is_builtin=false, is_user=false, is_stdlib_extern=false, is_special=false, is_stdlib_inline=false
call: name=leading_zeros_128_impl, is_extern_c=false, is_builtin=false, is_user=false, is_stdlib_extern=false, is_special=false, is_stdlib_inline=false
call: name=leading_zeros_128_impl, is_extern_c=false, is_builtin=false, is_user=false, is_stdlib_extern=false, is_special=false, is_stdlib_inline=false
call: name=leading_zeros_64_impl, is_extern_c=false, is_builtin=false, is_user=false, is_stdlib_extern=false, is_special=false, is_stdlib_inline=false
call: name=leading_zeros_64_impl, is_extern_c=false, is_builtin=false, is_user=false, is_stdlib_extern=false, is_special=false, is_stdlib_inline=false
call: name=type_name, is_extern_c=false, is_builtin=false, is_user=false, is_stdlib_extern=false, is_special=false, is_stdlib_inline=false
call: name=trailing_zeros_8_impl, is_extern_c=false, is_builtin=false, is_user=false, is_stdlib_extern=false, is_special=false, is_stdlib_inline=false
call: name=trailing_zeros_8_impl, is_extern_c=false, is_builtin=false, is_user=false, is_stdlib_extern=false, is_special=false, is_stdlib_inline=false
call: name=trailing_zeros_16_impl, is_extern_c=false, is_builtin=false, is_user=false, is_stdlib_extern=false, is_special=false, is_stdlib_inline=false
call: name=trailing_zeros_16_impl, is_extern_c=false, is_builtin=false, is_user=false, is_stdlib_extern=false, is_special=false, is_stdlib_inline=false
call: name=trailing_zeros_32_impl, is_extern_c=false, is_builtin=false, is_user=false, is_stdlib_extern=false, is_special=false, is_stdlib_inline=false
call: name=trailing_zeros_32_impl, is_extern_c=false, is_builtin=false, is_user=false, is_stdlib_extern=false, is_special=false, is_stdlib_inline=false
call: name=trailing_zeros_64_impl, is_extern_c=false, is_builtin=false, is_user=false, is_stdlib_extern=false, is_special=false, is_stdlib_inline=false
call: name=trailing_zeros_64_impl, is_extern_c=false, is_builtin=false, is_user=false, is_stdlib_extern=false, is_special=false, is_stdlib_inline=false
call: name=trailing_zeros_128_impl, is_extern_c=false, is_builtin=false, is_user=false, is_stdlib_extern=false, is_special=false, is_stdlib_inline=false
call: name=trailing_zeros_128_impl, is_extern_c=false, is_builtin=false, is_user=false, is_stdlib_extern=false, is_special=false, is_stdlib_inline=false
call: name=trailing_zeros_64_impl, is_extern_c=false, is_builtin=false, is_user=false, is_stdlib_extern=false, is_special=false, is_stdlib_inline=false
call: name=trailing_zeros_64_impl, is_extern_c=false, is_builtin=false, is_user=false, is_stdlib_extern=false, is_special=false, is_stdlib_inline=false
call: name=type_name, is_extern_c=false, is_builtin=false, is_user=false, is_stdlib_extern=false, is_special=false, is_stdlib_inline=false
call: name=next_pow2_8_impl, is_extern_c=false, is_builtin=false, is_user=false, is_stdlib_extern=false, is_special=false, is_stdlib_inline=false
call: name=next_pow2_8_impl, is_extern_c=false, is_builtin=false, is_user=false, is_stdlib_extern=false, is_special=false, is_stdlib_inline=false
call: name=next_pow2_16_impl, is_extern_c=false, is_builtin=false, is_user=false, is_stdlib_extern=false, is_special=false, is_stdlib_inline=false
call: name=next_pow2_16_impl, is_extern_c=false, is_builtin=false, is_user=false, is_stdlib_extern=false, is_special=false, is_stdlib_inline=false
call: name=next_pow2_32_impl, is_extern_c=false, is_builtin=false, is_user=false, is_stdlib_extern=false, is_special=false, is_stdlib_inline=false
call: name=next_pow2_32_impl, is_extern_c=false, is_builtin=false, is_user=false, is_stdlib_extern=false, is_special=false, is_stdlib_inline=false
call: name=next_pow2_64_impl, is_extern_c=false, is_builtin=false, is_user=false, is_stdlib_extern=false, is_special=false, is_stdlib_inline=false
call: name=next_pow2_64_impl, is_extern_c=false, is_builtin=false, is_user=false, is_stdlib_extern=false, is_special=false, is_stdlib_inline=false
call: name=next_pow2_128_impl, is_extern_c=false, is_builtin=false, is_user=false, is_stdlib_extern=false, is_special=false, is_stdlib_inline=false
call: name=next_pow2_128_impl, is_extern_c=false, is_builtin=false, is_user=false, is_stdlib_extern=false, is_special=false, is_stdlib_inline=false
call: name=next_pow2_64_impl, is_extern_c=false, is_builtin=false, is_user=false, is_stdlib_extern=false, is_special=false, is_stdlib_inline=false
call: name=next_pow2_64_impl, is_extern_c=false, is_builtin=false, is_user=false, is_stdlib_extern=false, is_special=false, is_stdlib_inline=false
call: name=type_name, is_extern_c=false, is_builtin=false, is_user=false, is_stdlib_extern=false, is_special=false, is_stdlib_inline=false
call: name=type_name, is_extern_c=false, is_builtin=false, is_user=false, is_stdlib_extern=false, is_special=false, is_stdlib_inline=false
call: name=ldexp_f64_impl, is_extern_c=false, is_builtin=false, is_user=false, is_stdlib_extern=false, is_special=false, is_stdlib_inline=false
call: name=ldexp_f32_impl, is_extern_c=false, is_builtin=false, is_user=false, is_stdlib_extern=false, is_special=false, is_stdlib_inline=false
call: name=ldexp_f16_impl, is_extern_c=false, is_builtin=false, is_user=false, is_stdlib_extern=false, is_special=false, is_stdlib_inline=false
call: name=ldexp_f128_impl, is_extern_c=false, is_builtin=false, is_user=false, is_stdlib_extern=false, is_special=false, is_stdlib_inline=false
call: name=type_name, is_extern_c=false, is_builtin=false, is_user=false, is_stdlib_extern=false, is_special=false, is_stdlib_inline=false
call: name=sqrt_f64_impl, is_extern_c=false, is_builtin=false, is_user=false, is_stdlib_extern=false, is_special=false, is_stdlib_inline=false
call: name=sqrt_f32_impl, is_extern_c=false, is_builtin=false, is_user=false, is_stdlib_extern=false, is_special=false, is_stdlib_inline=false
call: name=sqrt_f16_impl, is_extern_c=false, is_builtin=false, is_user=false, is_stdlib_extern=false, is_special=false, is_stdlib_inline=false
call: name=sqrt_f128_impl, is_extern_c=false, is_builtin=false, is_user=false, is_stdlib_extern=false, is_special=false, is_stdlib_inline=false
call: name=ldexp_f64_impl, is_extern_c=false, is_builtin=false, is_user=false, is_stdlib_extern=false, is_special=false, is_stdlib_inline=false
call: name=ldexp_f32_impl, is_extern_c=false, is_builtin=false, is_user=false, is_stdlib_extern=false, is_special=false, is_stdlib_inline=false
call: name=ldexp_f16_impl, is_extern_c=false, is_builtin=false, is_user=false, is_stdlib_extern=false, is_special=false, is_stdlib_inline=false
call: name=ldexp_f128_impl, is_extern_c=false, is_builtin=false, is_user=false, is_stdlib_extern=false, is_special=false, is_stdlib_inline=false
call: name=type_name, is_extern_c=false, is_builtin=false, is_user=false, is_stdlib_extern=false, is_special=false, is_stdlib_inline=false
call: name=cbrt_f64_impl, is_extern_c=false, is_builtin=false, is_user=false, is_stdlib_extern=false, is_special=false, is_stdlib_inline=false
call: name=cbrt_f32_impl, is_extern_c=false, is_builtin=false, is_user=false, is_stdlib_extern=false, is_special=false, is_stdlib_inline=false
call: name=cbrt_f16_impl, is_extern_c=false, is_builtin=false, is_user=false, is_stdlib_extern=false, is_special=false, is_stdlib_inline=false
call: name=cbrt_f128_impl, is_extern_c=false, is_builtin=false, is_user=false, is_stdlib_extern=false, is_special=false, is_stdlib_inline=false
call: name=floor_f64_impl, is_extern_c=false, is_builtin=false, is_user=false, is_stdlib_extern=false, is_special=false, is_stdlib_inline=false
call: name=ldexp_f64_impl, is_extern_c=false, is_builtin=false, is_user=false, is_stdlib_extern=false, is_special=false, is_stdlib_inline=false
call: name=floor_f32_impl, is_extern_c=false, is_builtin=false, is_user=false, is_stdlib_extern=false, is_special=false, is_stdlib_inline=false
call: name=ldexp_f32_impl, is_extern_c=false, is_builtin=false, is_user=false, is_stdlib_extern=false, is_special=false, is_stdlib_inline=false
call: name=floor_f16_impl, is_extern_c=false, is_builtin=false, is_user=false, is_stdlib_extern=false, is_special=false, is_stdlib_inline=false
call: name=ldexp_f16_impl, is_extern_c=false, is_builtin=false, is_user=false, is_stdlib_extern=false, is_special=false, is_stdlib_inline=false
call: name=floor_f128_impl, is_extern_c=false, is_builtin=false, is_user=false, is_stdlib_extern=false, is_special=false, is_stdlib_inline=false
call: name=ldexp_f128_impl, is_extern_c=false, is_builtin=false, is_user=false, is_stdlib_extern=false, is_special=false, is_stdlib_inline=false
call: name=type_name, is_extern_c=false, is_builtin=false, is_user=false, is_stdlib_extern=false, is_special=false, is_stdlib_inline=false
call: name=exp_f64_impl, is_extern_c=false, is_builtin=false, is_user=false, is_stdlib_extern=false, is_special=false, is_stdlib_inline=false
call: name=exp_f32_impl, is_extern_c=false, is_builtin=false, is_user=false, is_stdlib_extern=false, is_special=false, is_stdlib_inline=false
call: name=exp_f16_impl, is_extern_c=false, is_builtin=false, is_user=false, is_stdlib_extern=false, is_special=false, is_stdlib_inline=false
call: name=exp_f128_impl, is_extern_c=false, is_builtin=false, is_user=false, is_stdlib_extern=false, is_special=false, is_stdlib_inline=false
call: name=type_name, is_extern_c=false, is_builtin=false, is_user=false, is_stdlib_extern=false, is_special=false, is_stdlib_inline=false
call: name=log_f64_impl, is_extern_c=false, is_builtin=false, is_user=false, is_stdlib_extern=false, is_special=false, is_stdlib_inline=false
call: name=log_f32_impl, is_extern_c=false, is_builtin=false, is_user=false, is_stdlib_extern=false, is_special=false, is_stdlib_inline=false
call: name=log_f16_impl, is_extern_c=false, is_builtin=false, is_user=false, is_stdlib_extern=false, is_special=false, is_stdlib_inline=false
call: name=log_f128_impl, is_extern_c=false, is_builtin=false, is_user=false, is_stdlib_extern=false, is_special=false, is_stdlib_inline=false
call: name=exp_f64_impl, is_extern_c=false, is_builtin=false, is_user=false, is_stdlib_extern=false, is_special=false, is_stdlib_inline=false
call: name=log_f64_impl, is_extern_c=false, is_builtin=false, is_user=false, is_stdlib_extern=false, is_special=false, is_stdlib_inline=false
call: name=exp_f32_impl, is_extern_c=false, is_builtin=false, is_user=false, is_stdlib_extern=false, is_special=false, is_stdlib_inline=false
call: name=log_f32_impl, is_extern_c=false, is_builtin=false, is_user=false, is_stdlib_extern=false, is_special=false, is_stdlib_inline=false
call: name=exp_f16_impl, is_extern_c=false, is_builtin=false, is_user=false, is_stdlib_extern=false, is_special=false, is_stdlib_inline=false
call: name=log_f16_impl, is_extern_c=false, is_builtin=false, is_user=false, is_stdlib_extern=false, is_special=false, is_stdlib_inline=false
call: name=exp_f128_impl, is_extern_c=false, is_builtin=false, is_user=false, is_stdlib_extern=false, is_special=false, is_stdlib_inline=false
call: name=log_f128_impl, is_extern_c=false, is_builtin=false, is_user=false, is_stdlib_extern=false, is_special=false, is_stdlib_inline=false
call: name=type_name, is_extern_c=false, is_builtin=false, is_user=false, is_stdlib_extern=false, is_special=false, is_stdlib_inline=false
call: name=pow_f64_impl, is_extern_c=false, is_builtin=false, is_user=false, is_stdlib_extern=false, is_special=false, is_stdlib_inline=false
call: name=pow_f32_impl, is_extern_c=false, is_builtin=false, is_user=false, is_stdlib_extern=false, is_special=false, is_stdlib_inline=false
call: name=pow_f16_impl, is_extern_c=false, is_builtin=false, is_user=false, is_stdlib_extern=false, is_special=false, is_stdlib_inline=false
call: name=pow_f128_impl, is_extern_c=false, is_builtin=false, is_user=false, is_stdlib_extern=false, is_special=false, is_stdlib_inline=false
call: name=exp_f64_impl, is_extern_c=false, is_builtin=false, is_user=false, is_stdlib_extern=false, is_special=false, is_stdlib_inline=false
call: name=exp_f32_impl, is_extern_c=false, is_builtin=false, is_user=false, is_stdlib_extern=false, is_special=false, is_stdlib_inline=false
call: name=exp_f16_impl, is_extern_c=false, is_builtin=false, is_user=false, is_stdlib_extern=false, is_special=false, is_stdlib_inline=false
call: name=exp_f128_impl, is_extern_c=false, is_builtin=false, is_user=false, is_stdlib_extern=false, is_special=false, is_stdlib_inline=false
call: name=type_name, is_extern_c=false, is_builtin=false, is_user=false, is_stdlib_extern=false, is_special=false, is_stdlib_inline=false
call: name=exp_f64_impl, is_extern_c=false, is_builtin=false, is_user=false, is_stdlib_extern=false, is_special=false, is_stdlib_inline=false
call: name=exp_f32_impl, is_extern_c=false, is_builtin=false, is_user=false, is_stdlib_extern=false, is_special=false, is_stdlib_inline=false
call: name=exp_f16_impl, is_extern_c=false, is_builtin=false, is_user=false, is_stdlib_extern=false, is_special=false, is_stdlib_inline=false
call: name=exp_f128_impl, is_extern_c=false, is_builtin=false, is_user=false, is_stdlib_extern=false, is_special=false, is_stdlib_inline=false
call: name=exp_f64_impl, is_extern_c=false, is_builtin=false, is_user=false, is_stdlib_extern=false, is_special=false, is_stdlib_inline=false
call: name=exp_f32_impl, is_extern_c=false, is_builtin=false, is_user=false, is_stdlib_extern=false, is_special=false, is_stdlib_inline=false
call: name=exp_f16_impl, is_extern_c=false, is_builtin=false, is_user=false, is_stdlib_extern=false, is_special=false, is_stdlib_inline=false
call: name=exp_f128_impl, is_extern_c=false, is_builtin=false, is_user=false, is_stdlib_extern=false, is_special=false, is_stdlib_inline=false
call: name=type_name, is_extern_c=false, is_builtin=false, is_user=false, is_stdlib_extern=false, is_special=false, is_stdlib_inline=false
call: name=exp_f64_impl, is_extern_c=false, is_builtin=false, is_user=false, is_stdlib_extern=false, is_special=false, is_stdlib_inline=false
call: name=exp_f32_impl, is_extern_c=false, is_builtin=false, is_user=false, is_stdlib_extern=false, is_special=false, is_stdlib_inline=false
call: name=exp_f16_impl, is_extern_c=false, is_builtin=false, is_user=false, is_stdlib_extern=false, is_special=false, is_stdlib_inline=false
call: name=exp_f128_impl, is_extern_c=false, is_builtin=false, is_user=false, is_stdlib_extern=false, is_special=false, is_stdlib_inline=false
call: name=log_f64_impl, is_extern_c=false, is_builtin=false, is_user=false, is_stdlib_extern=false, is_special=false, is_stdlib_inline=false
call: name=log_f32_impl, is_extern_c=false, is_builtin=false, is_user=false, is_stdlib_extern=false, is_special=false, is_stdlib_inline=false
call: name=log_f16_impl, is_extern_c=false, is_builtin=false, is_user=false, is_stdlib_extern=false, is_special=false, is_stdlib_inline=false
call: name=log_f128_impl, is_extern_c=false, is_builtin=false, is_user=false, is_stdlib_extern=false, is_special=false, is_stdlib_inline=false
call: name=type_name, is_extern_c=false, is_builtin=false, is_user=false, is_stdlib_extern=false, is_special=false, is_stdlib_inline=false
call: name=log_f64_impl, is_extern_c=false, is_builtin=false, is_user=false, is_stdlib_extern=false, is_special=false, is_stdlib_inline=false
call: name=log_f32_impl, is_extern_c=false, is_builtin=false, is_user=false, is_stdlib_extern=false, is_special=false, is_stdlib_inline=false
call: name=log_f16_impl, is_extern_c=false, is_builtin=false, is_user=false, is_stdlib_extern=false, is_special=false, is_stdlib_inline=false
call: name=log_f128_impl, is_extern_c=false, is_builtin=false, is_user=false, is_stdlib_extern=false, is_special=false, is_stdlib_inline=false
call: name=log_f64_impl, is_extern_c=false, is_builtin=false, is_user=false, is_stdlib_extern=false, is_special=false, is_stdlib_inline=false
call: name=log_f32_impl, is_extern_c=false, is_builtin=false, is_user=false, is_stdlib_extern=false, is_special=false, is_stdlib_inline=false
call: name=log_f16_impl, is_extern_c=false, is_builtin=false, is_user=false, is_stdlib_extern=false, is_special=false, is_stdlib_inline=false
call: name=log_f128_impl, is_extern_c=false, is_builtin=false, is_user=false, is_stdlib_extern=false, is_special=false, is_stdlib_inline=false
call: name=type_name, is_extern_c=false, is_builtin=false, is_user=false, is_stdlib_extern=false, is_special=false, is_stdlib_inline=false
call: name=log_f64_impl, is_extern_c=false, is_builtin=false, is_user=false, is_stdlib_extern=false, is_special=false, is_stdlib_inline=false
call: name=log_f32_impl, is_extern_c=false, is_builtin=false, is_user=false, is_stdlib_extern=false, is_special=false, is_stdlib_inline=false
call: name=log_f16_impl, is_extern_c=false, is_builtin=false, is_user=false, is_stdlib_extern=false, is_special=false, is_stdlib_inline=false
call: name=log_f128_impl, is_extern_c=false, is_builtin=false, is_user=false, is_stdlib_extern=false, is_special=false, is_stdlib_inline=false
call: name=type_name, is_extern_c=false, is_builtin=false, is_user=false, is_stdlib_extern=false, is_special=false, is_stdlib_inline=false
call: name=gcd_i8_impl, is_extern_c=false, is_builtin=false, is_user=false, is_stdlib_extern=false, is_special=false, is_stdlib_inline=false
call: name=gcd_i16_impl, is_extern_c=false, is_builtin=false, is_user=false, is_stdlib_extern=false, is_special=false, is_stdlib_inline=false
call: name=gcd_i32_impl, is_extern_c=false, is_builtin=false, is_user=false, is_stdlib_extern=false, is_special=false, is_stdlib_inline=false
call: name=gcd_i64_impl, is_extern_c=false, is_builtin=false, is_user=false, is_stdlib_extern=false, is_special=false, is_stdlib_inline=false
call: name=gcd_i128_impl, is_extern_c=false, is_builtin=false, is_user=false, is_stdlib_extern=false, is_special=false, is_stdlib_inline=false
call: name=gcd_isize_impl, is_extern_c=false, is_builtin=false, is_user=false, is_stdlib_extern=false, is_special=false, is_stdlib_inline=false
call: name=gcd_u8_impl, is_extern_c=false, is_builtin=false, is_user=false, is_stdlib_extern=false, is_special=false, is_stdlib_inline=false
call: name=gcd_u16_impl, is_extern_c=false, is_builtin=false, is_user=false, is_stdlib_extern=false, is_special=false, is_stdlib_inline=false
call: name=gcd_u32_impl, is_extern_c=false, is_builtin=false, is_user=false, is_stdlib_extern=false, is_special=false, is_stdlib_inline=false
call: name=gcd_u64_impl, is_extern_c=false, is_builtin=false, is_user=false, is_stdlib_extern=false, is_special=false, is_stdlib_inline=false
call: name=gcd_u128_impl, is_extern_c=false, is_builtin=false, is_user=false, is_stdlib_extern=false, is_special=false, is_stdlib_inline=false
call: name=gcd_usize_impl, is_extern_c=false, is_builtin=false, is_user=false, is_stdlib_extern=false, is_special=false, is_stdlib_inline=false
call: name=gcd_i32_impl, is_extern_c=false, is_builtin=false, is_user=false, is_stdlib_extern=false, is_special=false, is_stdlib_inline=false
call: name=gcd_i64_impl, is_extern_c=false, is_builtin=false, is_user=false, is_stdlib_extern=false, is_special=false, is_stdlib_inline=false
call: name=gcd_i128_impl, is_extern_c=false, is_builtin=false, is_user=false, is_stdlib_extern=false, is_special=false, is_stdlib_inline=false
call: name=gcd_u32_impl, is_extern_c=false, is_builtin=false, is_user=false, is_stdlib_extern=false, is_special=false, is_stdlib_inline=false
call: name=gcd_u64_impl, is_extern_c=false, is_builtin=false, is_user=false, is_stdlib_extern=false, is_special=false, is_stdlib_inline=false
call: name=gcd_i8_impl, is_extern_c=false, is_builtin=false, is_user=false, is_stdlib_extern=false, is_special=false, is_stdlib_inline=false
call: name=gcd_i16_impl, is_extern_c=false, is_builtin=false, is_user=false, is_stdlib_extern=false, is_special=false, is_stdlib_inline=false
call: name=gcd_isize_impl, is_extern_c=false, is_builtin=false, is_user=false, is_stdlib_extern=false, is_special=false, is_stdlib_inline=false
call: name=gcd_u8_impl, is_extern_c=false, is_builtin=false, is_user=false, is_stdlib_extern=false, is_special=false, is_stdlib_inline=false
call: name=gcd_u16_impl, is_extern_c=false, is_builtin=false, is_user=false, is_stdlib_extern=false, is_special=false, is_stdlib_inline=false
call: name=gcd_u128_impl, is_extern_c=false, is_builtin=false, is_user=false, is_stdlib_extern=false, is_special=false, is_stdlib_inline=false
call: name=gcd_usize_impl, is_extern_c=false, is_builtin=false, is_user=false, is_stdlib_extern=false, is_special=false, is_stdlib_inline=false
call: name=type_name, is_extern_c=false, is_builtin=false, is_user=false, is_stdlib_extern=false, is_special=false, is_stdlib_inline=false
call: name=lcm_i8_impl, is_extern_c=false, is_builtin=false, is_user=false, is_stdlib_extern=false, is_special=false, is_stdlib_inline=false
call: name=lcm_i16_impl, is_extern_c=false, is_builtin=false, is_user=false, is_stdlib_extern=false, is_special=false, is_stdlib_inline=false
call: name=lcm_i32_impl, is_extern_c=false, is_builtin=false, is_user=false, is_stdlib_extern=false, is_special=false, is_stdlib_inline=false
call: name=lcm_i64_impl, is_extern_c=false, is_builtin=false, is_user=false, is_stdlib_extern=false, is_special=false, is_stdlib_inline=false
call: name=lcm_i128_impl, is_extern_c=false, is_builtin=false, is_user=false, is_stdlib_extern=false, is_special=false, is_stdlib_inline=false
call: name=lcm_isize_impl, is_extern_c=false, is_builtin=false, is_user=false, is_stdlib_extern=false, is_special=false, is_stdlib_inline=false
call: name=lcm_u8_impl, is_extern_c=false, is_builtin=false, is_user=false, is_stdlib_extern=false, is_special=false, is_stdlib_inline=false
call: name=lcm_u16_impl, is_extern_c=false, is_builtin=false, is_user=false, is_stdlib_extern=false, is_special=false, is_stdlib_inline=false
call: name=lcm_u32_impl, is_extern_c=false, is_builtin=false, is_user=false, is_stdlib_extern=false, is_special=false, is_stdlib_inline=false
call: name=lcm_u64_impl, is_extern_c=false, is_builtin=false, is_user=false, is_stdlib_extern=false, is_special=false, is_stdlib_inline=false
call: name=lcm_u128_impl, is_extern_c=false, is_builtin=false, is_user=false, is_stdlib_extern=false, is_special=false, is_stdlib_inline=false
call: name=lcm_usize_impl, is_extern_c=false, is_builtin=false, is_user=false, is_stdlib_extern=false, is_special=false, is_stdlib_inline=false
call: name=type_name, is_extern_c=false, is_builtin=false, is_user=false, is_stdlib_extern=false, is_special=false, is_stdlib_inline=false
call: name=div_floor_i8_impl, is_extern_c=false, is_builtin=false, is_user=false, is_stdlib_extern=false, is_special=false, is_stdlib_inline=false
call: name=div_floor_i16_impl, is_extern_c=false, is_builtin=false, is_user=false, is_stdlib_extern=false, is_special=false, is_stdlib_inline=false
call: name=div_floor_i32_impl, is_extern_c=false, is_builtin=false, is_user=false, is_stdlib_extern=false, is_special=false, is_stdlib_inline=false
call: name=div_floor_i64_impl, is_extern_c=false, is_builtin=false, is_user=false, is_stdlib_extern=false, is_special=false, is_stdlib_inline=false
call: name=div_floor_i128_impl, is_extern_c=false, is_builtin=false, is_user=false, is_stdlib_extern=false, is_special=false, is_stdlib_inline=false
call: name=div_floor_isize_impl, is_extern_c=false, is_builtin=false, is_user=false, is_stdlib_extern=false, is_special=false, is_stdlib_inline=false
call: name=type_name, is_extern_c=false, is_builtin=false, is_user=false, is_stdlib_extern=false, is_special=false, is_stdlib_inline=false
call: name=div_ceil_i8_impl, is_extern_c=false, is_builtin=false, is_user=false, is_stdlib_extern=false, is_special=false, is_stdlib_inline=false
call: name=div_ceil_i16_impl, is_extern_c=false, is_builtin=false, is_user=false, is_stdlib_extern=false, is_special=false, is_stdlib_inline=false
call: name=div_ceil_i32_impl, is_extern_c=false, is_builtin=false, is_user=false, is_stdlib_extern=false, is_special=false, is_stdlib_inline=false
call: name=div_ceil_i64_impl, is_extern_c=false, is_builtin=false, is_user=false, is_stdlib_extern=false, is_special=false, is_stdlib_inline=false
call: name=div_ceil_i128_impl, is_extern_c=false, is_builtin=false, is_user=false, is_stdlib_extern=false, is_special=false, is_stdlib_inline=false
call: name=div_ceil_isize_impl, is_extern_c=false, is_builtin=false, is_user=false, is_stdlib_extern=false, is_special=false, is_stdlib_inline=false
call: name=div_ceil_u8_impl, is_extern_c=false, is_builtin=false, is_user=false, is_stdlib_extern=false, is_special=false, is_stdlib_inline=false
call: name=div_ceil_u16_impl, is_extern_c=false, is_builtin=false, is_user=false, is_stdlib_extern=false, is_special=false, is_stdlib_inline=false
call: name=div_ceil_u32_impl, is_extern_c=false, is_builtin=false, is_user=false, is_stdlib_extern=false, is_special=false, is_stdlib_inline=false
call: name=div_ceil_u64_impl, is_extern_c=false, is_builtin=false, is_user=false, is_stdlib_extern=false, is_special=false, is_stdlib_inline=false
call: name=div_ceil_u128_impl, is_extern_c=false, is_builtin=false, is_user=false, is_stdlib_extern=false, is_special=false, is_stdlib_inline=false
call: name=div_ceil_usize_impl, is_extern_c=false, is_builtin=false, is_user=false, is_stdlib_extern=false, is_special=false, is_stdlib_inline=false
call: name=exp_f64_impl, is_extern_c=false, is_builtin=false, is_user=false, is_stdlib_extern=false, is_special=false, is_stdlib_inline=false
call: name=exp_f32_impl, is_extern_c=false, is_builtin=false, is_user=false, is_stdlib_extern=false, is_special=false, is_stdlib_inline=false
call: name=exp_f16_impl, is_extern_c=false, is_builtin=false, is_user=false, is_stdlib_extern=false, is_special=false, is_stdlib_inline=false
call: name=exp_f128_impl, is_extern_c=false, is_builtin=false, is_user=false, is_stdlib_extern=false, is_special=false, is_stdlib_inline=false
call: name=type_name, is_extern_c=false, is_builtin=false, is_user=false, is_stdlib_extern=false, is_special=false, is_stdlib_inline=false
call: name=expm1_f64_impl, is_extern_c=false, is_builtin=false, is_user=false, is_stdlib_extern=false, is_special=false, is_stdlib_inline=false
call: name=expm1_f32_impl, is_extern_c=false, is_builtin=false, is_user=false, is_stdlib_extern=false, is_special=false, is_stdlib_inline=false
call: name=expm1_f16_impl, is_extern_c=false, is_builtin=false, is_user=false, is_stdlib_extern=false, is_special=false, is_stdlib_inline=false
call: name=expm1_f128_impl, is_extern_c=false, is_builtin=false, is_user=false, is_stdlib_extern=false, is_special=false, is_stdlib_inline=false
call: name=log_f64_impl, is_extern_c=false, is_builtin=false, is_user=false, is_stdlib_extern=false, is_special=false, is_stdlib_inline=false
call: name=log_f32_impl, is_extern_c=false, is_builtin=false, is_user=false, is_stdlib_extern=false, is_special=false, is_stdlib_inline=false
call: name=log_f16_impl, is_extern_c=false, is_builtin=false, is_user=false, is_stdlib_extern=false, is_special=false, is_stdlib_inline=false
call: name=log_f128_impl, is_extern_c=false, is_builtin=false, is_user=false, is_stdlib_extern=false, is_special=false, is_stdlib_inline=false
call: name=type_name, is_extern_c=false, is_builtin=false, is_user=false, is_stdlib_extern=false, is_special=false, is_stdlib_inline=false
call: name=log1p_f64_impl, is_extern_c=false, is_builtin=false, is_user=false, is_stdlib_extern=false, is_special=false, is_stdlib_inline=false
call: name=log1p_f32_impl, is_extern_c=false, is_builtin=false, is_user=false, is_stdlib_extern=false, is_special=false, is_stdlib_inline=false
call: name=log1p_f16_impl, is_extern_c=false, is_builtin=false, is_user=false, is_stdlib_extern=false, is_special=false, is_stdlib_inline=false
call: name=log1p_f128_impl, is_extern_c=false, is_builtin=false, is_user=false, is_stdlib_extern=false, is_special=false, is_stdlib_inline=false
call: name=sqrt_f64_impl, is_extern_c=false, is_builtin=false, is_user=false, is_stdlib_extern=false, is_special=false, is_stdlib_inline=false
call: name=sqrt_f32_impl, is_extern_c=false, is_builtin=false, is_user=false, is_stdlib_extern=false, is_special=false, is_stdlib_inline=false
call: name=sqrt_f16_impl, is_extern_c=false, is_builtin=false, is_user=false, is_stdlib_extern=false, is_special=false, is_stdlib_inline=false
call: name=sqrt_f128_impl, is_extern_c=false, is_builtin=false, is_user=false, is_stdlib_extern=false, is_special=false, is_stdlib_inline=false
call: name=type_name, is_extern_c=false, is_builtin=false, is_user=false, is_stdlib_extern=false, is_special=false, is_stdlib_inline=false
call: name=hypot_f64_impl, is_extern_c=false, is_builtin=false, is_user=false, is_stdlib_extern=false, is_special=false, is_stdlib_inline=false
call: name=hypot_f32_impl, is_extern_c=false, is_builtin=false, is_user=false, is_stdlib_extern=false, is_special=false, is_stdlib_inline=false
call: name=hypot_f16_impl, is_extern_c=false, is_builtin=false, is_user=false, is_stdlib_extern=false, is_special=false, is_stdlib_inline=false
call: name=hypot_f128_impl, is_extern_c=false, is_builtin=false, is_user=false, is_stdlib_extern=false, is_special=false, is_stdlib_inline=false
call: name=fmod_f64_impl, is_extern_c=false, is_builtin=false, is_user=false, is_stdlib_extern=false, is_special=false, is_stdlib_inline=false
call: name=fmod_f32_impl, is_extern_c=false, is_builtin=false, is_user=false, is_stdlib_extern=false, is_special=false, is_stdlib_inline=false
call: name=fmod_f16_impl, is_extern_c=false, is_builtin=false, is_user=false, is_stdlib_extern=false, is_special=false, is_stdlib_inline=false
call: name=fmod_f128_impl, is_extern_c=false, is_builtin=false, is_user=false, is_stdlib_extern=false, is_special=false, is_stdlib_inline=false
call: name=type_name, is_extern_c=false, is_builtin=false, is_user=false, is_stdlib_extern=false, is_special=false, is_stdlib_inline=false
call: name=sin_f64_impl, is_extern_c=false, is_builtin=false, is_user=false, is_stdlib_extern=false, is_special=false, is_stdlib_inline=false
call: name=sin_f32_impl, is_extern_c=false, is_builtin=false, is_user=false, is_stdlib_extern=false, is_special=false, is_stdlib_inline=false
call: name=sin_f16_impl, is_extern_c=false, is_builtin=false, is_user=false, is_stdlib_extern=false, is_special=false, is_stdlib_inline=false
call: name=sin_f128_impl, is_extern_c=false, is_builtin=false, is_user=false, is_stdlib_extern=false, is_special=false, is_stdlib_inline=false
call: name=sin_f64_impl, is_extern_c=false, is_builtin=false, is_user=false, is_stdlib_extern=false, is_special=false, is_stdlib_inline=false
call: name=sin_f32_impl, is_extern_c=false, is_builtin=false, is_user=false, is_stdlib_extern=false, is_special=false, is_stdlib_inline=false
call: name=sin_f16_impl, is_extern_c=false, is_builtin=false, is_user=false, is_stdlib_extern=false, is_special=false, is_stdlib_inline=false
call: name=sin_f128_impl, is_extern_c=false, is_builtin=false, is_user=false, is_stdlib_extern=false, is_special=false, is_stdlib_inline=false
call: name=type_name, is_extern_c=false, is_builtin=false, is_user=false, is_stdlib_extern=false, is_special=false, is_stdlib_inline=false
call: name=sin_f64_impl, is_extern_c=false, is_builtin=false, is_user=false, is_stdlib_extern=false, is_special=false, is_stdlib_inline=false
call: name=sin_f32_impl, is_extern_c=false, is_builtin=false, is_user=false, is_stdlib_extern=false, is_special=false, is_stdlib_inline=false
call: name=sin_f16_impl, is_extern_c=false, is_builtin=false, is_user=false, is_stdlib_extern=false, is_special=false, is_stdlib_inline=false
call: name=sin_f128_impl, is_extern_c=false, is_builtin=false, is_user=false, is_stdlib_extern=false, is_special=false, is_stdlib_inline=false
call: name=sin_f64_impl, is_extern_c=false, is_builtin=false, is_user=false, is_stdlib_extern=false, is_special=false, is_stdlib_inline=false
call: name=sin_f64_impl, is_extern_c=false, is_builtin=false, is_user=false, is_stdlib_extern=false, is_special=false, is_stdlib_inline=false
call: name=sin_f32_impl, is_extern_c=false, is_builtin=false, is_user=false, is_stdlib_extern=false, is_special=false, is_stdlib_inline=false
call: name=sin_f32_impl, is_extern_c=false, is_builtin=false, is_user=false, is_stdlib_extern=false, is_special=false, is_stdlib_inline=false
call: name=sin_f16_impl, is_extern_c=false, is_builtin=false, is_user=false, is_stdlib_extern=false, is_special=false, is_stdlib_inline=false
call: name=sin_f16_impl, is_extern_c=false, is_builtin=false, is_user=false, is_stdlib_extern=false, is_special=false, is_stdlib_inline=false
call: name=sin_f128_impl, is_extern_c=false, is_builtin=false, is_user=false, is_stdlib_extern=false, is_special=false, is_stdlib_inline=false
call: name=sin_f128_impl, is_extern_c=false, is_builtin=false, is_user=false, is_stdlib_extern=false, is_special=false, is_stdlib_inline=false
call: name=type_name, is_extern_c=false, is_builtin=false, is_user=false, is_stdlib_extern=false, is_special=false, is_stdlib_inline=false
call: name=tan_f64_impl, is_extern_c=false, is_builtin=false, is_user=false, is_stdlib_extern=false, is_special=false, is_stdlib_inline=false
call: name=tan_f32_impl, is_extern_c=false, is_builtin=false, is_user=false, is_stdlib_extern=false, is_special=false, is_stdlib_inline=false
call: name=tan_f16_impl, is_extern_c=false, is_builtin=false, is_user=false, is_stdlib_extern=false, is_special=false, is_stdlib_inline=false
call: name=tan_f128_impl, is_extern_c=false, is_builtin=false, is_user=false, is_stdlib_extern=false, is_special=false, is_stdlib_inline=false
call: name=exp_f64_impl, is_extern_c=false, is_builtin=false, is_user=false, is_stdlib_extern=false, is_special=false, is_stdlib_inline=false
call: name=exp_f64_impl, is_extern_c=false, is_builtin=false, is_user=false, is_stdlib_extern=false, is_special=false, is_stdlib_inline=false
call: name=exp_f32_impl, is_extern_c=false, is_builtin=false, is_user=false, is_stdlib_extern=false, is_special=false, is_stdlib_inline=false
call: name=exp_f32_impl, is_extern_c=false, is_builtin=false, is_user=false, is_stdlib_extern=false, is_special=false, is_stdlib_inline=false
call: name=exp_f16_impl, is_extern_c=false, is_builtin=false, is_user=false, is_stdlib_extern=false, is_special=false, is_stdlib_inline=false
call: name=exp_f16_impl, is_extern_c=false, is_builtin=false, is_user=false, is_stdlib_extern=false, is_special=false, is_stdlib_inline=false
call: name=exp_f128_impl, is_extern_c=false, is_builtin=false, is_user=false, is_stdlib_extern=false, is_special=false, is_stdlib_inline=false
call: name=exp_f128_impl, is_extern_c=false, is_builtin=false, is_user=false, is_stdlib_extern=false, is_special=false, is_stdlib_inline=false
call: name=type_name, is_extern_c=false, is_builtin=false, is_user=false, is_stdlib_extern=false, is_special=false, is_stdlib_inline=false
call: name=sinh_f64_impl, is_extern_c=false, is_builtin=false, is_user=false, is_stdlib_extern=false, is_special=false, is_stdlib_inline=false
call: name=sinh_f32_impl, is_extern_c=false, is_builtin=false, is_user=false, is_stdlib_extern=false, is_special=false, is_stdlib_inline=false
call: name=sinh_f16_impl, is_extern_c=false, is_builtin=false, is_user=false, is_stdlib_extern=false, is_special=false, is_stdlib_inline=false
call: name=sinh_f128_impl, is_extern_c=false, is_builtin=false, is_user=false, is_stdlib_extern=false, is_special=false, is_stdlib_inline=false
call: name=exp_f64_impl, is_extern_c=false, is_builtin=false, is_user=false, is_stdlib_extern=false, is_special=false, is_stdlib_inline=false
call: name=exp_f64_impl, is_extern_c=false, is_builtin=false, is_user=false, is_stdlib_extern=false, is_special=false, is_stdlib_inline=false
call: name=exp_f32_impl, is_extern_c=false, is_builtin=false, is_user=false, is_stdlib_extern=false, is_special=false, is_stdlib_inline=false
call: name=exp_f32_impl, is_extern_c=false, is_builtin=false, is_user=false, is_stdlib_extern=false, is_special=false, is_stdlib_inline=false
call: name=exp_f16_impl, is_extern_c=false, is_builtin=false, is_user=false, is_stdlib_extern=false, is_special=false, is_stdlib_inline=false
call: name=exp_f16_impl, is_extern_c=false, is_builtin=false, is_user=false, is_stdlib_extern=false, is_special=false, is_stdlib_inline=false
call: name=exp_f128_impl, is_extern_c=false, is_builtin=false, is_user=false, is_stdlib_extern=false, is_special=false, is_stdlib_inline=false
call: name=exp_f128_impl, is_extern_c=false, is_builtin=false, is_user=false, is_stdlib_extern=false, is_special=false, is_stdlib_inline=false
call: name=type_name, is_extern_c=false, is_builtin=false, is_user=false, is_stdlib_extern=false, is_special=false, is_stdlib_inline=false
call: name=cosh_f64_impl, is_extern_c=false, is_builtin=false, is_user=false, is_stdlib_extern=false, is_special=false, is_stdlib_inline=false
call: name=cosh_f32_impl, is_extern_c=false, is_builtin=false, is_user=false, is_stdlib_extern=false, is_special=false, is_stdlib_inline=false
call: name=cosh_f16_impl, is_extern_c=false, is_builtin=false, is_user=false, is_stdlib_extern=false, is_special=false, is_stdlib_inline=false
call: name=cosh_f128_impl, is_extern_c=false, is_builtin=false, is_user=false, is_stdlib_extern=false, is_special=false, is_stdlib_inline=false
call: name=exp_f64_impl, is_extern_c=false, is_builtin=false, is_user=false, is_stdlib_extern=false, is_special=false, is_stdlib_inline=false
call: name=exp_f64_impl, is_extern_c=false, is_builtin=false, is_user=false, is_stdlib_extern=false, is_special=false, is_stdlib_inline=false
call: name=exp_f32_impl, is_extern_c=false, is_builtin=false, is_user=false, is_stdlib_extern=false, is_special=false, is_stdlib_inline=false
call: name=exp_f32_impl, is_extern_c=false, is_builtin=false, is_user=false, is_stdlib_extern=false, is_special=false, is_stdlib_inline=false
call: name=exp_f16_impl, is_extern_c=false, is_builtin=false, is_user=false, is_stdlib_extern=false, is_special=false, is_stdlib_inline=false
call: name=exp_f16_impl, is_extern_c=false, is_builtin=false, is_user=false, is_stdlib_extern=false, is_special=false, is_stdlib_inline=false
call: name=exp_f128_impl, is_extern_c=false, is_builtin=false, is_user=false, is_stdlib_extern=false, is_special=false, is_stdlib_inline=false
call: name=exp_f128_impl, is_extern_c=false, is_builtin=false, is_user=false, is_stdlib_extern=false, is_special=false, is_stdlib_inline=false
call: name=type_name, is_extern_c=false, is_builtin=false, is_user=false, is_stdlib_extern=false, is_special=false, is_stdlib_inline=false
call: name=tanh_f64_impl, is_extern_c=false, is_builtin=false, is_user=false, is_stdlib_extern=false, is_special=false, is_stdlib_inline=false
call: name=tanh_f32_impl, is_extern_c=false, is_builtin=false, is_user=false, is_stdlib_extern=false, is_special=false, is_stdlib_inline=false
call: name=tanh_f16_impl, is_extern_c=false, is_builtin=false, is_user=false, is_stdlib_extern=false, is_special=false, is_stdlib_inline=false
call: name=tanh_f128_impl, is_extern_c=false, is_builtin=false, is_user=false, is_stdlib_extern=false, is_special=false, is_stdlib_inline=false
call: name=type_name, is_extern_c=false, is_builtin=false, is_user=false, is_stdlib_extern=false, is_special=false, is_stdlib_inline=false
call: name=atan_f64_impl, is_extern_c=false, is_builtin=false, is_user=false, is_stdlib_extern=false, is_special=false, is_stdlib_inline=false
call: name=atan_f32_impl, is_extern_c=false, is_builtin=false, is_user=false, is_stdlib_extern=false, is_special=false, is_stdlib_inline=false
call: name=atan_f16_impl, is_extern_c=false, is_builtin=false, is_user=false, is_stdlib_extern=false, is_special=false, is_stdlib_inline=false
call: name=atan_f128_impl, is_extern_c=false, is_builtin=false, is_user=false, is_stdlib_extern=false, is_special=false, is_stdlib_inline=false
call: name=atan_f64_impl, is_extern_c=false, is_builtin=false, is_user=false, is_stdlib_extern=false, is_special=false, is_stdlib_inline=false
call: name=sqrt_f64_impl, is_extern_c=false, is_builtin=false, is_user=false, is_stdlib_extern=false, is_special=false, is_stdlib_inline=false
call: name=atan_f32_impl, is_extern_c=false, is_builtin=false, is_user=false, is_stdlib_extern=false, is_special=false, is_stdlib_inline=false
call: name=sqrt_f32_impl, is_extern_c=false, is_builtin=false, is_user=false, is_stdlib_extern=false, is_special=false, is_stdlib_inline=false
call: name=atan_f16_impl, is_extern_c=false, is_builtin=false, is_user=false, is_stdlib_extern=false, is_special=false, is_stdlib_inline=false
call: name=sqrt_f16_impl, is_extern_c=false, is_builtin=false, is_user=false, is_stdlib_extern=false, is_special=false, is_stdlib_inline=false
call: name=atan_f128_impl, is_extern_c=false, is_builtin=false, is_user=false, is_stdlib_extern=false, is_special=false, is_stdlib_inline=false
call: name=sqrt_f128_impl, is_extern_c=false, is_builtin=false, is_user=false, is_stdlib_extern=false, is_special=false, is_stdlib_inline=false
call: name=type_name, is_extern_c=false, is_builtin=false, is_user=false, is_stdlib_extern=false, is_special=false, is_stdlib_inline=false
call: name=asin_f64_impl, is_extern_c=false, is_builtin=false, is_user=false, is_stdlib_extern=false, is_special=false, is_stdlib_inline=false
call: name=asin_f32_impl, is_extern_c=false, is_builtin=false, is_user=false, is_stdlib_extern=false, is_special=false, is_stdlib_inline=false
call: name=asin_f16_impl, is_extern_c=false, is_builtin=false, is_user=false, is_stdlib_extern=false, is_special=false, is_stdlib_inline=false
call: name=asin_f128_impl, is_extern_c=false, is_builtin=false, is_user=false, is_stdlib_extern=false, is_special=false, is_stdlib_inline=false
call: name=asin_f64_impl, is_extern_c=false, is_builtin=false, is_user=false, is_stdlib_extern=false, is_special=false, is_stdlib_inline=false
call: name=asin_f32_impl, is_extern_c=false, is_builtin=false, is_user=false, is_stdlib_extern=false, is_special=false, is_stdlib_inline=false
call: name=asin_f16_impl, is_extern_c=false, is_builtin=false, is_user=false, is_stdlib_extern=false, is_special=false, is_stdlib_inline=false
call: name=asin_f128_impl, is_extern_c=false, is_builtin=false, is_user=false, is_stdlib_extern=false, is_special=false, is_stdlib_inline=false
call: name=type_name, is_extern_c=false, is_builtin=false, is_user=false, is_stdlib_extern=false, is_special=false, is_stdlib_inline=false
call: name=asin_f64_impl, is_extern_c=false, is_builtin=false, is_user=false, is_stdlib_extern=false, is_special=false, is_stdlib_inline=false
call: name=asin_f32_impl, is_extern_c=false, is_builtin=false, is_user=false, is_stdlib_extern=false, is_special=false, is_stdlib_inline=false
call: name=asin_f16_impl, is_extern_c=false, is_builtin=false, is_user=false, is_stdlib_extern=false, is_special=false, is_stdlib_inline=false
call: name=asin_f128_impl, is_extern_c=false, is_builtin=false, is_user=false, is_stdlib_extern=false, is_special=false, is_stdlib_inline=false
call: name=atan_f64_impl, is_extern_c=false, is_builtin=false, is_user=false, is_stdlib_extern=false, is_special=false, is_stdlib_inline=false
call: name=atan_f64_impl, is_extern_c=false, is_builtin=false, is_user=false, is_stdlib_extern=false, is_special=false, is_stdlib_inline=false
call: name=atan_f64_impl, is_extern_c=false, is_builtin=false, is_user=false, is_stdlib_extern=false, is_special=false, is_stdlib_inline=false
call: name=atan_f32_impl, is_extern_c=false, is_builtin=false, is_user=false, is_stdlib_extern=false, is_special=false, is_stdlib_inline=false
call: name=atan_f32_impl, is_extern_c=false, is_builtin=false, is_user=false, is_stdlib_extern=false, is_special=false, is_stdlib_inline=false
call: name=atan_f32_impl, is_extern_c=false, is_builtin=false, is_user=false, is_stdlib_extern=false, is_special=false, is_stdlib_inline=false
call: name=atan_f16_impl, is_extern_c=false, is_builtin=false, is_user=false, is_stdlib_extern=false, is_special=false, is_stdlib_inline=false
call: name=atan_f16_impl, is_extern_c=false, is_builtin=false, is_user=false, is_stdlib_extern=false, is_special=false, is_stdlib_inline=false
call: name=atan_f16_impl, is_extern_c=false, is_builtin=false, is_user=false, is_stdlib_extern=false, is_special=false, is_stdlib_inline=false
call: name=atan_f128_impl, is_extern_c=false, is_builtin=false, is_user=false, is_stdlib_extern=false, is_special=false, is_stdlib_inline=false
call: name=atan_f128_impl, is_extern_c=false, is_builtin=false, is_user=false, is_stdlib_extern=false, is_special=false, is_stdlib_inline=false
call: name=atan_f128_impl, is_extern_c=false, is_builtin=false, is_user=false, is_stdlib_extern=false, is_special=false, is_stdlib_inline=false
call: name=type_name, is_extern_c=false, is_builtin=false, is_user=false, is_stdlib_extern=false, is_special=false, is_stdlib_inline=false
call: name=atan2_f64_impl, is_extern_c=false, is_builtin=false, is_user=false, is_stdlib_extern=false, is_special=false, is_stdlib_inline=false
call: name=atan2_f32_impl, is_extern_c=false, is_builtin=false, is_user=false, is_stdlib_extern=false, is_special=false, is_stdlib_inline=false
call: name=atan2_f16_impl, is_extern_c=false, is_builtin=false, is_user=false, is_stdlib_extern=false, is_special=false, is_stdlib_inline=false
call: name=atan2_f128_impl, is_extern_c=false, is_builtin=false, is_user=false, is_stdlib_extern=false, is_special=false, is_stdlib_inline=false
call: name=log_f64_impl, is_extern_c=false, is_builtin=false, is_user=false, is_stdlib_extern=false, is_special=false, is_stdlib_inline=false
call: name=sqrt_f64_impl, is_extern_c=false, is_builtin=false, is_user=false, is_stdlib_extern=false, is_special=false, is_stdlib_inline=false
call: name=log_f32_impl, is_extern_c=false, is_builtin=false, is_user=false, is_stdlib_extern=false, is_special=false, is_stdlib_inline=false
call: name=sqrt_f32_impl, is_extern_c=false, is_builtin=false, is_user=false, is_stdlib_extern=false, is_special=false, is_stdlib_inline=false
call: name=log_f16_impl, is_extern_c=false, is_builtin=false, is_user=false, is_stdlib_extern=false, is_special=false, is_stdlib_inline=false
call: name=sqrt_f16_impl, is_extern_c=false, is_builtin=false, is_user=false, is_stdlib_extern=false, is_special=false, is_stdlib_inline=false
call: name=log_f128_impl, is_extern_c=false, is_builtin=false, is_user=false, is_stdlib_extern=false, is_special=false, is_stdlib_inline=false
call: name=sqrt_f128_impl, is_extern_c=false, is_builtin=false, is_user=false, is_stdlib_extern=false, is_special=false, is_stdlib_inline=false
call: name=type_name, is_extern_c=false, is_builtin=false, is_user=false, is_stdlib_extern=false, is_special=false, is_stdlib_inline=false
call: name=log_f64_impl, is_extern_c=false, is_builtin=false, is_user=false, is_stdlib_extern=false, is_special=false, is_stdlib_inline=false
call: name=sqrt_f64_impl, is_extern_c=false, is_builtin=false, is_user=false, is_stdlib_extern=false, is_special=false, is_stdlib_inline=false
call: name=log_f32_impl, is_extern_c=false, is_builtin=false, is_user=false, is_stdlib_extern=false, is_special=false, is_stdlib_inline=false
call: name=sqrt_f32_impl, is_extern_c=false, is_builtin=false, is_user=false, is_stdlib_extern=false, is_special=false, is_stdlib_inline=false
call: name=log_f16_impl, is_extern_c=false, is_builtin=false, is_user=false, is_stdlib_extern=false, is_special=false, is_stdlib_inline=false
call: name=sqrt_f16_impl, is_extern_c=false, is_builtin=false, is_user=false, is_stdlib_extern=false, is_special=false, is_stdlib_inline=false
call: name=log_f128_impl, is_extern_c=false, is_builtin=false, is_user=false, is_stdlib_extern=false, is_special=false, is_stdlib_inline=false
call: name=sqrt_f128_impl, is_extern_c=false, is_builtin=false, is_user=false, is_stdlib_extern=false, is_special=false, is_stdlib_inline=false
call: name=log_f64_impl, is_extern_c=false, is_builtin=false, is_user=false, is_stdlib_extern=false, is_special=false, is_stdlib_inline=false
call: name=sqrt_f64_impl, is_extern_c=false, is_builtin=false, is_user=false, is_stdlib_extern=false, is_special=false, is_stdlib_inline=false
call: name=log_f32_impl, is_extern_c=false, is_builtin=false, is_user=false, is_stdlib_extern=false, is_special=false, is_stdlib_inline=false
call: name=sqrt_f32_impl, is_extern_c=false, is_builtin=false, is_user=false, is_stdlib_extern=false, is_special=false, is_stdlib_inline=false
call: name=log_f16_impl, is_extern_c=false, is_builtin=false, is_user=false, is_stdlib_extern=false, is_special=false, is_stdlib_inline=false
call: name=sqrt_f16_impl, is_extern_c=false, is_builtin=false, is_user=false, is_stdlib_extern=false, is_special=false, is_stdlib_inline=false
call: name=log_f128_impl, is_extern_c=false, is_builtin=false, is_user=false, is_stdlib_extern=false, is_special=false, is_stdlib_inline=false
call: name=sqrt_f128_impl, is_extern_c=false, is_builtin=false, is_user=false, is_stdlib_extern=false, is_special=false, is_stdlib_inline=false
call: name=type_name, is_extern_c=false, is_builtin=false, is_user=false, is_stdlib_extern=false, is_special=false, is_stdlib_inline=false
call: name=acosh_f64_impl, is_extern_c=false, is_builtin=false, is_user=false, is_stdlib_extern=false, is_special=false, is_stdlib_inline=false
call: name=acosh_f32_impl, is_extern_c=false, is_builtin=false, is_user=false, is_stdlib_extern=false, is_special=false, is_stdlib_inline=false
call: name=acosh_f16_impl, is_extern_c=false, is_builtin=false, is_user=false, is_stdlib_extern=false, is_special=false, is_stdlib_inline=false
call: name=acosh_f128_impl, is_extern_c=false, is_builtin=false, is_user=false, is_stdlib_extern=false, is_special=false, is_stdlib_inline=false
call: name=log_f64_impl, is_extern_c=false, is_builtin=false, is_user=false, is_stdlib_extern=false, is_special=false, is_stdlib_inline=false
call: name=log_f32_impl, is_extern_c=false, is_builtin=false, is_user=false, is_stdlib_extern=false, is_special=false, is_stdlib_inline=false
call: name=log_f16_impl, is_extern_c=false, is_builtin=false, is_user=false, is_stdlib_extern=false, is_special=false, is_stdlib_inline=false
call: name=log_f128_impl, is_extern_c=false, is_builtin=false, is_user=false, is_stdlib_extern=false, is_special=false, is_stdlib_inline=false
call: name=type_name, is_extern_c=false, is_builtin=false, is_user=false, is_stdlib_extern=false, is_special=false, is_stdlib_inline=false
call: name=atanh_f64_impl, is_extern_c=false, is_builtin=false, is_user=false, is_stdlib_extern=false, is_special=false, is_stdlib_inline=false
call: name=atanh_f32_impl, is_extern_c=false, is_builtin=false, is_user=false, is_stdlib_extern=false, is_special=false, is_stdlib_inline=false
call: name=atanh_f16_impl, is_extern_c=false, is_builtin=false, is_user=false, is_stdlib_extern=false, is_special=false, is_stdlib_inline=false
call: name=atanh_f128_impl, is_extern_c=false, is_builtin=false, is_user=false, is_stdlib_extern=false, is_special=false, is_stdlib_inline=false
call: name=type_name, is_extern_c=false, is_builtin=false, is_user=false, is_stdlib_extern=false, is_special=false, is_stdlib_inline=false
call: name=type_name, is_extern_c=false, is_builtin=false, is_user=false, is_stdlib_extern=false, is_special=false, is_stdlib_inline=false
call: name=floor_f64_impl, is_extern_c=false, is_builtin=false, is_user=false, is_stdlib_extern=false, is_special=false, is_stdlib_inline=false
call: name=floor_f32_impl, is_extern_c=false, is_builtin=false, is_user=false, is_stdlib_extern=false, is_special=false, is_stdlib_inline=false
call: name=floor_f16_impl, is_extern_c=false, is_builtin=false, is_user=false, is_stdlib_extern=false, is_special=false, is_stdlib_inline=false
call: name=floor_f128_impl, is_extern_c=false, is_builtin=false, is_user=false, is_stdlib_extern=false, is_special=false, is_stdlib_inline=false
call: name=type_name, is_extern_c=false, is_builtin=false, is_user=false, is_stdlib_extern=false, is_special=false, is_stdlib_inline=false
call: name=ceil_f64_impl, is_extern_c=false, is_builtin=false, is_user=false, is_stdlib_extern=false, is_special=false, is_stdlib_inline=false
call: name=ceil_f32_impl, is_extern_c=false, is_builtin=false, is_user=false, is_stdlib_extern=false, is_special=false, is_stdlib_inline=false
call: name=ceil_f16_impl, is_extern_c=false, is_builtin=false, is_user=false, is_stdlib_extern=false, is_special=false, is_stdlib_inline=false
call: name=ceil_f128_impl, is_extern_c=false, is_builtin=false, is_user=false, is_stdlib_extern=false, is_special=false, is_stdlib_inline=false
call: name=type_name, is_extern_c=false, is_builtin=false, is_user=false, is_stdlib_extern=false, is_special=false, is_stdlib_inline=false
call: name=round_f64_impl, is_extern_c=false, is_builtin=false, is_user=false, is_stdlib_extern=false, is_special=false, is_stdlib_inline=false
call: name=round_f32_impl, is_extern_c=false, is_builtin=false, is_user=false, is_stdlib_extern=false, is_special=false, is_stdlib_inline=false
call: name=round_f16_impl, is_extern_c=false, is_builtin=false, is_user=false, is_stdlib_extern=false, is_special=false, is_stdlib_inline=false
call: name=round_f128_impl, is_extern_c=false, is_builtin=false, is_user=false, is_stdlib_extern=false, is_special=false, is_stdlib_inline=false
call: name=type_name, is_extern_c=false, is_builtin=false, is_user=false, is_stdlib_extern=false, is_special=false, is_stdlib_inline=false
call: name=type_name, is_extern_c=false, is_builtin=false, is_user=false, is_stdlib_extern=false, is_special=false, is_stdlib_inline=false
call: name=type_name, is_extern_c=false, is_builtin=false, is_user=false, is_stdlib_extern=false, is_special=false, is_stdlib_inline=false
call: name=fmod_f64_impl, is_extern_c=false, is_builtin=false, is_user=false, is_stdlib_extern=false, is_special=false, is_stdlib_inline=false
call: name=fmod_f32_impl, is_extern_c=false, is_builtin=false, is_user=false, is_stdlib_extern=false, is_special=false, is_stdlib_inline=false
call: name=fmod_f16_impl, is_extern_c=false, is_builtin=false, is_user=false, is_stdlib_extern=false, is_special=false, is_stdlib_inline=false
call: name=fmod_f128_impl, is_extern_c=false, is_builtin=false, is_user=false, is_stdlib_extern=false, is_special=false, is_stdlib_inline=false
call: name=type_name, is_extern_c=false, is_builtin=false, is_user=false, is_stdlib_extern=false, is_special=false, is_stdlib_inline=false
call: name=ldexp_f64_impl, is_extern_c=false, is_builtin=false, is_user=false, is_stdlib_extern=false, is_special=false, is_stdlib_inline=false
call: name=ldexp_f32_impl, is_extern_c=false, is_builtin=false, is_user=false, is_stdlib_extern=false, is_special=false, is_stdlib_inline=false
call: name=ldexp_f16_impl, is_extern_c=false, is_builtin=false, is_user=false, is_stdlib_extern=false, is_special=false, is_stdlib_inline=false
call: name=ldexp_f128_impl, is_extern_c=false, is_builtin=false, is_user=false, is_stdlib_extern=false, is_special=false, is_stdlib_inline=false
call: name=type_name, is_extern_c=false, is_builtin=false, is_user=false, is_stdlib_extern=false, is_special=false, is_stdlib_inline=false
call: name=frexp_f64_mantissa_impl, is_extern_c=false, is_builtin=false, is_user=false, is_stdlib_extern=false, is_special=false, is_stdlib_inline=false
call: name=frexp_f32_mantissa_impl, is_extern_c=false, is_builtin=false, is_user=false, is_stdlib_extern=false, is_special=false, is_stdlib_inline=false
call: name=frexp_f16_mantissa_impl, is_extern_c=false, is_builtin=false, is_user=false, is_stdlib_extern=false, is_special=false, is_stdlib_inline=false
call: name=frexp_f128_mantissa_impl, is_extern_c=false, is_builtin=false, is_user=false, is_stdlib_extern=false, is_special=false, is_stdlib_inline=false
call: name=type_name, is_extern_c=false, is_builtin=false, is_user=false, is_stdlib_extern=false, is_special=false, is_stdlib_inline=false
call: name=frexp_f64_exponent_impl, is_extern_c=false, is_builtin=false, is_user=false, is_stdlib_extern=false, is_special=false, is_stdlib_inline=false
call: name=frexp_f32_exponent_impl, is_extern_c=false, is_builtin=false, is_user=false, is_stdlib_extern=false, is_special=false, is_stdlib_inline=false
call: name=frexp_f16_exponent_impl, is_extern_c=false, is_builtin=false, is_user=false, is_stdlib_extern=false, is_special=false, is_stdlib_inline=false
call: name=frexp_f128_exponent_impl, is_extern_c=false, is_builtin=false, is_user=false, is_stdlib_extern=false, is_special=false, is_stdlib_inline=false
call: name=type_name, is_extern_c=false, is_builtin=false, is_user=false, is_stdlib_extern=false, is_special=false, is_stdlib_inline=false
call: name=type_name, is_extern_c=false, is_builtin=false, is_user=false, is_stdlib_extern=false, is_special=false, is_stdlib_inline=false
call: name=type_name, is_extern_c=false, is_builtin=false, is_user=false, is_stdlib_extern=false, is_special=false, is_stdlib_inline=false
call: name=ilogb_f64_impl, is_extern_c=false, is_builtin=false, is_user=false, is_stdlib_extern=false, is_special=false, is_stdlib_inline=false
call: name=ilogb_f32_impl, is_extern_c=false, is_builtin=false, is_user=false, is_stdlib_extern=false, is_special=false, is_stdlib_inline=false
call: name=ilogb_f16_impl, is_extern_c=false, is_builtin=false, is_user=false, is_stdlib_extern=false, is_special=false, is_stdlib_inline=false
call: name=ilogb_f128_impl, is_extern_c=false, is_builtin=false, is_user=false, is_stdlib_extern=false, is_special=false, is_stdlib_inline=false
call: name=ilogb_f64_impl, is_extern_c=false, is_builtin=false, is_user=false, is_stdlib_extern=false, is_special=false, is_stdlib_inline=false
call: name=ilogb_f32_impl, is_extern_c=false, is_builtin=false, is_user=false, is_stdlib_extern=false, is_special=false, is_stdlib_inline=false
call: name=ilogb_f16_impl, is_extern_c=false, is_builtin=false, is_user=false, is_stdlib_extern=false, is_special=false, is_stdlib_inline=false
call: name=ilogb_f128_impl, is_extern_c=false, is_builtin=false, is_user=false, is_stdlib_extern=false, is_special=false, is_stdlib_inline=false
call: name=type_name, is_extern_c=false, is_builtin=false, is_user=false, is_stdlib_extern=false, is_special=false, is_stdlib_inline=false
call: name=ilogb_f64_impl, is_extern_c=false, is_builtin=false, is_user=false, is_stdlib_extern=false, is_special=false, is_stdlib_inline=false
call: name=ilogb_f32_impl, is_extern_c=false, is_builtin=false, is_user=false, is_stdlib_extern=false, is_special=false, is_stdlib_inline=false
call: name=ilogb_f16_impl, is_extern_c=false, is_builtin=false, is_user=false, is_stdlib_extern=false, is_special=false, is_stdlib_inline=false
call: name=ilogb_f128_impl, is_extern_c=false, is_builtin=false, is_user=false, is_stdlib_extern=false, is_special=false, is_stdlib_inline=false
call: name=ldexp_f64_impl, is_extern_c=false, is_builtin=false, is_user=false, is_stdlib_extern=false, is_special=false, is_stdlib_inline=false
call: name=ldexp_f32_impl, is_extern_c=false, is_builtin=false, is_user=false, is_stdlib_extern=false, is_special=false, is_stdlib_inline=false
call: name=ldexp_f16_impl, is_extern_c=false, is_builtin=false, is_user=false, is_stdlib_extern=false, is_special=false, is_stdlib_inline=false
call: name=ldexp_f128_impl, is_extern_c=false, is_builtin=false, is_user=false, is_stdlib_extern=false, is_special=false, is_stdlib_inline=false
call: name=type_name, is_extern_c=false, is_builtin=false, is_user=false, is_stdlib_extern=false, is_special=false, is_stdlib_inline=false
call: name=ldexp_f64_impl, is_extern_c=false, is_builtin=false, is_user=false, is_stdlib_extern=false, is_special=false, is_stdlib_inline=false
call: name=ldexp_f32_impl, is_extern_c=false, is_builtin=false, is_user=false, is_stdlib_extern=false, is_special=false, is_stdlib_inline=false
call: name=ldexp_f16_impl, is_extern_c=false, is_builtin=false, is_user=false, is_stdlib_extern=false, is_special=false, is_stdlib_inline=false
call: name=ldexp_f128_impl, is_extern_c=false, is_builtin=false, is_user=false, is_stdlib_extern=false, is_special=false, is_stdlib_inline=false
call: name=__terminal_enable_raw_mode, is_extern_c=true, is_builtin=false, is_user=false, is_stdlib_extern=true, is_special=false, is_stdlib_inline=true
call: name=__terminal_read_key_bytes, is_extern_c=true, is_builtin=false, is_user=false, is_stdlib_extern=true, is_special=false, is_stdlib_inline=true
call: name=__terminal_read_key_bytes, is_extern_c=true, is_builtin=false, is_user=false, is_stdlib_extern=true, is_special=false, is_stdlib_inline=true
call: name=__terminal_read_key_bytes, is_extern_c=true, is_builtin=false, is_user=false, is_stdlib_extern=true, is_special=false, is_stdlib_inline=true
call: name=__terminal_read_key_bytes, is_extern_c=true, is_builtin=false, is_user=false, is_stdlib_extern=true, is_special=false, is_stdlib_inline=true
call: name=__terminal_read_key_bytes, is_extern_c=true, is_builtin=false, is_user=false, is_stdlib_extern=true, is_special=false, is_stdlib_inline=true
call: name=__terminal_read_key_bytes, is_extern_c=true, is_builtin=false, is_user=false, is_stdlib_extern=true, is_special=false, is_stdlib_inline=true
call: name=key_read, is_extern_c=false, is_builtin=false, is_user=false, is_stdlib_extern=false, is_special=false, is_stdlib_inline=false
call: name=key_read, is_extern_c=false, is_builtin=false, is_user=false, is_stdlib_extern=false, is_special=false, is_stdlib_inline=false
call: name=__reflect_kind, is_extern_c=false, is_builtin=true, is_user=false, is_stdlib_extern=false, is_special=false, is_stdlib_inline=false
call: name=__reflect_type_name, is_extern_c=false, is_builtin=true, is_user=false, is_stdlib_extern=false, is_special=false, is_stdlib_inline=false
call: name=__reflect_size, is_extern_c=false, is_builtin=true, is_user=false, is_stdlib_extern=false, is_special=false, is_stdlib_inline=false
call: name=__reflect_field_count, is_extern_c=false, is_builtin=true, is_user=false, is_stdlib_extern=false, is_special=false, is_stdlib_inline=false
call: name=__reflect_field_name, is_extern_c=false, is_builtin=true, is_user=false, is_stdlib_extern=false, is_special=false, is_stdlib_inline=false
call: name=__reflect_field_value, is_extern_c=false, is_builtin=true, is_user=false, is_stdlib_extern=false, is_special=false, is_stdlib_inline=false
call: name=__reflect_array_len, is_extern_c=false, is_builtin=true, is_user=false, is_stdlib_extern=false, is_special=false, is_stdlib_inline=false
call: name=__reflect_adt_constructor, is_extern_c=false, is_builtin=true, is_user=false, is_stdlib_extern=false, is_special=false, is_stdlib_inline=false
call: name=__str_utf8_char_len_at, is_extern_c=true, is_builtin=false, is_user=false, is_stdlib_extern=true, is_special=true, is_stdlib_inline=false
call: name=__str_utf8_decode_at, is_extern_c=true, is_builtin=false, is_user=false, is_stdlib_extern=true, is_special=true, is_stdlib_inline=false
call: name=join_segments_to_str, is_extern_c=false, is_builtin=false, is_user=false, is_stdlib_extern=false, is_special=false, is_stdlib_inline=false
call: name=path_from, is_extern_c=false, is_builtin=false, is_user=false, is_stdlib_extern=false, is_special=false, is_stdlib_inline=false
call: name=last_index_of, is_extern_c=false, is_builtin=false, is_user=false, is_stdlib_extern=false, is_special=false, is_stdlib_inline=false
call: name=__file_close, is_extern_c=false, is_builtin=false, is_user=false, is_stdlib_extern=false, is_special=false, is_stdlib_inline=false
call: name=__file_read_into, is_extern_c=true, is_builtin=false, is_user=false, is_stdlib_extern=true, is_special=false, is_stdlib_inline=true
call: name=__file_write, is_extern_c=true, is_builtin=false, is_user=false, is_stdlib_extern=true, is_special=false, is_stdlib_inline=true
call: name=__file_seek, is_extern_c=false, is_builtin=false, is_user=false, is_stdlib_extern=false, is_special=false, is_stdlib_inline=false
call: name=__file_fstat, is_extern_c=false, is_builtin=false, is_user=false, is_stdlib_extern=false, is_special=false, is_stdlib_inline=false
call: name=__instant_now_ns, is_extern_c=true, is_builtin=false, is_user=false, is_stdlib_extern=true, is_special=false, is_stdlib_inline=true
call: name=to_local_components, is_extern_c=false, is_builtin=false, is_user=false, is_stdlib_extern=false, is_special=false, is_stdlib_inline=false
call: name=to_utc_components, is_extern_c=false, is_builtin=false, is_user=false, is_stdlib_extern=false, is_special=false, is_stdlib_inline=false
call: name=pad_int, is_extern_c=false, is_builtin=false, is_user=false, is_stdlib_extern=false, is_special=false, is_stdlib_inline=false
call: name=pad_int, is_extern_c=false, is_builtin=false, is_user=false, is_stdlib_extern=false, is_special=false, is_stdlib_inline=false
call: name=pad_int, is_extern_c=false, is_builtin=false, is_user=false, is_stdlib_extern=false, is_special=false, is_stdlib_inline=false
call: name=pad_int, is_extern_c=false, is_builtin=false, is_user=false, is_stdlib_extern=false, is_special=false, is_stdlib_inline=false
call: name=pad_int, is_extern_c=false, is_builtin=false, is_user=false, is_stdlib_extern=false, is_special=false, is_stdlib_inline=false
call: name=pad_int, is_extern_c=false, is_builtin=false, is_user=false, is_stdlib_extern=false, is_special=false, is_stdlib_inline=false
call: name=pad_int, is_extern_c=false, is_builtin=false, is_user=false, is_stdlib_extern=false, is_special=false, is_stdlib_inline=false
call: name=pad_int, is_extern_c=false, is_builtin=false, is_user=false, is_stdlib_extern=false, is_special=false, is_stdlib_inline=false
call: name=month_name, is_extern_c=false, is_builtin=false, is_user=false, is_stdlib_extern=false, is_special=false, is_stdlib_inline=false
call: name=month_abbr, is_extern_c=false, is_builtin=false, is_user=false, is_stdlib_extern=false, is_special=false, is_stdlib_inline=false
call: name=pad_int, is_extern_c=false, is_builtin=false, is_user=false, is_stdlib_extern=false, is_special=false, is_stdlib_inline=false
call: name=pad_int, is_extern_c=false, is_builtin=false, is_user=false, is_stdlib_extern=false, is_special=false, is_stdlib_inline=false
call: name=__str_array_join, is_extern_c=true, is_builtin=false, is_user=false, is_stdlib_extern=true, is_special=true, is_stdlib_inline=false
call: name=pad_int, is_extern_c=false, is_builtin=false, is_user=false, is_stdlib_extern=false, is_special=false, is_stdlib_inline=false
call: name=pad_int, is_extern_c=false, is_builtin=false, is_user=false, is_stdlib_extern=false, is_special=false, is_stdlib_inline=false
call: name=pad_int, is_extern_c=false, is_builtin=false, is_user=false, is_stdlib_extern=false, is_special=false, is_stdlib_inline=false
call: name=pad_int, is_extern_c=false, is_builtin=false, is_user=false, is_stdlib_extern=false, is_special=false, is_stdlib_inline=false
call: name=pad_int, is_extern_c=false, is_builtin=false, is_user=false, is_stdlib_extern=false, is_special=false, is_stdlib_inline=false
call: name=pad_int, is_extern_c=false, is_builtin=false, is_user=false, is_stdlib_extern=false, is_special=false, is_stdlib_inline=false
call: name=u32, is_extern_c=false, is_builtin=false, is_user=false, is_stdlib_extern=false, is_special=false, is_stdlib_inline=false
call: name=u8, is_extern_c=false, is_builtin=false, is_user=false, is_stdlib_extern=false, is_special=false, is_stdlib_inline=false
call: name=u64, is_extern_c=false, is_builtin=false, is_user=false, is_stdlib_extern=false, is_special=false, is_stdlib_inline=false
call: name=u16, is_extern_c=false, is_builtin=false, is_user=false, is_stdlib_extern=false, is_special=false, is_stdlib_inline=false
call: name=__net_tcp_read, is_extern_c=true, is_builtin=false, is_user=false, is_stdlib_extern=true, is_special=false, is_stdlib_inline=true
call: name=__net_tcp_write, is_extern_c=true, is_builtin=false, is_user=false, is_stdlib_extern=true, is_special=false, is_stdlib_inline=true
call: name=__net_tcp_close, is_extern_c=false, is_builtin=false, is_user=false, is_stdlib_extern=false, is_special=false, is_stdlib_inline=false
call: name=__net_tcp_accept, is_extern_c=true, is_builtin=false, is_user=false, is_stdlib_extern=true, is_special=false, is_stdlib_inline=true
call: name=__net_tcp_close, is_extern_c=false, is_builtin=false, is_user=false, is_stdlib_extern=false, is_special=false, is_stdlib_inline=false
call: name=__net_udp_send_to, is_extern_c=false, is_builtin=false, is_user=false, is_stdlib_extern=false, is_special=false, is_stdlib_inline=false
call: name=__net_udp_recv_from_v4, is_extern_c=true, is_builtin=false, is_user=false, is_stdlib_extern=true, is_special=false, is_stdlib_inline=true
call: name=__net_udp_recv_from_v6, is_extern_c=true, is_builtin=false, is_user=false, is_stdlib_extern=true, is_special=false, is_stdlib_inline=true
call: name=__net_tcp_close, is_extern_c=false, is_builtin=false, is_user=false, is_stdlib_extern=false, is_special=false, is_stdlib_inline=false
call: name=__terminal_disable_raw_mode, is_extern_c=true, is_builtin=false, is_user=false, is_stdlib_extern=true, is_special=false, is_stdlib_inline=true
call: name=__terminal_get_size_into, is_extern_c=true, is_builtin=false, is_user=false, is_stdlib_extern=true, is_special=false, is_stdlib_inline=true
call: name=__terminal_write_raw_bytes, is_extern_c=true, is_builtin=false, is_user=false, is_stdlib_extern=true, is_special=false, is_stdlib_inline=true
call: name=key_read_blocking, is_extern_c=false, is_builtin=false, is_user=false, is_stdlib_extern=false, is_special=false, is_stdlib_inline=false
call: name=key_read, is_extern_c=false, is_builtin=false, is_user=false, is_stdlib_extern=false, is_special=false, is_stdlib_inline=false
call: name=key_read_nonblocking, is_extern_c=false, is_builtin=false, is_user=false, is_stdlib_extern=false, is_special=false, is_stdlib_inline=false
call: name=cursor_save, is_extern_c=false, is_builtin=false, is_user=false, is_stdlib_extern=false, is_special=false, is_stdlib_inline=false
call: name=cursor_restore, is_extern_c=false, is_builtin=false, is_user=false, is_stdlib_extern=false, is_special=false, is_stdlib_inline=false
call: name=screen_clear_and_home, is_extern_c=false, is_builtin=false, is_user=false, is_stdlib_extern=false, is_special=false, is_stdlib_inline=false
call: name=screen_clear, is_extern_c=false, is_builtin=false, is_user=false, is_stdlib_extern=false, is_special=false, is_stdlib_inline=false
call: name=clear_to_end_of_line, is_extern_c=false, is_builtin=false, is_user=false, is_stdlib_extern=false, is_special=false, is_stdlib_inline=false
call: name=bold, is_extern_c=false, is_builtin=false, is_user=false, is_stdlib_extern=false, is_special=false, is_stdlib_inline=false
call: name=italic, is_extern_c=false, is_builtin=false, is_user=false, is_stdlib_extern=false, is_special=false, is_stdlib_inline=false
call: name=underline, is_extern_c=false, is_builtin=false, is_user=false, is_stdlib_extern=false, is_special=false, is_stdlib_inline=false
call: name=inverse, is_extern_c=false, is_builtin=false, is_user=false, is_stdlib_extern=false, is_special=false, is_stdlib_inline=false
call: name=reset, is_extern_c=false, is_builtin=false, is_user=false, is_stdlib_extern=false, is_special=false, is_stdlib_inline=false
call: name=fg_black, is_extern_c=false, is_builtin=false, is_user=false, is_stdlib_extern=false, is_special=false, is_stdlib_inline=false
call: name=fg_red, is_extern_c=false, is_builtin=false, is_user=false, is_stdlib_extern=false, is_special=false, is_stdlib_inline=false
call: name=fg_green, is_extern_c=false, is_builtin=false, is_user=false, is_stdlib_extern=false, is_special=false, is_stdlib_inline=false
call: name=fg_yellow, is_extern_c=false, is_builtin=false, is_user=false, is_stdlib_extern=false, is_special=false, is_stdlib_inline=false
call: name=fg_blue, is_extern_c=false, is_builtin=false, is_user=false, is_stdlib_extern=false, is_special=false, is_stdlib_inline=false
call: name=fg_magenta, is_extern_c=false, is_builtin=false, is_user=false, is_stdlib_extern=false, is_special=false, is_stdlib_inline=false
call: name=fg_cyan, is_extern_c=false, is_builtin=false, is_user=false, is_stdlib_extern=false, is_special=false, is_stdlib_inline=false
call: name=fg_white, is_extern_c=false, is_builtin=false, is_user=false, is_stdlib_extern=false, is_special=false, is_stdlib_inline=false
call: name=fg_default, is_extern_c=false, is_builtin=false, is_user=false, is_stdlib_extern=false, is_special=false, is_stdlib_inline=false
call: name=bg_black, is_extern_c=false, is_builtin=false, is_user=false, is_stdlib_extern=false, is_special=false, is_stdlib_inline=false
call: name=bg_red, is_extern_c=false, is_builtin=false, is_user=false, is_stdlib_extern=false, is_special=false, is_stdlib_inline=false
call: name=bg_green, is_extern_c=false, is_builtin=false, is_user=false, is_stdlib_extern=false, is_special=false, is_stdlib_inline=false
call: name=bg_yellow, is_extern_c=false, is_builtin=false, is_user=false, is_stdlib_extern=false, is_special=false, is_stdlib_inline=false
call: name=bg_blue, is_extern_c=false, is_builtin=false, is_user=false, is_stdlib_extern=false, is_special=false, is_stdlib_inline=false
call: name=bg_magenta, is_extern_c=false, is_builtin=false, is_user=false, is_stdlib_extern=false, is_special=false, is_stdlib_inline=false
call: name=bg_cyan, is_extern_c=false, is_builtin=false, is_user=false, is_stdlib_extern=false, is_special=false, is_stdlib_inline=false
call: name=bg_white, is_extern_c=false, is_builtin=false, is_user=false, is_stdlib_extern=false, is_special=false, is_stdlib_inline=false
call: name=bg_default, is_extern_c=false, is_builtin=false, is_user=false, is_stdlib_extern=false, is_special=false, is_stdlib_inline=false
call: name=decode_single_byte, is_extern_c=false, is_builtin=false, is_user=false, is_stdlib_extern=false, is_special=false, is_stdlib_inline=false
call: name=decode_csi_with_tilde, is_extern_c=false, is_builtin=false, is_user=false, is_stdlib_extern=false, is_special=false, is_stdlib_inline=false
call: name=decode_csi_no_tilde, is_extern_c=false, is_builtin=false, is_user=false, is_stdlib_extern=false, is_special=false, is_stdlib_inline=false
call: name=println, is_extern_c=false, is_builtin=false, is_user=false, is_stdlib_extern=false, is_special=false, is_stdlib_inline=false
call: name=println, is_extern_c=false, is_builtin=false, is_user=false, is_stdlib_extern=false, is_special=false, is_stdlib_inline=false
call: name=println, is_extern_c=false, is_builtin=false, is_user=false, is_stdlib_extern=false, is_special=false, is_stdlib_inline=false
call: name=println, is_extern_c=false, is_builtin=false, is_user=false, is_stdlib_extern=false, is_special=false, is_stdlib_inline=false
call: name=println, is_extern_c=false, is_builtin=false, is_user=false, is_stdlib_extern=false, is_special=false, is_stdlib_inline=false
call: name=lstLen, is_extern_c=false, is_builtin=false, is_user=false, is_stdlib_extern=false, is_special=false, is_stdlib_inline=false
call: name=lstLen, is_extern_c=false, is_builtin=false, is_user=false, is_stdlib_extern=false, is_special=false, is_stdlib_inline=false
call: name=lstSum, is_extern_c=false, is_builtin=false, is_user=false, is_stdlib_extern=false, is_special=false, is_stdlib_inline=false
call: name=lstSum, is_extern_c=false, is_builtin=false, is_user=false, is_stdlib_extern=false, is_special=false, is_stdlib_inline=false
call: name=println, is_extern_c=false, is_builtin=false, is_user=false, is_stdlib_extern=false, is_special=false, is_stdlib_inline=false
call: name=check, is_extern_c=false, is_builtin=false, is_user=false, is_stdlib_extern=false, is_special=false, is_stdlib_inline=false
call: name=check, is_extern_c=false, is_builtin=false, is_user=false, is_stdlib_extern=false, is_special=false, is_stdlib_inline=false
call: name=check, is_extern_c=false, is_builtin=false, is_user=false, is_stdlib_extern=false, is_special=false, is_stdlib_inline=false
call: name=check, is_extern_c=false, is_builtin=false, is_user=false, is_stdlib_extern=false, is_special=false, is_stdlib_inline=false
call: name=check, is_extern_c=false, is_builtin=false, is_user=false, is_stdlib_extern=false, is_special=false, is_stdlib_inline=false
call: name=check, is_extern_c=false, is_builtin=false, is_user=false, is_stdlib_extern=false, is_special=false, is_stdlib_inline=false
call: name=check, is_extern_c=false, is_builtin=false, is_user=false, is_stdlib_extern=false, is_special=false, is_stdlib_inline=false
call: name=check, is_extern_c=false, is_builtin=false, is_user=false, is_stdlib_extern=false, is_special=false, is_stdlib_inline=false
call: name=shapeArea, is_extern_c=false, is_builtin=false, is_user=false, is_stdlib_extern=false, is_special=false, is_stdlib_inline=false
call: name=check, is_extern_c=false, is_builtin=false, is_user=false, is_stdlib_extern=false, is_special=false, is_stdlib_inline=false
call: name=shapeArea, is_extern_c=false, is_builtin=false, is_user=false, is_stdlib_extern=false, is_special=false, is_stdlib_inline=false
call: name=check, is_extern_c=false, is_builtin=false, is_user=false, is_stdlib_extern=false, is_special=false, is_stdlib_inline=false
call: name=optMap, is_extern_c=false, is_builtin=false, is_user=false, is_stdlib_extern=false, is_special=false, is_stdlib_inline=false
call: name=check, is_extern_c=false, is_builtin=false, is_user=false, is_stdlib_extern=false, is_special=false, is_stdlib_inline=false
call: name=optIsSome, is_extern_c=false, is_builtin=false, is_user=false, is_stdlib_extern=false, is_special=false, is_stdlib_inline=false
call: name=check, is_extern_c=false, is_builtin=false, is_user=false, is_stdlib_extern=false, is_special=false, is_stdlib_inline=false
call: name=optIsSome, is_extern_c=false, is_builtin=false, is_user=false, is_stdlib_extern=false, is_special=false, is_stdlib_inline=false
call: name=check, is_extern_c=false, is_builtin=false, is_user=false, is_stdlib_extern=false, is_special=false, is_stdlib_inline=false
call: name=optMap, is_extern_c=false, is_builtin=false, is_user=false, is_stdlib_extern=false, is_special=false, is_stdlib_inline=false
call: name=check, is_extern_c=false, is_builtin=false, is_user=false, is_stdlib_extern=false, is_special=false, is_stdlib_inline=false
call: name=lstLen, is_extern_c=false, is_builtin=false, is_user=false, is_stdlib_extern=false, is_special=false, is_stdlib_inline=false
call: name=check, is_extern_c=false, is_builtin=false, is_user=false, is_stdlib_extern=false, is_special=false, is_stdlib_inline=false
call: name=lstSum, is_extern_c=false, is_builtin=false, is_user=false, is_stdlib_extern=false, is_special=false, is_stdlib_inline=false
call: name=check, is_extern_c=false, is_builtin=false, is_user=false, is_stdlib_extern=false, is_special=false, is_stdlib_inline=false
call: name=lstLen, is_extern_c=false, is_builtin=false, is_user=false, is_stdlib_extern=false, is_special=false, is_stdlib_inline=false
call: name=check, is_extern_c=false, is_builtin=false, is_user=false, is_stdlib_extern=false, is_special=false, is_stdlib_inline=false
call: name=lstSum, is_extern_c=false, is_builtin=false, is_user=false, is_stdlib_extern=false, is_special=false, is_stdlib_inline=false
call: name=check, is_extern_c=false, is_builtin=false, is_user=false, is_stdlib_extern=false, is_special=false, is_stdlib_inline=false
call: name=lstLen, is_extern_c=false, is_builtin=false, is_user=false, is_stdlib_extern=false, is_special=false, is_stdlib_inline=false
call: name=check, is_extern_c=false, is_builtin=false, is_user=false, is_stdlib_extern=false, is_special=false, is_stdlib_inline=false
call: name=lstSum, is_extern_c=false, is_builtin=false, is_user=false, is_stdlib_extern=false, is_special=false, is_stdlib_inline=false
call: name=check, is_extern_c=false, is_builtin=false, is_user=false, is_stdlib_extern=false, is_special=false, is_stdlib_inline=false
call: name=lstLen, is_extern_c=false, is_builtin=false, is_user=false, is_stdlib_extern=false, is_special=false, is_stdlib_inline=false
call: name=check, is_extern_c=false, is_builtin=false, is_user=false, is_stdlib_extern=false, is_special=false, is_stdlib_inline=false
call: name=check, is_extern_c=false, is_builtin=false, is_user=false, is_stdlib_extern=false, is_special=false, is_stdlib_inline=false
call: name=check, is_extern_c=false, is_builtin=false, is_user=false, is_stdlib_extern=false, is_special=false, is_stdlib_inline=false
call: name=check, is_extern_c=false, is_builtin=false, is_user=false, is_stdlib_extern=false, is_special=false, is_stdlib_inline=false
call: name=lstLen, is_extern_c=false, is_builtin=false, is_user=false, is_stdlib_extern=false, is_special=false, is_stdlib_inline=false
call: name=check, is_extern_c=false, is_builtin=false, is_user=false, is_stdlib_extern=false, is_special=false, is_stdlib_inline=false
call: name=lstSum, is_extern_c=false, is_builtin=false, is_user=false, is_stdlib_extern=false, is_special=false, is_stdlib_inline=false
call: name=check, is_extern_c=false, is_builtin=false, is_user=false, is_stdlib_extern=false, is_special=false, is_stdlib_inline=false
call: name=check, is_extern_c=false, is_builtin=false, is_user=false, is_stdlib_extern=false, is_special=false, is_stdlib_inline=false
call: name=check, is_extern_c=false, is_builtin=false, is_user=false, is_stdlib_extern=false, is_special=false, is_stdlib_inline=false
call: name=check, is_extern_c=false, is_builtin=false, is_user=false, is_stdlib_extern=false, is_special=false, is_stdlib_inline=false
call: name=check, is_extern_c=false, is_builtin=false, is_user=false, is_stdlib_extern=false, is_special=false, is_stdlib_inline=false
call: name=check, is_extern_c=false, is_builtin=false, is_user=false, is_stdlib_extern=false, is_special=false, is_stdlib_inline=false
call: name=check, is_extern_c=false, is_builtin=false, is_user=false, is_stdlib_extern=false, is_special=false, is_stdlib_inline=false
call: name=check, is_extern_c=false, is_builtin=false, is_user=false, is_stdlib_extern=false, is_special=false, is_stdlib_inline=false
call: name=optIsSome, is_extern_c=false, is_builtin=false, is_user=false, is_stdlib_extern=false, is_special=false, is_stdlib_inline=false
call: name=check, is_extern_c=false, is_builtin=false, is_user=false, is_stdlib_extern=false, is_special=false, is_stdlib_inline=false
call: name=optIsSome, is_extern_c=false, is_builtin=false, is_user=false, is_stdlib_extern=false, is_special=false, is_stdlib_inline=false
call: name=check, is_extern_c=false, is_builtin=false, is_user=false, is_stdlib_extern=false, is_special=false, is_stdlib_inline=false
call: name=shapeArea, is_extern_c=false, is_builtin=false, is_user=false, is_stdlib_extern=false, is_special=false, is_stdlib_inline=false
call: name=check, is_extern_c=false, is_builtin=false, is_user=false, is_stdlib_extern=false, is_special=false, is_stdlib_inline=false
call: name=shapeArea, is_extern_c=false, is_builtin=false, is_user=false, is_stdlib_extern=false, is_special=false, is_stdlib_inline=false
call: name=check, is_extern_c=false, is_builtin=false, is_user=false, is_stdlib_extern=false, is_special=false, is_stdlib_inline=false
call: name=check, is_extern_c=false, is_builtin=false, is_user=false, is_stdlib_extern=false, is_special=false, is_stdlib_inline=false
call: name=check, is_extern_c=false, is_builtin=false, is_user=false, is_stdlib_extern=false, is_special=false, is_stdlib_inline=false
call: name=check, is_extern_c=false, is_builtin=false, is_user=false, is_stdlib_extern=false, is_special=false, is_stdlib_inline=false
call: name=check, is_extern_c=false, is_builtin=false, is_user=false, is_stdlib_extern=false, is_special=false, is_stdlib_inline=false
call: name=check, is_extern_c=false, is_builtin=false, is_user=false, is_stdlib_extern=false, is_special=false, is_stdlib_inline=false
call: name=check, is_extern_c=false, is_builtin=false, is_user=false, is_stdlib_extern=false, is_special=false, is_stdlib_inline=false
call: name=check, is_extern_c=false, is_builtin=false, is_user=false, is_stdlib_extern=false, is_special=false, is_stdlib_inline=false
call: name=check, is_extern_c=false, is_builtin=false, is_user=false, is_stdlib_extern=false, is_special=false, is_stdlib_inline=false
call: name=summary, is_extern_c=false, is_builtin=false, is_user=false, is_stdlib_extern=false, is_special=false, is_stdlib_inline=false
call: name=format, is_extern_c=false, is_builtin=false, is_user=false, is_stdlib_extern=false, is_special=false, is_stdlib_inline=false
call: name=__stdout_write, is_extern_c=false, is_builtin=false, is_user=false, is_stdlib_extern=false, is_special=false, is_stdlib_inline=false
call: name=__stdout_write, is_extern_c=false, is_builtin=false, is_user=false, is_stdlib_extern=false, is_special=false, is_stdlib_inline=false
call: name=lstLen, is_extern_c=false, is_builtin=false, is_user=false, is_stdlib_extern=false, is_special=false, is_stdlib_inline=false
call: name=lstLen, is_extern_c=false, is_builtin=false, is_user=false, is_stdlib_extern=false, is_special=false, is_stdlib_inline=false
call: name=__cast_i128_to_i32, is_extern_c=true, is_builtin=false, is_user=false, is_stdlib_extern=true, is_special=true, is_stdlib_inline=false
call: name=__cast_i64_to_i128, is_extern_c=true, is_builtin=false, is_user=false, is_stdlib_extern=true, is_special=true, is_stdlib_inline=false
call: name=__cast_i128_to_u8, is_extern_c=true, is_builtin=false, is_user=false, is_stdlib_extern=true, is_special=true, is_stdlib_inline=false
call: name=__cast_i64_to_i128, is_extern_c=true, is_builtin=false, is_user=false, is_stdlib_extern=true, is_special=true, is_stdlib_inline=false
call: name=__cast_i128_to_u16, is_extern_c=true, is_builtin=false, is_user=false, is_stdlib_extern=true, is_special=true, is_stdlib_inline=false
call: name=__cast_i64_to_i128, is_extern_c=true, is_builtin=false, is_user=false, is_stdlib_extern=true, is_special=true, is_stdlib_inline=false
call: name=__cast_i128_to_u32, is_extern_c=true, is_builtin=false, is_user=false, is_stdlib_extern=true, is_special=true, is_stdlib_inline=false
call: name=__cast_i64_to_i128, is_extern_c=true, is_builtin=false, is_user=false, is_stdlib_extern=true, is_special=true, is_stdlib_inline=false
call: name=__cast_i128_to_usize, is_extern_c=true, is_builtin=false, is_user=false, is_stdlib_extern=true, is_special=true, is_stdlib_inline=false
call: name=__cast_i64_to_i128, is_extern_c=true, is_builtin=false, is_user=false, is_stdlib_extern=true, is_special=true, is_stdlib_inline=false
call: name=__cast_i128_to_i64, is_extern_c=true, is_builtin=false, is_user=false, is_stdlib_extern=true, is_special=true, is_stdlib_inline=false
call: name=__cast_i32_to_i128, is_extern_c=true, is_builtin=false, is_user=false, is_stdlib_extern=true, is_special=true, is_stdlib_inline=false
call: name=__cast_i128_to_u8, is_extern_c=true, is_builtin=false, is_user=false, is_stdlib_extern=true, is_special=true, is_stdlib_inline=false
call: name=__cast_i32_to_i128, is_extern_c=true, is_builtin=false, is_user=false, is_stdlib_extern=true, is_special=true, is_stdlib_inline=false
call: name=__cast_i128_to_u16, is_extern_c=true, is_builtin=false, is_user=false, is_stdlib_extern=true, is_special=true, is_stdlib_inline=false
call: name=__cast_i32_to_i128, is_extern_c=true, is_builtin=false, is_user=false, is_stdlib_extern=true, is_special=true, is_stdlib_inline=false
call: name=__cast_i128_to_usize, is_extern_c=true, is_builtin=false, is_user=false, is_stdlib_extern=true, is_special=true, is_stdlib_inline=false
call: name=__cast_i32_to_i128, is_extern_c=true, is_builtin=false, is_user=false, is_stdlib_extern=true, is_special=true, is_stdlib_inline=false
call: name=__cast_i128_to_i32, is_extern_c=true, is_builtin=false, is_user=false, is_stdlib_extern=true, is_special=true, is_stdlib_inline=false
call: name=__cast_u8_to_i128, is_extern_c=true, is_builtin=false, is_user=false, is_stdlib_extern=true, is_special=true, is_stdlib_inline=false
call: name=__cast_i128_to_i64, is_extern_c=true, is_builtin=false, is_user=false, is_stdlib_extern=true, is_special=true, is_stdlib_inline=false
call: name=__cast_u8_to_i128, is_extern_c=true, is_builtin=false, is_user=false, is_stdlib_extern=true, is_special=true, is_stdlib_inline=false
call: name=__cast_i128_to_u16, is_extern_c=true, is_builtin=false, is_user=false, is_stdlib_extern=true, is_special=true, is_stdlib_inline=false
call: name=__cast_u8_to_i128, is_extern_c=true, is_builtin=false, is_user=false, is_stdlib_extern=true, is_special=true, is_stdlib_inline=false
call: name=__cast_i128_to_i64, is_extern_c=true, is_builtin=false, is_user=false, is_stdlib_extern=true, is_special=true, is_stdlib_inline=false
call: name=__cast_u16_to_i128, is_extern_c=true, is_builtin=false, is_user=false, is_stdlib_extern=true, is_special=true, is_stdlib_inline=false
call: name=__cast_i128_to_i64, is_extern_c=true, is_builtin=false, is_user=false, is_stdlib_extern=true, is_special=true, is_stdlib_inline=false
call: name=__cast_u32_to_i128, is_extern_c=true, is_builtin=false, is_user=false, is_stdlib_extern=true, is_special=true, is_stdlib_inline=false
call: name=__cast_i128_to_i64, is_extern_c=true, is_builtin=false, is_user=false, is_stdlib_extern=true, is_special=true, is_stdlib_inline=false
call: name=__cast_u64_to_i128, is_extern_c=true, is_builtin=false, is_user=false, is_stdlib_extern=true, is_special=true, is_stdlib_inline=false
call: name=__cast_i128_to_i64, is_extern_c=true, is_builtin=false, is_user=false, is_stdlib_extern=true, is_special=true, is_stdlib_inline=false
call: name=__cast_usize_to_i128, is_extern_c=true, is_builtin=false, is_user=false, is_stdlib_extern=true, is_special=true, is_stdlib_inline=false
call: name=__reflect_type_name, is_extern_c=false, is_builtin=true, is_user=false, is_stdlib_extern=false, is_special=false, is_stdlib_inline=false
call: name=__reflect_kind_str, is_extern_c=false, is_builtin=true, is_user=false, is_stdlib_extern=false, is_special=false, is_stdlib_inline=false
call: name=__reflect_layout_size, is_extern_c=false, is_builtin=true, is_user=false, is_stdlib_extern=false, is_special=false, is_stdlib_inline=false
call: name=__reflect_layout_alignment, is_extern_c=false, is_builtin=true, is_user=false, is_stdlib_extern=false, is_special=false, is_stdlib_inline=false
call: name=__reflect_type_name, is_extern_c=false, is_builtin=true, is_user=false, is_stdlib_extern=false, is_special=false, is_stdlib_inline=false
call: name=__reflect_format, is_extern_c=false, is_builtin=true, is_user=false, is_stdlib_extern=false, is_special=false, is_stdlib_inline=false
call: name=__stdout_write_raw, is_extern_c=true, is_builtin=false, is_user=false, is_stdlib_extern=true, is_special=false, is_stdlib_inline=true
call: name=__stderr_write_raw, is_extern_c=true, is_builtin=false, is_user=false, is_stdlib_extern=true, is_special=false, is_stdlib_inline=true
call: name=__stdin_readln_into, is_extern_c=true, is_builtin=false, is_user=false, is_stdlib_extern=true, is_special=false, is_stdlib_inline=true
call: name=format, is_extern_c=false, is_builtin=false, is_user=false, is_stdlib_extern=false, is_special=false, is_stdlib_inline=false
call: name=__stdout_write, is_extern_c=false, is_builtin=false, is_user=false, is_stdlib_extern=false, is_special=false, is_stdlib_inline=false
call: name=format, is_extern_c=false, is_builtin=false, is_user=false, is_stdlib_extern=false, is_special=false, is_stdlib_inline=false
call: name=__stdout_write, is_extern_c=false, is_builtin=false, is_user=false, is_stdlib_extern=false, is_special=false, is_stdlib_inline=false
call: name=__stdout_write, is_extern_c=false, is_builtin=false, is_user=false, is_stdlib_extern=false, is_special=false, is_stdlib_inline=false
call: name=format, is_extern_c=false, is_builtin=false, is_user=false, is_stdlib_extern=false, is_special=false, is_stdlib_inline=false
call: name=__stderr_write, is_extern_c=false, is_builtin=false, is_user=false, is_stdlib_extern=false, is_special=false, is_stdlib_inline=false
call: name=format, is_extern_c=false, is_builtin=false, is_user=false, is_stdlib_extern=false, is_special=false, is_stdlib_inline=false
call: name=__stderr_write, is_extern_c=false, is_builtin=false, is_user=false, is_stdlib_extern=false, is_special=false, is_stdlib_inline=false
call: name=__stderr_write, is_extern_c=false, is_builtin=false, is_user=false, is_stdlib_extern=false, is_special=false, is_stdlib_inline=false
call: name=__stdin_readln, is_extern_c=false, is_builtin=false, is_user=false, is_stdlib_extern=false, is_special=false, is_stdlib_inline=false
call: name=__stdin_readln, is_extern_c=false, is_builtin=false, is_user=false, is_stdlib_extern=false, is_special=false, is_stdlib_inline=false
call: name=__str_array_join, is_extern_c=true, is_builtin=false, is_user=false, is_stdlib_extern=true, is_special=true, is_stdlib_inline=false
call: name=__str_array_join, is_extern_c=true, is_builtin=false, is_user=false, is_stdlib_extern=true, is_special=true, is_stdlib_inline=false
call: name=normalize_seps, is_extern_c=false, is_builtin=false, is_user=false, is_stdlib_extern=false, is_special=false, is_stdlib_inline=false
call: name=split_segments, is_extern_c=false, is_builtin=false, is_user=false, is_stdlib_extern=false, is_special=false, is_stdlib_inline=false
call: name=__file_open_raw, is_extern_c=true, is_builtin=false, is_user=false, is_stdlib_extern=true, is_special=false, is_stdlib_inline=true
call: name=__file_close_raw, is_extern_c=true, is_builtin=false, is_user=false, is_stdlib_extern=true, is_special=false, is_stdlib_inline=true
call: name=__file_seek_raw, is_extern_c=true, is_builtin=false, is_user=false, is_stdlib_extern=true, is_special=false, is_stdlib_inline=true
call: name=__file_remove_raw, is_extern_c=true, is_builtin=false, is_user=false, is_stdlib_extern=true, is_special=false, is_stdlib_inline=true
call: name=__file_rename_raw, is_extern_c=true, is_builtin=false, is_user=false, is_stdlib_extern=true, is_special=false, is_stdlib_inline=true
call: name=__file_chmod_raw, is_extern_c=true, is_builtin=false, is_user=false, is_stdlib_extern=true, is_special=false, is_stdlib_inline=true
call: name=u64, is_extern_c=false, is_builtin=false, is_user=false, is_stdlib_extern=false, is_special=false, is_stdlib_inline=false
call: name=u64, is_extern_c=false, is_builtin=false, is_user=false, is_stdlib_extern=false, is_special=false, is_stdlib_inline=false
call: name=u64, is_extern_c=false, is_builtin=false, is_user=false, is_stdlib_extern=false, is_special=false, is_stdlib_inline=false
call: name=u64, is_extern_c=false, is_builtin=false, is_user=false, is_stdlib_extern=false, is_special=false, is_stdlib_inline=false
call: name=u64, is_extern_c=false, is_builtin=false, is_user=false, is_stdlib_extern=false, is_special=false, is_stdlib_inline=false
call: name=u64, is_extern_c=false, is_builtin=false, is_user=false, is_stdlib_extern=false, is_special=false, is_stdlib_inline=false
call: name=u64, is_extern_c=false, is_builtin=false, is_user=false, is_stdlib_extern=false, is_special=false, is_stdlib_inline=false
call: name=u64, is_extern_c=false, is_builtin=false, is_user=false, is_stdlib_extern=false, is_special=false, is_stdlib_inline=false
call: name=__read_u64_le, is_extern_c=false, is_builtin=false, is_user=false, is_stdlib_extern=false, is_special=false, is_stdlib_inline=false
call: name=u32, is_extern_c=false, is_builtin=false, is_user=false, is_stdlib_extern=false, is_special=false, is_stdlib_inline=false
call: name=u32, is_extern_c=false, is_builtin=false, is_user=false, is_stdlib_extern=false, is_special=false, is_stdlib_inline=false
call: name=u32, is_extern_c=false, is_builtin=false, is_user=false, is_stdlib_extern=false, is_special=false, is_stdlib_inline=false
call: name=u32, is_extern_c=false, is_builtin=false, is_user=false, is_stdlib_extern=false, is_special=false, is_stdlib_inline=false
call: name=__file_stat_into, is_extern_c=true, is_builtin=false, is_user=false, is_stdlib_extern=true, is_special=false, is_stdlib_inline=true
call: name=__read_u64_le, is_extern_c=false, is_builtin=false, is_user=false, is_stdlib_extern=false, is_special=false, is_stdlib_inline=false
call: name=__read_u64_le, is_extern_c=false, is_builtin=false, is_user=false, is_stdlib_extern=false, is_special=false, is_stdlib_inline=false
call: name=__read_u64_le, is_extern_c=false, is_builtin=false, is_user=false, is_stdlib_extern=false, is_special=false, is_stdlib_inline=false
call: name=__read_i32_le, is_extern_c=false, is_builtin=false, is_user=false, is_stdlib_extern=false, is_special=false, is_stdlib_inline=false
call: name=__file_fstat_into, is_extern_c=true, is_builtin=false, is_user=false, is_stdlib_extern=true, is_special=false, is_stdlib_inline=true
call: name=__read_u64_le, is_extern_c=false, is_builtin=false, is_user=false, is_stdlib_extern=false, is_special=false, is_stdlib_inline=false
call: name=__read_u64_le, is_extern_c=false, is_builtin=false, is_user=false, is_stdlib_extern=false, is_special=false, is_stdlib_inline=false
call: name=__read_u64_le, is_extern_c=false, is_builtin=false, is_user=false, is_stdlib_extern=false, is_special=false, is_stdlib_inline=false
call: name=__read_i32_le, is_extern_c=false, is_builtin=false, is_user=false, is_stdlib_extern=false, is_special=false, is_stdlib_inline=false
call: name=__compute_flags, is_extern_c=false, is_builtin=false, is_user=false, is_stdlib_extern=false, is_special=false, is_stdlib_inline=false
call: name=__file_open, is_extern_c=false, is_builtin=false, is_user=false, is_stdlib_extern=false, is_special=false, is_stdlib_inline=false
call: name=__file_stat, is_extern_c=false, is_builtin=false, is_user=false, is_stdlib_extern=false, is_special=false, is_stdlib_inline=false
call: name=__file_remove, is_extern_c=false, is_builtin=false, is_user=false, is_stdlib_extern=false, is_special=false, is_stdlib_inline=false
call: name=__file_rename, is_extern_c=false, is_builtin=false, is_user=false, is_stdlib_extern=false, is_special=false, is_stdlib_inline=false
call: name=__file_chmod, is_extern_c=false, is_builtin=false, is_user=false, is_stdlib_extern=false, is_special=false, is_stdlib_inline=false
call: name=__dir_create_raw, is_extern_c=true, is_builtin=false, is_user=false, is_stdlib_extern=true, is_special=false, is_stdlib_inline=true
call: name=__dir_remove_raw, is_extern_c=true, is_builtin=false, is_user=false, is_stdlib_extern=true, is_special=false, is_stdlib_inline=true
call: name=__dir_list_into, is_extern_c=true, is_builtin=false, is_user=false, is_stdlib_extern=true, is_special=false, is_stdlib_inline=true
call: name=__kind_from_int, is_extern_c=false, is_builtin=false, is_user=false, is_stdlib_extern=false, is_special=false, is_stdlib_inline=false
call: name=__read_i32_le, is_extern_c=false, is_builtin=false, is_user=false, is_stdlib_extern=false, is_special=false, is_stdlib_inline=false
call: name=__read_i32_le, is_extern_c=false, is_builtin=false, is_user=false, is_stdlib_extern=false, is_special=false, is_stdlib_inline=false
call: name=__dir_list, is_extern_c=false, is_builtin=false, is_user=false, is_stdlib_extern=false, is_special=false, is_stdlib_inline=false
call: name=__dir_list, is_extern_c=false, is_builtin=false, is_user=false, is_stdlib_extern=false, is_special=false, is_stdlib_inline=false
call: name=__dir_create, is_extern_c=false, is_builtin=false, is_user=false, is_stdlib_extern=false, is_special=false, is_stdlib_inline=false
call: name=__dir_create, is_extern_c=false, is_builtin=false, is_user=false, is_stdlib_extern=false, is_special=false, is_stdlib_inline=false
call: name=__file_remove, is_extern_c=false, is_builtin=false, is_user=false, is_stdlib_extern=false, is_special=false, is_stdlib_inline=false
call: name=__dir_list, is_extern_c=false, is_builtin=false, is_user=false, is_stdlib_extern=false, is_special=false, is_stdlib_inline=false
call: name=walk, is_extern_c=false, is_builtin=false, is_user=false, is_stdlib_extern=false, is_special=false, is_stdlib_inline=false
call: name=read_file, is_extern_c=false, is_builtin=false, is_user=false, is_stdlib_extern=false, is_special=false, is_stdlib_inline=false
call: name=__instant_now_ns, is_extern_c=true, is_builtin=false, is_user=false, is_stdlib_extern=true, is_special=false, is_stdlib_inline=true
call: name=__instant_now_ns, is_extern_c=true, is_builtin=false, is_user=false, is_stdlib_extern=true, is_special=false, is_stdlib_inline=true
call: name=__localtime_offset_minutes, is_extern_c=true, is_builtin=false, is_user=false, is_stdlib_extern=true, is_special=false, is_stdlib_inline=true
call: name=to_utc_components, is_extern_c=false, is_builtin=false, is_user=false, is_stdlib_extern=false, is_special=false, is_stdlib_inline=false
call: name=components_to_ns_utc, is_extern_c=false, is_builtin=false, is_user=false, is_stdlib_extern=false, is_special=false, is_stdlib_inline=false
call: name=is_leap_year, is_extern_c=false, is_builtin=false, is_user=false, is_stdlib_extern=false, is_special=false, is_stdlib_inline=false
call: name=is_leap_year, is_extern_c=false, is_builtin=false, is_user=false, is_stdlib_extern=false, is_special=false, is_stdlib_inline=false
call: name=floor_div, is_extern_c=false, is_builtin=false, is_user=false, is_stdlib_extern=false, is_special=false, is_stdlib_inline=false
call: name=floor_div, is_extern_c=false, is_builtin=false, is_user=false, is_stdlib_extern=false, is_special=false, is_stdlib_inline=false
call: name=floor_div, is_extern_c=false, is_builtin=false, is_user=false, is_stdlib_extern=false, is_special=false, is_stdlib_inline=false
call: name=floor_div, is_extern_c=false, is_builtin=false, is_user=false, is_stdlib_extern=false, is_special=false, is_stdlib_inline=false
call: name=floor_div, is_extern_c=false, is_builtin=false, is_user=false, is_stdlib_extern=false, is_special=false, is_stdlib_inline=false
call: name=floor_div, is_extern_c=false, is_builtin=false, is_user=false, is_stdlib_extern=false, is_special=false, is_stdlib_inline=false
call: name=floor_div, is_extern_c=false, is_builtin=false, is_user=false, is_stdlib_extern=false, is_special=false, is_stdlib_inline=false
call: name=floor_div, is_extern_c=false, is_builtin=false, is_user=false, is_stdlib_extern=false, is_special=false, is_stdlib_inline=false
call: name=floor_div, is_extern_c=false, is_builtin=false, is_user=false, is_stdlib_extern=false, is_special=false, is_stdlib_inline=false
call: name=floor_div, is_extern_c=false, is_builtin=false, is_user=false, is_stdlib_extern=false, is_special=false, is_stdlib_inline=false
call: name=floor_div, is_extern_c=false, is_builtin=false, is_user=false, is_stdlib_extern=false, is_special=false, is_stdlib_inline=false
call: name=floor_div, is_extern_c=false, is_builtin=false, is_user=false, is_stdlib_extern=false, is_special=false, is_stdlib_inline=false
call: name=floor_div, is_extern_c=false, is_builtin=false, is_user=false, is_stdlib_extern=false, is_special=false, is_stdlib_inline=false
call: name=to_julian_day, is_extern_c=false, is_builtin=false, is_user=false, is_stdlib_extern=false, is_special=false, is_stdlib_inline=false
call: name=from_julian_day, is_extern_c=false, is_builtin=false, is_user=false, is_stdlib_extern=false, is_special=false, is_stdlib_inline=false
call: name=floor_mod, is_extern_c=false, is_builtin=false, is_user=false, is_stdlib_extern=false, is_special=false, is_stdlib_inline=false
call: name=to_julian_day, is_extern_c=false, is_builtin=false, is_user=false, is_stdlib_extern=false, is_special=false, is_stdlib_inline=false
call: name=floor_mod, is_extern_c=false, is_builtin=false, is_user=false, is_stdlib_extern=false, is_special=false, is_stdlib_inline=false
call: name=to_julian_day, is_extern_c=false, is_builtin=false, is_user=false, is_stdlib_extern=false, is_special=false, is_stdlib_inline=false
call: name=from_julian_day, is_extern_c=false, is_builtin=false, is_user=false, is_stdlib_extern=false, is_special=false, is_stdlib_inline=false
call: name=to_julian_day, is_extern_c=false, is_builtin=false, is_user=false, is_stdlib_extern=false, is_special=false, is_stdlib_inline=false
call: name=to_julian_day, is_extern_c=false, is_builtin=false, is_user=false, is_stdlib_extern=false, is_special=false, is_stdlib_inline=false
call: name=sleep, is_extern_c=false, is_builtin=false, is_user=false, is_stdlib_extern=false, is_special=false, is_stdlib_inline=false
call: name=ticker_loop, is_extern_c=false, is_builtin=false, is_user=false, is_stdlib_extern=false, is_special=false, is_stdlib_inline=false
call: name=sleep, is_extern_c=false, is_builtin=false, is_user=false, is_stdlib_extern=false, is_special=false, is_stdlib_inline=false
call: name=timeout_worker, is_extern_c=false, is_builtin=false, is_user=false, is_stdlib_extern=false, is_special=false, is_stdlib_inline=false
call: name=u32, is_extern_c=false, is_builtin=false, is_user=false, is_stdlib_extern=false, is_special=false, is_stdlib_inline=false
call: name=u32, is_extern_c=false, is_builtin=false, is_user=false, is_stdlib_extern=false, is_special=false, is_stdlib_inline=false
call: name=u32, is_extern_c=false, is_builtin=false, is_user=false, is_stdlib_extern=false, is_special=false, is_stdlib_inline=false
call: name=u32, is_extern_c=false, is_builtin=false, is_user=false, is_stdlib_extern=false, is_special=false, is_stdlib_inline=false
call: name=v4_from_octets, is_extern_c=false, is_builtin=false, is_user=false, is_stdlib_extern=false, is_special=false, is_stdlib_inline=false
call: name=u64, is_extern_c=false, is_builtin=false, is_user=false, is_stdlib_extern=false, is_special=false, is_stdlib_inline=false
call: name=u64, is_extern_c=false, is_builtin=false, is_user=false, is_stdlib_extern=false, is_special=false, is_stdlib_inline=false
call: name=u64, is_extern_c=false, is_builtin=false, is_user=false, is_stdlib_extern=false, is_special=false, is_stdlib_inline=false
call: name=u64, is_extern_c=false, is_builtin=false, is_user=false, is_stdlib_extern=false, is_special=false, is_stdlib_inline=false
call: name=u64, is_extern_c=false, is_builtin=false, is_user=false, is_stdlib_extern=false, is_special=false, is_stdlib_inline=false
call: name=u64, is_extern_c=false, is_builtin=false, is_user=false, is_stdlib_extern=false, is_special=false, is_stdlib_inline=false
call: name=u64, is_extern_c=false, is_builtin=false, is_user=false, is_stdlib_extern=false, is_special=false, is_stdlib_inline=false
call: name=u64, is_extern_c=false, is_builtin=false, is_user=false, is_stdlib_extern=false, is_special=false, is_stdlib_inline=false
call: name=u32, is_extern_c=false, is_builtin=false, is_user=false, is_stdlib_extern=false, is_special=false, is_stdlib_inline=false
call: name=u32, is_extern_c=false, is_builtin=false, is_user=false, is_stdlib_extern=false, is_special=false, is_stdlib_inline=false
call: name=u32, is_extern_c=false, is_builtin=false, is_user=false, is_stdlib_extern=false, is_special=false, is_stdlib_inline=false
call: name=u32, is_extern_c=false, is_builtin=false, is_user=false, is_stdlib_extern=false, is_special=false, is_stdlib_inline=false
call: name=u64, is_extern_c=false, is_builtin=false, is_user=false, is_stdlib_extern=false, is_special=false, is_stdlib_inline=false
call: name=u64, is_extern_c=false, is_builtin=false, is_user=false, is_stdlib_extern=false, is_special=false, is_stdlib_inline=false
call: name=u64, is_extern_c=false, is_builtin=false, is_user=false, is_stdlib_extern=false, is_special=false, is_stdlib_inline=false
call: name=u64, is_extern_c=false, is_builtin=false, is_user=false, is_stdlib_extern=false, is_special=false, is_stdlib_inline=false
call: name=u64, is_extern_c=false, is_builtin=false, is_user=false, is_stdlib_extern=false, is_special=false, is_stdlib_inline=false
call: name=u64, is_extern_c=false, is_builtin=false, is_user=false, is_stdlib_extern=false, is_special=false, is_stdlib_inline=false
call: name=u64, is_extern_c=false, is_builtin=false, is_user=false, is_stdlib_extern=false, is_special=false, is_stdlib_inline=false
call: name=u64, is_extern_c=false, is_builtin=false, is_user=false, is_stdlib_extern=false, is_special=false, is_stdlib_inline=false
call: name=__net_resolve_into, is_extern_c=true, is_builtin=false, is_user=false, is_stdlib_extern=true, is_special=false, is_stdlib_inline=true
call: name=__dns_read_u32_le, is_extern_c=false, is_builtin=false, is_user=false, is_stdlib_extern=false, is_special=false, is_stdlib_inline=false
call: name=__dns_read_u64_le, is_extern_c=false, is_builtin=false, is_user=false, is_stdlib_extern=false, is_special=false, is_stdlib_inline=false
call: name=__dns_read_u64_le, is_extern_c=false, is_builtin=false, is_user=false, is_stdlib_extern=false, is_special=false, is_stdlib_inline=false
call: name=__net_resolve, is_extern_c=false, is_builtin=false, is_user=false, is_stdlib_extern=false, is_special=false, is_stdlib_inline=false
call: name=__net_tcp_connect_v4, is_extern_c=true, is_builtin=false, is_user=false, is_stdlib_extern=true, is_special=false, is_stdlib_inline=true
call: name=__net_tcp_connect_v6, is_extern_c=true, is_builtin=false, is_user=false, is_stdlib_extern=true, is_special=false, is_stdlib_inline=true
call: name=__net_tcp_close_raw, is_extern_c=true, is_builtin=false, is_user=false, is_stdlib_extern=true, is_special=false, is_stdlib_inline=true
call: name=__net_tcp_connect, is_extern_c=false, is_builtin=false, is_user=false, is_stdlib_extern=false, is_special=false, is_stdlib_inline=false
call: name=__net_tcp_listen_v4, is_extern_c=true, is_builtin=false, is_user=false, is_stdlib_extern=true, is_special=false, is_stdlib_inline=true
call: name=__net_tcp_listen_v6, is_extern_c=true, is_builtin=false, is_user=false, is_stdlib_extern=true, is_special=false, is_stdlib_inline=true
call: name=__net_tcp_listen, is_extern_c=false, is_builtin=false, is_user=false, is_stdlib_extern=false, is_special=false, is_stdlib_inline=false
call: name=__net_udp_bind_v4, is_extern_c=true, is_builtin=false, is_user=false, is_stdlib_extern=true, is_special=false, is_stdlib_inline=true
call: name=__net_udp_bind_v6, is_extern_c=true, is_builtin=false, is_user=false, is_stdlib_extern=true, is_special=false, is_stdlib_inline=true
call: name=__net_udp_send_to_v4, is_extern_c=true, is_builtin=false, is_user=false, is_stdlib_extern=true, is_special=false, is_stdlib_inline=true
call: name=__net_udp_send_to_v6, is_extern_c=true, is_builtin=false, is_user=false, is_stdlib_extern=true, is_special=false, is_stdlib_inline=true
call: name=__net_tcp_listen, is_extern_c=false, is_builtin=false, is_user=false, is_stdlib_extern=false, is_special=false, is_stdlib_inline=false
call: name=type_name, is_extern_c=false, is_builtin=false, is_user=false, is_stdlib_extern=false, is_special=false, is_stdlib_inline=false
call: name=type_name, is_extern_c=false, is_builtin=false, is_user=false, is_stdlib_extern=false, is_special=false, is_stdlib_inline=false
call: name=type_name, is_extern_c=false, is_builtin=false, is_user=false, is_stdlib_extern=false, is_special=false, is_stdlib_inline=false
call: name=type_name, is_extern_c=false, is_builtin=false, is_user=false, is_stdlib_extern=false, is_special=false, is_stdlib_inline=false
call: name=type_name, is_extern_c=false, is_builtin=false, is_user=false, is_stdlib_extern=false, is_special=false, is_stdlib_inline=false
call: name=isnormal_f64_impl, is_extern_c=false, is_builtin=false, is_user=false, is_stdlib_extern=false, is_special=false, is_stdlib_inline=false
call: name=isnormal_f32_impl, is_extern_c=false, is_builtin=false, is_user=false, is_stdlib_extern=false, is_special=false, is_stdlib_inline=false
call: name=isnormal_f16_impl, is_extern_c=false, is_builtin=false, is_user=false, is_stdlib_extern=false, is_special=false, is_stdlib_inline=false
call: name=isnormal_f128_impl, is_extern_c=false, is_builtin=false, is_user=false, is_stdlib_extern=false, is_special=false, is_stdlib_inline=false
call: name=type_name, is_extern_c=false, is_builtin=false, is_user=false, is_stdlib_extern=false, is_special=false, is_stdlib_inline=false
call: name=type_name, is_extern_c=false, is_builtin=false, is_user=false, is_stdlib_extern=false, is_special=false, is_stdlib_inline=false
call: name=count_ones_8_impl, is_extern_c=false, is_builtin=false, is_user=false, is_stdlib_extern=false, is_special=false, is_stdlib_inline=false
call: name=count_ones_8_impl, is_extern_c=false, is_builtin=false, is_user=false, is_stdlib_extern=false, is_special=false, is_stdlib_inline=false
call: name=count_ones_16_impl, is_extern_c=false, is_builtin=false, is_user=false, is_stdlib_extern=false, is_special=false, is_stdlib_inline=false
call: name=count_ones_16_impl, is_extern_c=false, is_builtin=false, is_user=false, is_stdlib_extern=false, is_special=false, is_stdlib_inline=false
call: name=count_ones_32_impl, is_extern_c=false, is_builtin=false, is_user=false, is_stdlib_extern=false, is_special=false, is_stdlib_inline=false
call: name=count_ones_32_impl, is_extern_c=false, is_builtin=false, is_user=false, is_stdlib_extern=false, is_special=false, is_stdlib_inline=false
call: name=count_ones_64_impl, is_extern_c=false, is_builtin=false, is_user=false, is_stdlib_extern=false, is_special=false, is_stdlib_inline=false
call: name=count_ones_64_impl, is_extern_c=false, is_builtin=false, is_user=false, is_stdlib_extern=false, is_special=false, is_stdlib_inline=false
call: name=count_ones_128_impl, is_extern_c=false, is_builtin=false, is_user=false, is_stdlib_extern=false, is_special=false, is_stdlib_inline=false
call: name=count_ones_128_impl, is_extern_c=false, is_builtin=false, is_user=false, is_stdlib_extern=false, is_special=false, is_stdlib_inline=false
call: name=count_ones_64_impl, is_extern_c=false, is_builtin=false, is_user=false, is_stdlib_extern=false, is_special=false, is_stdlib_inline=false
call: name=count_ones_64_impl, is_extern_c=false, is_builtin=false, is_user=false, is_stdlib_extern=false, is_special=false, is_stdlib_inline=false
call: name=type_name, is_extern_c=false, is_builtin=false, is_user=false, is_stdlib_extern=false, is_special=false, is_stdlib_inline=false
call: name=leading_zeros_8_impl, is_extern_c=false, is_builtin=false, is_user=false, is_stdlib_extern=false, is_special=false, is_stdlib_inline=false
call: name=leading_zeros_8_impl, is_extern_c=false, is_builtin=false, is_user=false, is_stdlib_extern=false, is_special=false, is_stdlib_inline=false
call: name=leading_zeros_16_impl, is_extern_c=false, is_builtin=false, is_user=false, is_stdlib_extern=false, is_special=false, is_stdlib_inline=false
call: name=leading_zeros_16_impl, is_extern_c=false, is_builtin=false, is_user=false, is_stdlib_extern=false, is_special=false, is_stdlib_inline=false
call: name=leading_zeros_32_impl, is_extern_c=false, is_builtin=false, is_user=false, is_stdlib_extern=false, is_special=false, is_stdlib_inline=false
call: name=leading_zeros_32_impl, is_extern_c=false, is_builtin=false, is_user=false, is_stdlib_extern=false, is_special=false, is_stdlib_inline=false
call: name=leading_zeros_64_impl, is_extern_c=false, is_builtin=false, is_user=false, is_stdlib_extern=false, is_special=false, is_stdlib_inline=false
call: name=leading_zeros_64_impl, is_extern_c=false, is_builtin=false, is_user=false, is_stdlib_extern=false, is_special=false, is_stdlib_inline=false
call: name=leading_zeros_128_impl, is_extern_c=false, is_builtin=false, is_user=false, is_stdlib_extern=false, is_special=false, is_stdlib_inline=false
call: name=leading_zeros_128_impl, is_extern_c=false, is_builtin=false, is_user=false, is_stdlib_extern=false, is_special=false, is_stdlib_inline=false
call: name=leading_zeros_64_impl, is_extern_c=false, is_builtin=false, is_user=false, is_stdlib_extern=false, is_special=false, is_stdlib_inline=false
call: name=leading_zeros_64_impl, is_extern_c=false, is_builtin=false, is_user=false, is_stdlib_extern=false, is_special=false, is_stdlib_inline=false
call: name=type_name, is_extern_c=false, is_builtin=false, is_user=false, is_stdlib_extern=false, is_special=false, is_stdlib_inline=false
call: name=trailing_zeros_8_impl, is_extern_c=false, is_builtin=false, is_user=false, is_stdlib_extern=false, is_special=false, is_stdlib_inline=false
call: name=trailing_zeros_8_impl, is_extern_c=false, is_builtin=false, is_user=false, is_stdlib_extern=false, is_special=false, is_stdlib_inline=false
call: name=trailing_zeros_16_impl, is_extern_c=false, is_builtin=false, is_user=false, is_stdlib_extern=false, is_special=false, is_stdlib_inline=false
call: name=trailing_zeros_16_impl, is_extern_c=false, is_builtin=false, is_user=false, is_stdlib_extern=false, is_special=false, is_stdlib_inline=false
call: name=trailing_zeros_32_impl, is_extern_c=false, is_builtin=false, is_user=false, is_stdlib_extern=false, is_special=false, is_stdlib_inline=false
call: name=trailing_zeros_32_impl, is_extern_c=false, is_builtin=false, is_user=false, is_stdlib_extern=false, is_special=false, is_stdlib_inline=false
call: name=trailing_zeros_64_impl, is_extern_c=false, is_builtin=false, is_user=false, is_stdlib_extern=false, is_special=false, is_stdlib_inline=false
call: name=trailing_zeros_64_impl, is_extern_c=false, is_builtin=false, is_user=false, is_stdlib_extern=false, is_special=false, is_stdlib_inline=false
call: name=trailing_zeros_128_impl, is_extern_c=false, is_builtin=false, is_user=false, is_stdlib_extern=false, is_special=false, is_stdlib_inline=false
call: name=trailing_zeros_128_impl, is_extern_c=false, is_builtin=false, is_user=false, is_stdlib_extern=false, is_special=false, is_stdlib_inline=false
call: name=trailing_zeros_64_impl, is_extern_c=false, is_builtin=false, is_user=false, is_stdlib_extern=false, is_special=false, is_stdlib_inline=false
call: name=trailing_zeros_64_impl, is_extern_c=false, is_builtin=false, is_user=false, is_stdlib_extern=false, is_special=false, is_stdlib_inline=false
call: name=type_name, is_extern_c=false, is_builtin=false, is_user=false, is_stdlib_extern=false, is_special=false, is_stdlib_inline=false
call: name=next_pow2_8_impl, is_extern_c=false, is_builtin=false, is_user=false, is_stdlib_extern=false, is_special=false, is_stdlib_inline=false
call: name=next_pow2_8_impl, is_extern_c=false, is_builtin=false, is_user=false, is_stdlib_extern=false, is_special=false, is_stdlib_inline=false
call: name=next_pow2_16_impl, is_extern_c=false, is_builtin=false, is_user=false, is_stdlib_extern=false, is_special=false, is_stdlib_inline=false
call: name=next_pow2_16_impl, is_extern_c=false, is_builtin=false, is_user=false, is_stdlib_extern=false, is_special=false, is_stdlib_inline=false
call: name=next_pow2_32_impl, is_extern_c=false, is_builtin=false, is_user=false, is_stdlib_extern=false, is_special=false, is_stdlib_inline=false
call: name=next_pow2_32_impl, is_extern_c=false, is_builtin=false, is_user=false, is_stdlib_extern=false, is_special=false, is_stdlib_inline=false
call: name=next_pow2_64_impl, is_extern_c=false, is_builtin=false, is_user=false, is_stdlib_extern=false, is_special=false, is_stdlib_inline=false
call: name=next_pow2_64_impl, is_extern_c=false, is_builtin=false, is_user=false, is_stdlib_extern=false, is_special=false, is_stdlib_inline=false
call: name=next_pow2_128_impl, is_extern_c=false, is_builtin=false, is_user=false, is_stdlib_extern=false, is_special=false, is_stdlib_inline=false
call: name=next_pow2_128_impl, is_extern_c=false, is_builtin=false, is_user=false, is_stdlib_extern=false, is_special=false, is_stdlib_inline=false
call: name=next_pow2_64_impl, is_extern_c=false, is_builtin=false, is_user=false, is_stdlib_extern=false, is_special=false, is_stdlib_inline=false
call: name=next_pow2_64_impl, is_extern_c=false, is_builtin=false, is_user=false, is_stdlib_extern=false, is_special=false, is_stdlib_inline=false
call: name=type_name, is_extern_c=false, is_builtin=false, is_user=false, is_stdlib_extern=false, is_special=false, is_stdlib_inline=false
call: name=type_name, is_extern_c=false, is_builtin=false, is_user=false, is_stdlib_extern=false, is_special=false, is_stdlib_inline=false
call: name=ldexp_f64_impl, is_extern_c=false, is_builtin=false, is_user=false, is_stdlib_extern=false, is_special=false, is_stdlib_inline=false
call: name=ldexp_f32_impl, is_extern_c=false, is_builtin=false, is_user=false, is_stdlib_extern=false, is_special=false, is_stdlib_inline=false
call: name=ldexp_f16_impl, is_extern_c=false, is_builtin=false, is_user=false, is_stdlib_extern=false, is_special=false, is_stdlib_inline=false
call: name=ldexp_f128_impl, is_extern_c=false, is_builtin=false, is_user=false, is_stdlib_extern=false, is_special=false, is_stdlib_inline=false
call: name=type_name, is_extern_c=false, is_builtin=false, is_user=false, is_stdlib_extern=false, is_special=false, is_stdlib_inline=false
call: name=sqrt_f64_impl, is_extern_c=false, is_builtin=false, is_user=false, is_stdlib_extern=false, is_special=false, is_stdlib_inline=false
call: name=sqrt_f32_impl, is_extern_c=false, is_builtin=false, is_user=false, is_stdlib_extern=false, is_special=false, is_stdlib_inline=false
call: name=sqrt_f16_impl, is_extern_c=false, is_builtin=false, is_user=false, is_stdlib_extern=false, is_special=false, is_stdlib_inline=false
call: name=sqrt_f128_impl, is_extern_c=false, is_builtin=false, is_user=false, is_stdlib_extern=false, is_special=false, is_stdlib_inline=false
call: name=ldexp_f64_impl, is_extern_c=false, is_builtin=false, is_user=false, is_stdlib_extern=false, is_special=false, is_stdlib_inline=false
call: name=ldexp_f32_impl, is_extern_c=false, is_builtin=false, is_user=false, is_stdlib_extern=false, is_special=false, is_stdlib_inline=false
call: name=ldexp_f16_impl, is_extern_c=false, is_builtin=false, is_user=false, is_stdlib_extern=false, is_special=false, is_stdlib_inline=false
call: name=ldexp_f128_impl, is_extern_c=false, is_builtin=false, is_user=false, is_stdlib_extern=false, is_special=false, is_stdlib_inline=false
call: name=type_name, is_extern_c=false, is_builtin=false, is_user=false, is_stdlib_extern=false, is_special=false, is_stdlib_inline=false
call: name=cbrt_f64_impl, is_extern_c=false, is_builtin=false, is_user=false, is_stdlib_extern=false, is_special=false, is_stdlib_inline=false
call: name=cbrt_f32_impl, is_extern_c=false, is_builtin=false, is_user=false, is_stdlib_extern=false, is_special=false, is_stdlib_inline=false
call: name=cbrt_f16_impl, is_extern_c=false, is_builtin=false, is_user=false, is_stdlib_extern=false, is_special=false, is_stdlib_inline=false
call: name=cbrt_f128_impl, is_extern_c=false, is_builtin=false, is_user=false, is_stdlib_extern=false, is_special=false, is_stdlib_inline=false
call: name=floor_f64_impl, is_extern_c=false, is_builtin=false, is_user=false, is_stdlib_extern=false, is_special=false, is_stdlib_inline=false
call: name=ldexp_f64_impl, is_extern_c=false, is_builtin=false, is_user=false, is_stdlib_extern=false, is_special=false, is_stdlib_inline=false
call: name=floor_f32_impl, is_extern_c=false, is_builtin=false, is_user=false, is_stdlib_extern=false, is_special=false, is_stdlib_inline=false
call: name=ldexp_f32_impl, is_extern_c=false, is_builtin=false, is_user=false, is_stdlib_extern=false, is_special=false, is_stdlib_inline=false
call: name=floor_f16_impl, is_extern_c=false, is_builtin=false, is_user=false, is_stdlib_extern=false, is_special=false, is_stdlib_inline=false
call: name=ldexp_f16_impl, is_extern_c=false, is_builtin=false, is_user=false, is_stdlib_extern=false, is_special=false, is_stdlib_inline=false
call: name=floor_f128_impl, is_extern_c=false, is_builtin=false, is_user=false, is_stdlib_extern=false, is_special=false, is_stdlib_inline=false
call: name=ldexp_f128_impl, is_extern_c=false, is_builtin=false, is_user=false, is_stdlib_extern=false, is_special=false, is_stdlib_inline=false
call: name=type_name, is_extern_c=false, is_builtin=false, is_user=false, is_stdlib_extern=false, is_special=false, is_stdlib_inline=false
call: name=exp_f64_impl, is_extern_c=false, is_builtin=false, is_user=false, is_stdlib_extern=false, is_special=false, is_stdlib_inline=false
call: name=exp_f32_impl, is_extern_c=false, is_builtin=false, is_user=false, is_stdlib_extern=false, is_special=false, is_stdlib_inline=false
call: name=exp_f16_impl, is_extern_c=false, is_builtin=false, is_user=false, is_stdlib_extern=false, is_special=false, is_stdlib_inline=false
call: name=exp_f128_impl, is_extern_c=false, is_builtin=false, is_user=false, is_stdlib_extern=false, is_special=false, is_stdlib_inline=false
call: name=type_name, is_extern_c=false, is_builtin=false, is_user=false, is_stdlib_extern=false, is_special=false, is_stdlib_inline=false
call: name=log_f64_impl, is_extern_c=false, is_builtin=false, is_user=false, is_stdlib_extern=false, is_special=false, is_stdlib_inline=false
call: name=log_f32_impl, is_extern_c=false, is_builtin=false, is_user=false, is_stdlib_extern=false, is_special=false, is_stdlib_inline=false
call: name=log_f16_impl, is_extern_c=false, is_builtin=false, is_user=false, is_stdlib_extern=false, is_special=false, is_stdlib_inline=false
call: name=log_f128_impl, is_extern_c=false, is_builtin=false, is_user=false, is_stdlib_extern=false, is_special=false, is_stdlib_inline=false
call: name=exp_f64_impl, is_extern_c=false, is_builtin=false, is_user=false, is_stdlib_extern=false, is_special=false, is_stdlib_inline=false
call: name=log_f64_impl, is_extern_c=false, is_builtin=false, is_user=false, is_stdlib_extern=false, is_special=false, is_stdlib_inline=false
call: name=exp_f32_impl, is_extern_c=false, is_builtin=false, is_user=false, is_stdlib_extern=false, is_special=false, is_stdlib_inline=false
call: name=log_f32_impl, is_extern_c=false, is_builtin=false, is_user=false, is_stdlib_extern=false, is_special=false, is_stdlib_inline=false
call: name=exp_f16_impl, is_extern_c=false, is_builtin=false, is_user=false, is_stdlib_extern=false, is_special=false, is_stdlib_inline=false
call: name=log_f16_impl, is_extern_c=false, is_builtin=false, is_user=false, is_stdlib_extern=false, is_special=false, is_stdlib_inline=false
call: name=exp_f128_impl, is_extern_c=false, is_builtin=false, is_user=false, is_stdlib_extern=false, is_special=false, is_stdlib_inline=false
call: name=log_f128_impl, is_extern_c=false, is_builtin=false, is_user=false, is_stdlib_extern=false, is_special=false, is_stdlib_inline=false
call: name=type_name, is_extern_c=false, is_builtin=false, is_user=false, is_stdlib_extern=false, is_special=false, is_stdlib_inline=false
call: name=pow_f64_impl, is_extern_c=false, is_builtin=false, is_user=false, is_stdlib_extern=false, is_special=false, is_stdlib_inline=false
call: name=pow_f32_impl, is_extern_c=false, is_builtin=false, is_user=false, is_stdlib_extern=false, is_special=false, is_stdlib_inline=false
call: name=pow_f16_impl, is_extern_c=false, is_builtin=false, is_user=false, is_stdlib_extern=false, is_special=false, is_stdlib_inline=false
call: name=pow_f128_impl, is_extern_c=false, is_builtin=false, is_user=false, is_stdlib_extern=false, is_special=false, is_stdlib_inline=false
call: name=exp_f64_impl, is_extern_c=false, is_builtin=false, is_user=false, is_stdlib_extern=false, is_special=false, is_stdlib_inline=false
call: name=exp_f32_impl, is_extern_c=false, is_builtin=false, is_user=false, is_stdlib_extern=false, is_special=false, is_stdlib_inline=false
call: name=exp_f16_impl, is_extern_c=false, is_builtin=false, is_user=false, is_stdlib_extern=false, is_special=false, is_stdlib_inline=false
call: name=exp_f128_impl, is_extern_c=false, is_builtin=false, is_user=false, is_stdlib_extern=false, is_special=false, is_stdlib_inline=false
call: name=type_name, is_extern_c=false, is_builtin=false, is_user=false, is_stdlib_extern=false, is_special=false, is_stdlib_inline=false
call: name=exp_f64_impl, is_extern_c=false, is_builtin=false, is_user=false, is_stdlib_extern=false, is_special=false, is_stdlib_inline=false
call: name=exp_f32_impl, is_extern_c=false, is_builtin=false, is_user=false, is_stdlib_extern=false, is_special=false, is_stdlib_inline=false
call: name=exp_f16_impl, is_extern_c=false, is_builtin=false, is_user=false, is_stdlib_extern=false, is_special=false, is_stdlib_inline=false
call: name=exp_f128_impl, is_extern_c=false, is_builtin=false, is_user=false, is_stdlib_extern=false, is_special=false, is_stdlib_inline=false
call: name=exp_f64_impl, is_extern_c=false, is_builtin=false, is_user=false, is_stdlib_extern=false, is_special=false, is_stdlib_inline=false
call: name=exp_f32_impl, is_extern_c=false, is_builtin=false, is_user=false, is_stdlib_extern=false, is_special=false, is_stdlib_inline=false
call: name=exp_f16_impl, is_extern_c=false, is_builtin=false, is_user=false, is_stdlib_extern=false, is_special=false, is_stdlib_inline=false
call: name=exp_f128_impl, is_extern_c=false, is_builtin=false, is_user=false, is_stdlib_extern=false, is_special=false, is_stdlib_inline=false
call: name=type_name, is_extern_c=false, is_builtin=false, is_user=false, is_stdlib_extern=false, is_special=false, is_stdlib_inline=false
call: name=exp_f64_impl, is_extern_c=false, is_builtin=false, is_user=false, is_stdlib_extern=false, is_special=false, is_stdlib_inline=false
call: name=exp_f32_impl, is_extern_c=false, is_builtin=false, is_user=false, is_stdlib_extern=false, is_special=false, is_stdlib_inline=false
call: name=exp_f16_impl, is_extern_c=false, is_builtin=false, is_user=false, is_stdlib_extern=false, is_special=false, is_stdlib_inline=false
call: name=exp_f128_impl, is_extern_c=false, is_builtin=false, is_user=false, is_stdlib_extern=false, is_special=false, is_stdlib_inline=false
call: name=log_f64_impl, is_extern_c=false, is_builtin=false, is_user=false, is_stdlib_extern=false, is_special=false, is_stdlib_inline=false
call: name=log_f32_impl, is_extern_c=false, is_builtin=false, is_user=false, is_stdlib_extern=false, is_special=false, is_stdlib_inline=false
call: name=log_f16_impl, is_extern_c=false, is_builtin=false, is_user=false, is_stdlib_extern=false, is_special=false, is_stdlib_inline=false
call: name=log_f128_impl, is_extern_c=false, is_builtin=false, is_user=false, is_stdlib_extern=false, is_special=false, is_stdlib_inline=false
call: name=type_name, is_extern_c=false, is_builtin=false, is_user=false, is_stdlib_extern=false, is_special=false, is_stdlib_inline=false
call: name=log_f64_impl, is_extern_c=false, is_builtin=false, is_user=false, is_stdlib_extern=false, is_special=false, is_stdlib_inline=false
call: name=log_f32_impl, is_extern_c=false, is_builtin=false, is_user=false, is_stdlib_extern=false, is_special=false, is_stdlib_inline=false
call: name=log_f16_impl, is_extern_c=false, is_builtin=false, is_user=false, is_stdlib_extern=false, is_special=false, is_stdlib_inline=false
call: name=log_f128_impl, is_extern_c=false, is_builtin=false, is_user=false, is_stdlib_extern=false, is_special=false, is_stdlib_inline=false
call: name=log_f64_impl, is_extern_c=false, is_builtin=false, is_user=false, is_stdlib_extern=false, is_special=false, is_stdlib_inline=false
call: name=log_f32_impl, is_extern_c=false, is_builtin=false, is_user=false, is_stdlib_extern=false, is_special=false, is_stdlib_inline=false
call: name=log_f16_impl, is_extern_c=false, is_builtin=false, is_user=false, is_stdlib_extern=false, is_special=false, is_stdlib_inline=false
call: name=log_f128_impl, is_extern_c=false, is_builtin=false, is_user=false, is_stdlib_extern=false, is_special=false, is_stdlib_inline=false
call: name=type_name, is_extern_c=false, is_builtin=false, is_user=false, is_stdlib_extern=false, is_special=false, is_stdlib_inline=false
call: name=log_f64_impl, is_extern_c=false, is_builtin=false, is_user=false, is_stdlib_extern=false, is_special=false, is_stdlib_inline=false
call: name=log_f32_impl, is_extern_c=false, is_builtin=false, is_user=false, is_stdlib_extern=false, is_special=false, is_stdlib_inline=false
call: name=log_f16_impl, is_extern_c=false, is_builtin=false, is_user=false, is_stdlib_extern=false, is_special=false, is_stdlib_inline=false
call: name=log_f128_impl, is_extern_c=false, is_builtin=false, is_user=false, is_stdlib_extern=false, is_special=false, is_stdlib_inline=false
call: name=type_name, is_extern_c=false, is_builtin=false, is_user=false, is_stdlib_extern=false, is_special=false, is_stdlib_inline=false
call: name=gcd_i8_impl, is_extern_c=false, is_builtin=false, is_user=false, is_stdlib_extern=false, is_special=false, is_stdlib_inline=false
call: name=gcd_i16_impl, is_extern_c=false, is_builtin=false, is_user=false, is_stdlib_extern=false, is_special=false, is_stdlib_inline=false
call: name=gcd_i32_impl, is_extern_c=false, is_builtin=false, is_user=false, is_stdlib_extern=false, is_special=false, is_stdlib_inline=false
call: name=gcd_i64_impl, is_extern_c=false, is_builtin=false, is_user=false, is_stdlib_extern=false, is_special=false, is_stdlib_inline=false
call: name=gcd_i128_impl, is_extern_c=false, is_builtin=false, is_user=false, is_stdlib_extern=false, is_special=false, is_stdlib_inline=false
call: name=gcd_isize_impl, is_extern_c=false, is_builtin=false, is_user=false, is_stdlib_extern=false, is_special=false, is_stdlib_inline=false
call: name=gcd_u8_impl, is_extern_c=false, is_builtin=false, is_user=false, is_stdlib_extern=false, is_special=false, is_stdlib_inline=false
call: name=gcd_u16_impl, is_extern_c=false, is_builtin=false, is_user=false, is_stdlib_extern=false, is_special=false, is_stdlib_inline=false
call: name=gcd_u32_impl, is_extern_c=false, is_builtin=false, is_user=false, is_stdlib_extern=false, is_special=false, is_stdlib_inline=false
call: name=gcd_u64_impl, is_extern_c=false, is_builtin=false, is_user=false, is_stdlib_extern=false, is_special=false, is_stdlib_inline=false
call: name=gcd_u128_impl, is_extern_c=false, is_builtin=false, is_user=false, is_stdlib_extern=false, is_special=false, is_stdlib_inline=false
call: name=gcd_usize_impl, is_extern_c=false, is_builtin=false, is_user=false, is_stdlib_extern=false, is_special=false, is_stdlib_inline=false
call: name=gcd_i32_impl, is_extern_c=false, is_builtin=false, is_user=false, is_stdlib_extern=false, is_special=false, is_stdlib_inline=false
call: name=gcd_i64_impl, is_extern_c=false, is_builtin=false, is_user=false, is_stdlib_extern=false, is_special=false, is_stdlib_inline=false
call: name=gcd_i128_impl, is_extern_c=false, is_builtin=false, is_user=false, is_stdlib_extern=false, is_special=false, is_stdlib_inline=false
call: name=gcd_u32_impl, is_extern_c=false, is_builtin=false, is_user=false, is_stdlib_extern=false, is_special=false, is_stdlib_inline=false
call: name=gcd_u64_impl, is_extern_c=false, is_builtin=false, is_user=false, is_stdlib_extern=false, is_special=false, is_stdlib_inline=false
call: name=gcd_i8_impl, is_extern_c=false, is_builtin=false, is_user=false, is_stdlib_extern=false, is_special=false, is_stdlib_inline=false
call: name=gcd_i16_impl, is_extern_c=false, is_builtin=false, is_user=false, is_stdlib_extern=false, is_special=false, is_stdlib_inline=false
call: name=gcd_isize_impl, is_extern_c=false, is_builtin=false, is_user=false, is_stdlib_extern=false, is_special=false, is_stdlib_inline=false
call: name=gcd_u8_impl, is_extern_c=false, is_builtin=false, is_user=false, is_stdlib_extern=false, is_special=false, is_stdlib_inline=false
call: name=gcd_u16_impl, is_extern_c=false, is_builtin=false, is_user=false, is_stdlib_extern=false, is_special=false, is_stdlib_inline=false
call: name=gcd_u128_impl, is_extern_c=false, is_builtin=false, is_user=false, is_stdlib_extern=false, is_special=false, is_stdlib_inline=false
call: name=gcd_usize_impl, is_extern_c=false, is_builtin=false, is_user=false, is_stdlib_extern=false, is_special=false, is_stdlib_inline=false
call: name=type_name, is_extern_c=false, is_builtin=false, is_user=false, is_stdlib_extern=false, is_special=false, is_stdlib_inline=false
call: name=lcm_i8_impl, is_extern_c=false, is_builtin=false, is_user=false, is_stdlib_extern=false, is_special=false, is_stdlib_inline=false
call: name=lcm_i16_impl, is_extern_c=false, is_builtin=false, is_user=false, is_stdlib_extern=false, is_special=false, is_stdlib_inline=false
call: name=lcm_i32_impl, is_extern_c=false, is_builtin=false, is_user=false, is_stdlib_extern=false, is_special=false, is_stdlib_inline=false
call: name=lcm_i64_impl, is_extern_c=false, is_builtin=false, is_user=false, is_stdlib_extern=false, is_special=false, is_stdlib_inline=false
call: name=lcm_i128_impl, is_extern_c=false, is_builtin=false, is_user=false, is_stdlib_extern=false, is_special=false, is_stdlib_inline=false
call: name=lcm_isize_impl, is_extern_c=false, is_builtin=false, is_user=false, is_stdlib_extern=false, is_special=false, is_stdlib_inline=false
call: name=lcm_u8_impl, is_extern_c=false, is_builtin=false, is_user=false, is_stdlib_extern=false, is_special=false, is_stdlib_inline=false
call: name=lcm_u16_impl, is_extern_c=false, is_builtin=false, is_user=false, is_stdlib_extern=false, is_special=false, is_stdlib_inline=false
call: name=lcm_u32_impl, is_extern_c=false, is_builtin=false, is_user=false, is_stdlib_extern=false, is_special=false, is_stdlib_inline=false
call: name=lcm_u64_impl, is_extern_c=false, is_builtin=false, is_user=false, is_stdlib_extern=false, is_special=false, is_stdlib_inline=false
call: name=lcm_u128_impl, is_extern_c=false, is_builtin=false, is_user=false, is_stdlib_extern=false, is_special=false, is_stdlib_inline=false
call: name=lcm_usize_impl, is_extern_c=false, is_builtin=false, is_user=false, is_stdlib_extern=false, is_special=false, is_stdlib_inline=false
call: name=type_name, is_extern_c=false, is_builtin=false, is_user=false, is_stdlib_extern=false, is_special=false, is_stdlib_inline=false
call: name=div_floor_i8_impl, is_extern_c=false, is_builtin=false, is_user=false, is_stdlib_extern=false, is_special=false, is_stdlib_inline=false
call: name=div_floor_i16_impl, is_extern_c=false, is_builtin=false, is_user=false, is_stdlib_extern=false, is_special=false, is_stdlib_inline=false
call: name=div_floor_i32_impl, is_extern_c=false, is_builtin=false, is_user=false, is_stdlib_extern=false, is_special=false, is_stdlib_inline=false
call: name=div_floor_i64_impl, is_extern_c=false, is_builtin=false, is_user=false, is_stdlib_extern=false, is_special=false, is_stdlib_inline=false
call: name=div_floor_i128_impl, is_extern_c=false, is_builtin=false, is_user=false, is_stdlib_extern=false, is_special=false, is_stdlib_inline=false
call: name=div_floor_isize_impl, is_extern_c=false, is_builtin=false, is_user=false, is_stdlib_extern=false, is_special=false, is_stdlib_inline=false
call: name=type_name, is_extern_c=false, is_builtin=false, is_user=false, is_stdlib_extern=false, is_special=false, is_stdlib_inline=false
call: name=div_ceil_i8_impl, is_extern_c=false, is_builtin=false, is_user=false, is_stdlib_extern=false, is_special=false, is_stdlib_inline=false
call: name=div_ceil_i16_impl, is_extern_c=false, is_builtin=false, is_user=false, is_stdlib_extern=false, is_special=false, is_stdlib_inline=false
call: name=div_ceil_i32_impl, is_extern_c=false, is_builtin=false, is_user=false, is_stdlib_extern=false, is_special=false, is_stdlib_inline=false
call: name=div_ceil_i64_impl, is_extern_c=false, is_builtin=false, is_user=false, is_stdlib_extern=false, is_special=false, is_stdlib_inline=false
call: name=div_ceil_i128_impl, is_extern_c=false, is_builtin=false, is_user=false, is_stdlib_extern=false, is_special=false, is_stdlib_inline=false
call: name=div_ceil_isize_impl, is_extern_c=false, is_builtin=false, is_user=false, is_stdlib_extern=false, is_special=false, is_stdlib_inline=false
call: name=div_ceil_u8_impl, is_extern_c=false, is_builtin=false, is_user=false, is_stdlib_extern=false, is_special=false, is_stdlib_inline=false
call: name=div_ceil_u16_impl, is_extern_c=false, is_builtin=false, is_user=false, is_stdlib_extern=false, is_special=false, is_stdlib_inline=false
call: name=div_ceil_u32_impl, is_extern_c=false, is_builtin=false, is_user=false, is_stdlib_extern=false, is_special=false, is_stdlib_inline=false
call: name=div_ceil_u64_impl, is_extern_c=false, is_builtin=false, is_user=false, is_stdlib_extern=false, is_special=false, is_stdlib_inline=false
call: name=div_ceil_u128_impl, is_extern_c=false, is_builtin=false, is_user=false, is_stdlib_extern=false, is_special=false, is_stdlib_inline=false
call: name=div_ceil_usize_impl, is_extern_c=false, is_builtin=false, is_user=false, is_stdlib_extern=false, is_special=false, is_stdlib_inline=false
call: name=exp_f64_impl, is_extern_c=false, is_builtin=false, is_user=false, is_stdlib_extern=false, is_special=false, is_stdlib_inline=false
call: name=exp_f32_impl, is_extern_c=false, is_builtin=false, is_user=false, is_stdlib_extern=false, is_special=false, is_stdlib_inline=false
call: name=exp_f16_impl, is_extern_c=false, is_builtin=false, is_user=false, is_stdlib_extern=false, is_special=false, is_stdlib_inline=false
call: name=exp_f128_impl, is_extern_c=false, is_builtin=false, is_user=false, is_stdlib_extern=false, is_special=false, is_stdlib_inline=false
call: name=type_name, is_extern_c=false, is_builtin=false, is_user=false, is_stdlib_extern=false, is_special=false, is_stdlib_inline=false
call: name=expm1_f64_impl, is_extern_c=false, is_builtin=false, is_user=false, is_stdlib_extern=false, is_special=false, is_stdlib_inline=false
call: name=expm1_f32_impl, is_extern_c=false, is_builtin=false, is_user=false, is_stdlib_extern=false, is_special=false, is_stdlib_inline=false
call: name=expm1_f16_impl, is_extern_c=false, is_builtin=false, is_user=false, is_stdlib_extern=false, is_special=false, is_stdlib_inline=false
call: name=expm1_f128_impl, is_extern_c=false, is_builtin=false, is_user=false, is_stdlib_extern=false, is_special=false, is_stdlib_inline=false
call: name=log_f64_impl, is_extern_c=false, is_builtin=false, is_user=false, is_stdlib_extern=false, is_special=false, is_stdlib_inline=false
call: name=log_f32_impl, is_extern_c=false, is_builtin=false, is_user=false, is_stdlib_extern=false, is_special=false, is_stdlib_inline=false
call: name=log_f16_impl, is_extern_c=false, is_builtin=false, is_user=false, is_stdlib_extern=false, is_special=false, is_stdlib_inline=false
call: name=log_f128_impl, is_extern_c=false, is_builtin=false, is_user=false, is_stdlib_extern=false, is_special=false, is_stdlib_inline=false
call: name=type_name, is_extern_c=false, is_builtin=false, is_user=false, is_stdlib_extern=false, is_special=false, is_stdlib_inline=false
call: name=log1p_f64_impl, is_extern_c=false, is_builtin=false, is_user=false, is_stdlib_extern=false, is_special=false, is_stdlib_inline=false
call: name=log1p_f32_impl, is_extern_c=false, is_builtin=false, is_user=false, is_stdlib_extern=false, is_special=false, is_stdlib_inline=false
call: name=log1p_f16_impl, is_extern_c=false, is_builtin=false, is_user=false, is_stdlib_extern=false, is_special=false, is_stdlib_inline=false
call: name=log1p_f128_impl, is_extern_c=false, is_builtin=false, is_user=false, is_stdlib_extern=false, is_special=false, is_stdlib_inline=false
call: name=sqrt_f64_impl, is_extern_c=false, is_builtin=false, is_user=false, is_stdlib_extern=false, is_special=false, is_stdlib_inline=false
call: name=sqrt_f32_impl, is_extern_c=false, is_builtin=false, is_user=false, is_stdlib_extern=false, is_special=false, is_stdlib_inline=false
call: name=sqrt_f16_impl, is_extern_c=false, is_builtin=false, is_user=false, is_stdlib_extern=false, is_special=false, is_stdlib_inline=false
call: name=sqrt_f128_impl, is_extern_c=false, is_builtin=false, is_user=false, is_stdlib_extern=false, is_special=false, is_stdlib_inline=false
call: name=type_name, is_extern_c=false, is_builtin=false, is_user=false, is_stdlib_extern=false, is_special=false, is_stdlib_inline=false
call: name=hypot_f64_impl, is_extern_c=false, is_builtin=false, is_user=false, is_stdlib_extern=false, is_special=false, is_stdlib_inline=false
call: name=hypot_f32_impl, is_extern_c=false, is_builtin=false, is_user=false, is_stdlib_extern=false, is_special=false, is_stdlib_inline=false
call: name=hypot_f16_impl, is_extern_c=false, is_builtin=false, is_user=false, is_stdlib_extern=false, is_special=false, is_stdlib_inline=false
call: name=hypot_f128_impl, is_extern_c=false, is_builtin=false, is_user=false, is_stdlib_extern=false, is_special=false, is_stdlib_inline=false
call: name=fmod_f64_impl, is_extern_c=false, is_builtin=false, is_user=false, is_stdlib_extern=false, is_special=false, is_stdlib_inline=false
call: name=fmod_f32_impl, is_extern_c=false, is_builtin=false, is_user=false, is_stdlib_extern=false, is_special=false, is_stdlib_inline=false
call: name=fmod_f16_impl, is_extern_c=false, is_builtin=false, is_user=false, is_stdlib_extern=false, is_special=false, is_stdlib_inline=false
call: name=fmod_f128_impl, is_extern_c=false, is_builtin=false, is_user=false, is_stdlib_extern=false, is_special=false, is_stdlib_inline=false
call: name=type_name, is_extern_c=false, is_builtin=false, is_user=false, is_stdlib_extern=false, is_special=false, is_stdlib_inline=false
call: name=sin_f64_impl, is_extern_c=false, is_builtin=false, is_user=false, is_stdlib_extern=false, is_special=false, is_stdlib_inline=false
call: name=sin_f32_impl, is_extern_c=false, is_builtin=false, is_user=false, is_stdlib_extern=false, is_special=false, is_stdlib_inline=false
call: name=sin_f16_impl, is_extern_c=false, is_builtin=false, is_user=false, is_stdlib_extern=false, is_special=false, is_stdlib_inline=false
call: name=sin_f128_impl, is_extern_c=false, is_builtin=false, is_user=false, is_stdlib_extern=false, is_special=false, is_stdlib_inline=false
call: name=sin_f64_impl, is_extern_c=false, is_builtin=false, is_user=false, is_stdlib_extern=false, is_special=false, is_stdlib_inline=false
call: name=sin_f32_impl, is_extern_c=false, is_builtin=false, is_user=false, is_stdlib_extern=false, is_special=false, is_stdlib_inline=false
call: name=sin_f16_impl, is_extern_c=false, is_builtin=false, is_user=false, is_stdlib_extern=false, is_special=false, is_stdlib_inline=false
call: name=sin_f128_impl, is_extern_c=false, is_builtin=false, is_user=false, is_stdlib_extern=false, is_special=false, is_stdlib_inline=false
call: name=type_name, is_extern_c=false, is_builtin=false, is_user=false, is_stdlib_extern=false, is_special=false, is_stdlib_inline=false
call: name=sin_f64_impl, is_extern_c=false, is_builtin=false, is_user=false, is_stdlib_extern=false, is_special=false, is_stdlib_inline=false
call: name=sin_f32_impl, is_extern_c=false, is_builtin=false, is_user=false, is_stdlib_extern=false, is_special=false, is_stdlib_inline=false
call: name=sin_f16_impl, is_extern_c=false, is_builtin=false, is_user=false, is_stdlib_extern=false, is_special=false, is_stdlib_inline=false
call: name=sin_f128_impl, is_extern_c=false, is_builtin=false, is_user=false, is_stdlib_extern=false, is_special=false, is_stdlib_inline=false
call: name=sin_f64_impl, is_extern_c=false, is_builtin=false, is_user=false, is_stdlib_extern=false, is_special=false, is_stdlib_inline=false
call: name=sin_f64_impl, is_extern_c=false, is_builtin=false, is_user=false, is_stdlib_extern=false, is_special=false, is_stdlib_inline=false
call: name=sin_f32_impl, is_extern_c=false, is_builtin=false, is_user=false, is_stdlib_extern=false, is_special=false, is_stdlib_inline=false
call: name=sin_f32_impl, is_extern_c=false, is_builtin=false, is_user=false, is_stdlib_extern=false, is_special=false, is_stdlib_inline=false
call: name=sin_f16_impl, is_extern_c=false, is_builtin=false, is_user=false, is_stdlib_extern=false, is_special=false, is_stdlib_inline=false
call: name=sin_f16_impl, is_extern_c=false, is_builtin=false, is_user=false, is_stdlib_extern=false, is_special=false, is_stdlib_inline=false
call: name=sin_f128_impl, is_extern_c=false, is_builtin=false, is_user=false, is_stdlib_extern=false, is_special=false, is_stdlib_inline=false
call: name=sin_f128_impl, is_extern_c=false, is_builtin=false, is_user=false, is_stdlib_extern=false, is_special=false, is_stdlib_inline=false
call: name=type_name, is_extern_c=false, is_builtin=false, is_user=false, is_stdlib_extern=false, is_special=false, is_stdlib_inline=false
call: name=tan_f64_impl, is_extern_c=false, is_builtin=false, is_user=false, is_stdlib_extern=false, is_special=false, is_stdlib_inline=false
call: name=tan_f32_impl, is_extern_c=false, is_builtin=false, is_user=false, is_stdlib_extern=false, is_special=false, is_stdlib_inline=false
call: name=tan_f16_impl, is_extern_c=false, is_builtin=false, is_user=false, is_stdlib_extern=false, is_special=false, is_stdlib_inline=false
call: name=tan_f128_impl, is_extern_c=false, is_builtin=false, is_user=false, is_stdlib_extern=false, is_special=false, is_stdlib_inline=false
call: name=exp_f64_impl, is_extern_c=false, is_builtin=false, is_user=false, is_stdlib_extern=false, is_special=false, is_stdlib_inline=false
call: name=exp_f64_impl, is_extern_c=false, is_builtin=false, is_user=false, is_stdlib_extern=false, is_special=false, is_stdlib_inline=false
call: name=exp_f32_impl, is_extern_c=false, is_builtin=false, is_user=false, is_stdlib_extern=false, is_special=false, is_stdlib_inline=false
call: name=exp_f32_impl, is_extern_c=false, is_builtin=false, is_user=false, is_stdlib_extern=false, is_special=false, is_stdlib_inline=false
call: name=exp_f16_impl, is_extern_c=false, is_builtin=false, is_user=false, is_stdlib_extern=false, is_special=false, is_stdlib_inline=false
call: name=exp_f16_impl, is_extern_c=false, is_builtin=false, is_user=false, is_stdlib_extern=false, is_special=false, is_stdlib_inline=false
call: name=exp_f128_impl, is_extern_c=false, is_builtin=false, is_user=false, is_stdlib_extern=false, is_special=false, is_stdlib_inline=false
call: name=exp_f128_impl, is_extern_c=false, is_builtin=false, is_user=false, is_stdlib_extern=false, is_special=false, is_stdlib_inline=false
call: name=type_name, is_extern_c=false, is_builtin=false, is_user=false, is_stdlib_extern=false, is_special=false, is_stdlib_inline=false
call: name=sinh_f64_impl, is_extern_c=false, is_builtin=false, is_user=false, is_stdlib_extern=false, is_special=false, is_stdlib_inline=false
call: name=sinh_f32_impl, is_extern_c=false, is_builtin=false, is_user=false, is_stdlib_extern=false, is_special=false, is_stdlib_inline=false
call: name=sinh_f16_impl, is_extern_c=false, is_builtin=false, is_user=false, is_stdlib_extern=false, is_special=false, is_stdlib_inline=false
call: name=sinh_f128_impl, is_extern_c=false, is_builtin=false, is_user=false, is_stdlib_extern=false, is_special=false, is_stdlib_inline=false
call: name=exp_f64_impl, is_extern_c=false, is_builtin=false, is_user=false, is_stdlib_extern=false, is_special=false, is_stdlib_inline=false
call: name=exp_f64_impl, is_extern_c=false, is_builtin=false, is_user=false, is_stdlib_extern=false, is_special=false, is_stdlib_inline=false
call: name=exp_f32_impl, is_extern_c=false, is_builtin=false, is_user=false, is_stdlib_extern=false, is_special=false, is_stdlib_inline=false
call: name=exp_f32_impl, is_extern_c=false, is_builtin=false, is_user=false, is_stdlib_extern=false, is_special=false, is_stdlib_inline=false
call: name=exp_f16_impl, is_extern_c=false, is_builtin=false, is_user=false, is_stdlib_extern=false, is_special=false, is_stdlib_inline=false
call: name=exp_f16_impl, is_extern_c=false, is_builtin=false, is_user=false, is_stdlib_extern=false, is_special=false, is_stdlib_inline=false
call: name=exp_f128_impl, is_extern_c=false, is_builtin=false, is_user=false, is_stdlib_extern=false, is_special=false, is_stdlib_inline=false
call: name=exp_f128_impl, is_extern_c=false, is_builtin=false, is_user=false, is_stdlib_extern=false, is_special=false, is_stdlib_inline=false
call: name=type_name, is_extern_c=false, is_builtin=false, is_user=false, is_stdlib_extern=false, is_special=false, is_stdlib_inline=false
call: name=cosh_f64_impl, is_extern_c=false, is_builtin=false, is_user=false, is_stdlib_extern=false, is_special=false, is_stdlib_inline=false
call: name=cosh_f32_impl, is_extern_c=false, is_builtin=false, is_user=false, is_stdlib_extern=false, is_special=false, is_stdlib_inline=false
call: name=cosh_f16_impl, is_extern_c=false, is_builtin=false, is_user=false, is_stdlib_extern=false, is_special=false, is_stdlib_inline=false
call: name=cosh_f128_impl, is_extern_c=false, is_builtin=false, is_user=false, is_stdlib_extern=false, is_special=false, is_stdlib_inline=false
call: name=exp_f64_impl, is_extern_c=false, is_builtin=false, is_user=false, is_stdlib_extern=false, is_special=false, is_stdlib_inline=false
call: name=exp_f64_impl, is_extern_c=false, is_builtin=false, is_user=false, is_stdlib_extern=false, is_special=false, is_stdlib_inline=false
call: name=exp_f32_impl, is_extern_c=false, is_builtin=false, is_user=false, is_stdlib_extern=false, is_special=false, is_stdlib_inline=false
call: name=exp_f32_impl, is_extern_c=false, is_builtin=false, is_user=false, is_stdlib_extern=false, is_special=false, is_stdlib_inline=false
call: name=exp_f16_impl, is_extern_c=false, is_builtin=false, is_user=false, is_stdlib_extern=false, is_special=false, is_stdlib_inline=false
call: name=exp_f16_impl, is_extern_c=false, is_builtin=false, is_user=false, is_stdlib_extern=false, is_special=false, is_stdlib_inline=false
call: name=exp_f128_impl, is_extern_c=false, is_builtin=false, is_user=false, is_stdlib_extern=false, is_special=false, is_stdlib_inline=false
call: name=exp_f128_impl, is_extern_c=false, is_builtin=false, is_user=false, is_stdlib_extern=false, is_special=false, is_stdlib_inline=false
call: name=type_name, is_extern_c=false, is_builtin=false, is_user=false, is_stdlib_extern=false, is_special=false, is_stdlib_inline=false
call: name=tanh_f64_impl, is_extern_c=false, is_builtin=false, is_user=false, is_stdlib_extern=false, is_special=false, is_stdlib_inline=false
call: name=tanh_f32_impl, is_extern_c=false, is_builtin=false, is_user=false, is_stdlib_extern=false, is_special=false, is_stdlib_inline=false
call: name=tanh_f16_impl, is_extern_c=false, is_builtin=false, is_user=false, is_stdlib_extern=false, is_special=false, is_stdlib_inline=false
call: name=tanh_f128_impl, is_extern_c=false, is_builtin=false, is_user=false, is_stdlib_extern=false, is_special=false, is_stdlib_inline=false
call: name=type_name, is_extern_c=false, is_builtin=false, is_user=false, is_stdlib_extern=false, is_special=false, is_stdlib_inline=false
call: name=atan_f64_impl, is_extern_c=false, is_builtin=false, is_user=false, is_stdlib_extern=false, is_special=false, is_stdlib_inline=false
call: name=atan_f32_impl, is_extern_c=false, is_builtin=false, is_user=false, is_stdlib_extern=false, is_special=false, is_stdlib_inline=false
call: name=atan_f16_impl, is_extern_c=false, is_builtin=false, is_user=false, is_stdlib_extern=false, is_special=false, is_stdlib_inline=false
call: name=atan_f128_impl, is_extern_c=false, is_builtin=false, is_user=false, is_stdlib_extern=false, is_special=false, is_stdlib_inline=false
call: name=atan_f64_impl, is_extern_c=false, is_builtin=false, is_user=false, is_stdlib_extern=false, is_special=false, is_stdlib_inline=false
call: name=sqrt_f64_impl, is_extern_c=false, is_builtin=false, is_user=false, is_stdlib_extern=false, is_special=false, is_stdlib_inline=false
call: name=atan_f32_impl, is_extern_c=false, is_builtin=false, is_user=false, is_stdlib_extern=false, is_special=false, is_stdlib_inline=false
call: name=sqrt_f32_impl, is_extern_c=false, is_builtin=false, is_user=false, is_stdlib_extern=false, is_special=false, is_stdlib_inline=false
call: name=atan_f16_impl, is_extern_c=false, is_builtin=false, is_user=false, is_stdlib_extern=false, is_special=false, is_stdlib_inline=false
call: name=sqrt_f16_impl, is_extern_c=false, is_builtin=false, is_user=false, is_stdlib_extern=false, is_special=false, is_stdlib_inline=false
call: name=atan_f128_impl, is_extern_c=false, is_builtin=false, is_user=false, is_stdlib_extern=false, is_special=false, is_stdlib_inline=false
call: name=sqrt_f128_impl, is_extern_c=false, is_builtin=false, is_user=false, is_stdlib_extern=false, is_special=false, is_stdlib_inline=false
call: name=type_name, is_extern_c=false, is_builtin=false, is_user=false, is_stdlib_extern=false, is_special=false, is_stdlib_inline=false
call: name=asin_f64_impl, is_extern_c=false, is_builtin=false, is_user=false, is_stdlib_extern=false, is_special=false, is_stdlib_inline=false
call: name=asin_f32_impl, is_extern_c=false, is_builtin=false, is_user=false, is_stdlib_extern=false, is_special=false, is_stdlib_inline=false
call: name=asin_f16_impl, is_extern_c=false, is_builtin=false, is_user=false, is_stdlib_extern=false, is_special=false, is_stdlib_inline=false
call: name=asin_f128_impl, is_extern_c=false, is_builtin=false, is_user=false, is_stdlib_extern=false, is_special=false, is_stdlib_inline=false
call: name=asin_f64_impl, is_extern_c=false, is_builtin=false, is_user=false, is_stdlib_extern=false, is_special=false, is_stdlib_inline=false
call: name=asin_f32_impl, is_extern_c=false, is_builtin=false, is_user=false, is_stdlib_extern=false, is_special=false, is_stdlib_inline=false
call: name=asin_f16_impl, is_extern_c=false, is_builtin=false, is_user=false, is_stdlib_extern=false, is_special=false, is_stdlib_inline=false
call: name=asin_f128_impl, is_extern_c=false, is_builtin=false, is_user=false, is_stdlib_extern=false, is_special=false, is_stdlib_inline=false
call: name=type_name, is_extern_c=false, is_builtin=false, is_user=false, is_stdlib_extern=false, is_special=false, is_stdlib_inline=false
call: name=asin_f64_impl, is_extern_c=false, is_builtin=false, is_user=false, is_stdlib_extern=false, is_special=false, is_stdlib_inline=false
call: name=asin_f32_impl, is_extern_c=false, is_builtin=false, is_user=false, is_stdlib_extern=false, is_special=false, is_stdlib_inline=false
call: name=asin_f16_impl, is_extern_c=false, is_builtin=false, is_user=false, is_stdlib_extern=false, is_special=false, is_stdlib_inline=false
call: name=asin_f128_impl, is_extern_c=false, is_builtin=false, is_user=false, is_stdlib_extern=false, is_special=false, is_stdlib_inline=false
call: name=atan_f64_impl, is_extern_c=false, is_builtin=false, is_user=false, is_stdlib_extern=false, is_special=false, is_stdlib_inline=false
call: name=atan_f64_impl, is_extern_c=false, is_builtin=false, is_user=false, is_stdlib_extern=false, is_special=false, is_stdlib_inline=false
call: name=atan_f64_impl, is_extern_c=false, is_builtin=false, is_user=false, is_stdlib_extern=false, is_special=false, is_stdlib_inline=false
call: name=atan_f32_impl, is_extern_c=false, is_builtin=false, is_user=false, is_stdlib_extern=false, is_special=false, is_stdlib_inline=false
call: name=atan_f32_impl, is_extern_c=false, is_builtin=false, is_user=false, is_stdlib_extern=false, is_special=false, is_stdlib_inline=false
call: name=atan_f32_impl, is_extern_c=false, is_builtin=false, is_user=false, is_stdlib_extern=false, is_special=false, is_stdlib_inline=false
call: name=atan_f16_impl, is_extern_c=false, is_builtin=false, is_user=false, is_stdlib_extern=false, is_special=false, is_stdlib_inline=false
call: name=atan_f16_impl, is_extern_c=false, is_builtin=false, is_user=false, is_stdlib_extern=false, is_special=false, is_stdlib_inline=false
call: name=atan_f16_impl, is_extern_c=false, is_builtin=false, is_user=false, is_stdlib_extern=false, is_special=false, is_stdlib_inline=false
call: name=atan_f128_impl, is_extern_c=false, is_builtin=false, is_user=false, is_stdlib_extern=false, is_special=false, is_stdlib_inline=false
call: name=atan_f128_impl, is_extern_c=false, is_builtin=false, is_user=false, is_stdlib_extern=false, is_special=false, is_stdlib_inline=false
call: name=atan_f128_impl, is_extern_c=false, is_builtin=false, is_user=false, is_stdlib_extern=false, is_special=false, is_stdlib_inline=false
call: name=type_name, is_extern_c=false, is_builtin=false, is_user=false, is_stdlib_extern=false, is_special=false, is_stdlib_inline=false
call: name=atan2_f64_impl, is_extern_c=false, is_builtin=false, is_user=false, is_stdlib_extern=false, is_special=false, is_stdlib_inline=false
call: name=atan2_f32_impl, is_extern_c=false, is_builtin=false, is_user=false, is_stdlib_extern=false, is_special=false, is_stdlib_inline=false
call: name=atan2_f16_impl, is_extern_c=false, is_builtin=false, is_user=false, is_stdlib_extern=false, is_special=false, is_stdlib_inline=false
call: name=atan2_f128_impl, is_extern_c=false, is_builtin=false, is_user=false, is_stdlib_extern=false, is_special=false, is_stdlib_inline=false
call: name=log_f64_impl, is_extern_c=false, is_builtin=false, is_user=false, is_stdlib_extern=false, is_special=false, is_stdlib_inline=false
call: name=sqrt_f64_impl, is_extern_c=false, is_builtin=false, is_user=false, is_stdlib_extern=false, is_special=false, is_stdlib_inline=false
call: name=log_f32_impl, is_extern_c=false, is_builtin=false, is_user=false, is_stdlib_extern=false, is_special=false, is_stdlib_inline=false
call: name=sqrt_f32_impl, is_extern_c=false, is_builtin=false, is_user=false, is_stdlib_extern=false, is_special=false, is_stdlib_inline=false
call: name=log_f16_impl, is_extern_c=false, is_builtin=false, is_user=false, is_stdlib_extern=false, is_special=false, is_stdlib_inline=false
call: name=sqrt_f16_impl, is_extern_c=false, is_builtin=false, is_user=false, is_stdlib_extern=false, is_special=false, is_stdlib_inline=false
call: name=log_f128_impl, is_extern_c=false, is_builtin=false, is_user=false, is_stdlib_extern=false, is_special=false, is_stdlib_inline=false
call: name=sqrt_f128_impl, is_extern_c=false, is_builtin=false, is_user=false, is_stdlib_extern=false, is_special=false, is_stdlib_inline=false
call: name=type_name, is_extern_c=false, is_builtin=false, is_user=false, is_stdlib_extern=false, is_special=false, is_stdlib_inline=false
call: name=log_f64_impl, is_extern_c=false, is_builtin=false, is_user=false, is_stdlib_extern=false, is_special=false, is_stdlib_inline=false
call: name=sqrt_f64_impl, is_extern_c=false, is_builtin=false, is_user=false, is_stdlib_extern=false, is_special=false, is_stdlib_inline=false
call: name=log_f32_impl, is_extern_c=false, is_builtin=false, is_user=false, is_stdlib_extern=false, is_special=false, is_stdlib_inline=false
call: name=sqrt_f32_impl, is_extern_c=false, is_builtin=false, is_user=false, is_stdlib_extern=false, is_special=false, is_stdlib_inline=false
call: name=log_f16_impl, is_extern_c=false, is_builtin=false, is_user=false, is_stdlib_extern=false, is_special=false, is_stdlib_inline=false
call: name=sqrt_f16_impl, is_extern_c=false, is_builtin=false, is_user=false, is_stdlib_extern=false, is_special=false, is_stdlib_inline=false
call: name=log_f128_impl, is_extern_c=false, is_builtin=false, is_user=false, is_stdlib_extern=false, is_special=false, is_stdlib_inline=false
call: name=sqrt_f128_impl, is_extern_c=false, is_builtin=false, is_user=false, is_stdlib_extern=false, is_special=false, is_stdlib_inline=false
call: name=log_f64_impl, is_extern_c=false, is_builtin=false, is_user=false, is_stdlib_extern=false, is_special=false, is_stdlib_inline=false
call: name=sqrt_f64_impl, is_extern_c=false, is_builtin=false, is_user=false, is_stdlib_extern=false, is_special=false, is_stdlib_inline=false
call: name=log_f32_impl, is_extern_c=false, is_builtin=false, is_user=false, is_stdlib_extern=false, is_special=false, is_stdlib_inline=false
call: name=sqrt_f32_impl, is_extern_c=false, is_builtin=false, is_user=false, is_stdlib_extern=false, is_special=false, is_stdlib_inline=false
call: name=log_f16_impl, is_extern_c=false, is_builtin=false, is_user=false, is_stdlib_extern=false, is_special=false, is_stdlib_inline=false
call: name=sqrt_f16_impl, is_extern_c=false, is_builtin=false, is_user=false, is_stdlib_extern=false, is_special=false, is_stdlib_inline=false
call: name=log_f128_impl, is_extern_c=false, is_builtin=false, is_user=false, is_stdlib_extern=false, is_special=false, is_stdlib_inline=false
call: name=sqrt_f128_impl, is_extern_c=false, is_builtin=false, is_user=false, is_stdlib_extern=false, is_special=false, is_stdlib_inline=false
call: name=type_name, is_extern_c=false, is_builtin=false, is_user=false, is_stdlib_extern=false, is_special=false, is_stdlib_inline=false
call: name=acosh_f64_impl, is_extern_c=false, is_builtin=false, is_user=false, is_stdlib_extern=false, is_special=false, is_stdlib_inline=false
call: name=acosh_f32_impl, is_extern_c=false, is_builtin=false, is_user=false, is_stdlib_extern=false, is_special=false, is_stdlib_inline=false
call: name=acosh_f16_impl, is_extern_c=false, is_builtin=false, is_user=false, is_stdlib_extern=false, is_special=false, is_stdlib_inline=false
call: name=acosh_f128_impl, is_extern_c=false, is_builtin=false, is_user=false, is_stdlib_extern=false, is_special=false, is_stdlib_inline=false
call: name=log_f64_impl, is_extern_c=false, is_builtin=false, is_user=false, is_stdlib_extern=false, is_special=false, is_stdlib_inline=false
call: name=log_f32_impl, is_extern_c=false, is_builtin=false, is_user=false, is_stdlib_extern=false, is_special=false, is_stdlib_inline=false
call: name=log_f16_impl, is_extern_c=false, is_builtin=false, is_user=false, is_stdlib_extern=false, is_special=false, is_stdlib_inline=false
call: name=log_f128_impl, is_extern_c=false, is_builtin=false, is_user=false, is_stdlib_extern=false, is_special=false, is_stdlib_inline=false
call: name=type_name, is_extern_c=false, is_builtin=false, is_user=false, is_stdlib_extern=false, is_special=false, is_stdlib_inline=false
call: name=atanh_f64_impl, is_extern_c=false, is_builtin=false, is_user=false, is_stdlib_extern=false, is_special=false, is_stdlib_inline=false
call: name=atanh_f32_impl, is_extern_c=false, is_builtin=false, is_user=false, is_stdlib_extern=false, is_special=false, is_stdlib_inline=false
call: name=atanh_f16_impl, is_extern_c=false, is_builtin=false, is_user=false, is_stdlib_extern=false, is_special=false, is_stdlib_inline=false
call: name=atanh_f128_impl, is_extern_c=false, is_builtin=false, is_user=false, is_stdlib_extern=false, is_special=false, is_stdlib_inline=false
call: name=type_name, is_extern_c=false, is_builtin=false, is_user=false, is_stdlib_extern=false, is_special=false, is_stdlib_inline=false
call: name=type_name, is_extern_c=false, is_builtin=false, is_user=false, is_stdlib_extern=false, is_special=false, is_stdlib_inline=false
call: name=floor_f64_impl, is_extern_c=false, is_builtin=false, is_user=false, is_stdlib_extern=false, is_special=false, is_stdlib_inline=false
call: name=floor_f32_impl, is_extern_c=false, is_builtin=false, is_user=false, is_stdlib_extern=false, is_special=false, is_stdlib_inline=false
call: name=floor_f16_impl, is_extern_c=false, is_builtin=false, is_user=false, is_stdlib_extern=false, is_special=false, is_stdlib_inline=false
call: name=floor_f128_impl, is_extern_c=false, is_builtin=false, is_user=false, is_stdlib_extern=false, is_special=false, is_stdlib_inline=false
call: name=type_name, is_extern_c=false, is_builtin=false, is_user=false, is_stdlib_extern=false, is_special=false, is_stdlib_inline=false
call: name=ceil_f64_impl, is_extern_c=false, is_builtin=false, is_user=false, is_stdlib_extern=false, is_special=false, is_stdlib_inline=false
call: name=ceil_f32_impl, is_extern_c=false, is_builtin=false, is_user=false, is_stdlib_extern=false, is_special=false, is_stdlib_inline=false
call: name=ceil_f16_impl, is_extern_c=false, is_builtin=false, is_user=false, is_stdlib_extern=false, is_special=false, is_stdlib_inline=false
call: name=ceil_f128_impl, is_extern_c=false, is_builtin=false, is_user=false, is_stdlib_extern=false, is_special=false, is_stdlib_inline=false
call: name=type_name, is_extern_c=false, is_builtin=false, is_user=false, is_stdlib_extern=false, is_special=false, is_stdlib_inline=false
call: name=round_f64_impl, is_extern_c=false, is_builtin=false, is_user=false, is_stdlib_extern=false, is_special=false, is_stdlib_inline=false
call: name=round_f32_impl, is_extern_c=false, is_builtin=false, is_user=false, is_stdlib_extern=false, is_special=false, is_stdlib_inline=false
call: name=round_f16_impl, is_extern_c=false, is_builtin=false, is_user=false, is_stdlib_extern=false, is_special=false, is_stdlib_inline=false
call: name=round_f128_impl, is_extern_c=false, is_builtin=false, is_user=false, is_stdlib_extern=false, is_special=false, is_stdlib_inline=false
call: name=type_name, is_extern_c=false, is_builtin=false, is_user=false, is_stdlib_extern=false, is_special=false, is_stdlib_inline=false
call: name=type_name, is_extern_c=false, is_builtin=false, is_user=false, is_stdlib_extern=false, is_special=false, is_stdlib_inline=false
call: name=type_name, is_extern_c=false, is_builtin=false, is_user=false, is_stdlib_extern=false, is_special=false, is_stdlib_inline=false
call: name=fmod_f64_impl, is_extern_c=false, is_builtin=false, is_user=false, is_stdlib_extern=false, is_special=false, is_stdlib_inline=false
call: name=fmod_f32_impl, is_extern_c=false, is_builtin=false, is_user=false, is_stdlib_extern=false, is_special=false, is_stdlib_inline=false
call: name=fmod_f16_impl, is_extern_c=false, is_builtin=false, is_user=false, is_stdlib_extern=false, is_special=false, is_stdlib_inline=false
call: name=fmod_f128_impl, is_extern_c=false, is_builtin=false, is_user=false, is_stdlib_extern=false, is_special=false, is_stdlib_inline=false
call: name=type_name, is_extern_c=false, is_builtin=false, is_user=false, is_stdlib_extern=false, is_special=false, is_stdlib_inline=false
call: name=ldexp_f64_impl, is_extern_c=false, is_builtin=false, is_user=false, is_stdlib_extern=false, is_special=false, is_stdlib_inline=false
call: name=ldexp_f32_impl, is_extern_c=false, is_builtin=false, is_user=false, is_stdlib_extern=false, is_special=false, is_stdlib_inline=false
call: name=ldexp_f16_impl, is_extern_c=false, is_builtin=false, is_user=false, is_stdlib_extern=false, is_special=false, is_stdlib_inline=false
call: name=ldexp_f128_impl, is_extern_c=false, is_builtin=false, is_user=false, is_stdlib_extern=false, is_special=false, is_stdlib_inline=false
call: name=type_name, is_extern_c=false, is_builtin=false, is_user=false, is_stdlib_extern=false, is_special=false, is_stdlib_inline=false
call: name=frexp_f64_mantissa_impl, is_extern_c=false, is_builtin=false, is_user=false, is_stdlib_extern=false, is_special=false, is_stdlib_inline=false
call: name=frexp_f32_mantissa_impl, is_extern_c=false, is_builtin=false, is_user=false, is_stdlib_extern=false, is_special=false, is_stdlib_inline=false
call: name=frexp_f16_mantissa_impl, is_extern_c=false, is_builtin=false, is_user=false, is_stdlib_extern=false, is_special=false, is_stdlib_inline=false
call: name=frexp_f128_mantissa_impl, is_extern_c=false, is_builtin=false, is_user=false, is_stdlib_extern=false, is_special=false, is_stdlib_inline=false
call: name=type_name, is_extern_c=false, is_builtin=false, is_user=false, is_stdlib_extern=false, is_special=false, is_stdlib_inline=false
call: name=frexp_f64_exponent_impl, is_extern_c=false, is_builtin=false, is_user=false, is_stdlib_extern=false, is_special=false, is_stdlib_inline=false
call: name=frexp_f32_exponent_impl, is_extern_c=false, is_builtin=false, is_user=false, is_stdlib_extern=false, is_special=false, is_stdlib_inline=false
call: name=frexp_f16_exponent_impl, is_extern_c=false, is_builtin=false, is_user=false, is_stdlib_extern=false, is_special=false, is_stdlib_inline=false
call: name=frexp_f128_exponent_impl, is_extern_c=false, is_builtin=false, is_user=false, is_stdlib_extern=false, is_special=false, is_stdlib_inline=false
call: name=type_name, is_extern_c=false, is_builtin=false, is_user=false, is_stdlib_extern=false, is_special=false, is_stdlib_inline=false
call: name=type_name, is_extern_c=false, is_builtin=false, is_user=false, is_stdlib_extern=false, is_special=false, is_stdlib_inline=false
call: name=type_name, is_extern_c=false, is_builtin=false, is_user=false, is_stdlib_extern=false, is_special=false, is_stdlib_inline=false
call: name=ilogb_f64_impl, is_extern_c=false, is_builtin=false, is_user=false, is_stdlib_extern=false, is_special=false, is_stdlib_inline=false
call: name=ilogb_f32_impl, is_extern_c=false, is_builtin=false, is_user=false, is_stdlib_extern=false, is_special=false, is_stdlib_inline=false
call: name=ilogb_f16_impl, is_extern_c=false, is_builtin=false, is_user=false, is_stdlib_extern=false, is_special=false, is_stdlib_inline=false
call: name=ilogb_f128_impl, is_extern_c=false, is_builtin=false, is_user=false, is_stdlib_extern=false, is_special=false, is_stdlib_inline=false
call: name=ilogb_f64_impl, is_extern_c=false, is_builtin=false, is_user=false, is_stdlib_extern=false, is_special=false, is_stdlib_inline=false
call: name=ilogb_f32_impl, is_extern_c=false, is_builtin=false, is_user=false, is_stdlib_extern=false, is_special=false, is_stdlib_inline=false
call: name=ilogb_f16_impl, is_extern_c=false, is_builtin=false, is_user=false, is_stdlib_extern=false, is_special=false, is_stdlib_inline=false
call: name=ilogb_f128_impl, is_extern_c=false, is_builtin=false, is_user=false, is_stdlib_extern=false, is_special=false, is_stdlib_inline=false
call: name=type_name, is_extern_c=false, is_builtin=false, is_user=false, is_stdlib_extern=false, is_special=false, is_stdlib_inline=false
call: name=ilogb_f64_impl, is_extern_c=false, is_builtin=false, is_user=false, is_stdlib_extern=false, is_special=false, is_stdlib_inline=false
call: name=ilogb_f32_impl, is_extern_c=false, is_builtin=false, is_user=false, is_stdlib_extern=false, is_special=false, is_stdlib_inline=false
call: name=ilogb_f16_impl, is_extern_c=false, is_builtin=false, is_user=false, is_stdlib_extern=false, is_special=false, is_stdlib_inline=false
call: name=ilogb_f128_impl, is_extern_c=false, is_builtin=false, is_user=false, is_stdlib_extern=false, is_special=false, is_stdlib_inline=false
call: name=ldexp_f64_impl, is_extern_c=false, is_builtin=false, is_user=false, is_stdlib_extern=false, is_special=false, is_stdlib_inline=false
call: name=ldexp_f32_impl, is_extern_c=false, is_builtin=false, is_user=false, is_stdlib_extern=false, is_special=false, is_stdlib_inline=false
call: name=ldexp_f16_impl, is_extern_c=false, is_builtin=false, is_user=false, is_stdlib_extern=false, is_special=false, is_stdlib_inline=false
call: name=ldexp_f128_impl, is_extern_c=false, is_builtin=false, is_user=false, is_stdlib_extern=false, is_special=false, is_stdlib_inline=false
call: name=type_name, is_extern_c=false, is_builtin=false, is_user=false, is_stdlib_extern=false, is_special=false, is_stdlib_inline=false
call: name=ldexp_f64_impl, is_extern_c=false, is_builtin=false, is_user=false, is_stdlib_extern=false, is_special=false, is_stdlib_inline=false
call: name=ldexp_f32_impl, is_extern_c=false, is_builtin=false, is_user=false, is_stdlib_extern=false, is_special=false, is_stdlib_inline=false
call: name=ldexp_f16_impl, is_extern_c=false, is_builtin=false, is_user=false, is_stdlib_extern=false, is_special=false, is_stdlib_inline=false
call: name=ldexp_f128_impl, is_extern_c=false, is_builtin=false, is_user=false, is_stdlib_extern=false, is_special=false, is_stdlib_inline=false
call: name=__terminal_enable_raw_mode, is_extern_c=true, is_builtin=false, is_user=false, is_stdlib_extern=true, is_special=false, is_stdlib_inline=true
call: name=__terminal_read_key_bytes, is_extern_c=true, is_builtin=false, is_user=false, is_stdlib_extern=true, is_special=false, is_stdlib_inline=true
call: name=__terminal_read_key_bytes, is_extern_c=true, is_builtin=false, is_user=false, is_stdlib_extern=true, is_special=false, is_stdlib_inline=true
call: name=__terminal_read_key_bytes, is_extern_c=true, is_builtin=false, is_user=false, is_stdlib_extern=true, is_special=false, is_stdlib_inline=true
call: name=__terminal_read_key_bytes, is_extern_c=true, is_builtin=false, is_user=false, is_stdlib_extern=true, is_special=false, is_stdlib_inline=true
call: name=__terminal_read_key_bytes, is_extern_c=true, is_builtin=false, is_user=false, is_stdlib_extern=true, is_special=false, is_stdlib_inline=true
call: name=__terminal_read_key_bytes, is_extern_c=true, is_builtin=false, is_user=false, is_stdlib_extern=true, is_special=false, is_stdlib_inline=true
call: name=key_read, is_extern_c=false, is_builtin=false, is_user=false, is_stdlib_extern=false, is_special=false, is_stdlib_inline=false
call: name=key_read, is_extern_c=false, is_builtin=false, is_user=false, is_stdlib_extern=false, is_special=false, is_stdlib_inline=false
call: name=__reflect_kind, is_extern_c=false, is_builtin=true, is_user=false, is_stdlib_extern=false, is_special=false, is_stdlib_inline=false
call: name=__reflect_type_name, is_extern_c=false, is_builtin=true, is_user=false, is_stdlib_extern=false, is_special=false, is_stdlib_inline=false
call: name=__reflect_size, is_extern_c=false, is_builtin=true, is_user=false, is_stdlib_extern=false, is_special=false, is_stdlib_inline=false
call: name=__reflect_field_count, is_extern_c=false, is_builtin=true, is_user=false, is_stdlib_extern=false, is_special=false, is_stdlib_inline=false
call: name=__reflect_field_name, is_extern_c=false, is_builtin=true, is_user=false, is_stdlib_extern=false, is_special=false, is_stdlib_inline=false
call: name=__reflect_field_value, is_extern_c=false, is_builtin=true, is_user=false, is_stdlib_extern=false, is_special=false, is_stdlib_inline=false
call: name=__reflect_array_len, is_extern_c=false, is_builtin=true, is_user=false, is_stdlib_extern=false, is_special=false, is_stdlib_inline=false
call: name=__reflect_adt_constructor, is_extern_c=false, is_builtin=true, is_user=false, is_stdlib_extern=false, is_special=false, is_stdlib_inline=false
call: name=__str_utf8_char_len_at, is_extern_c=true, is_builtin=false, is_user=false, is_stdlib_extern=true, is_special=true, is_stdlib_inline=false
call: name=__str_utf8_decode_at, is_extern_c=true, is_builtin=false, is_user=false, is_stdlib_extern=true, is_special=true, is_stdlib_inline=false
call: name=join_segments_to_str, is_extern_c=false, is_builtin=false, is_user=false, is_stdlib_extern=false, is_special=false, is_stdlib_inline=false
call: name=path_from, is_extern_c=false, is_builtin=false, is_user=false, is_stdlib_extern=false, is_special=false, is_stdlib_inline=false
call: name=last_index_of, is_extern_c=false, is_builtin=false, is_user=false, is_stdlib_extern=false, is_special=false, is_stdlib_inline=false
call: name=__file_close, is_extern_c=false, is_builtin=false, is_user=false, is_stdlib_extern=false, is_special=false, is_stdlib_inline=false
call: name=__file_read_into, is_extern_c=true, is_builtin=false, is_user=false, is_stdlib_extern=true, is_special=false, is_stdlib_inline=true
call: name=__file_write, is_extern_c=true, is_builtin=false, is_user=false, is_stdlib_extern=true, is_special=false, is_stdlib_inline=true
call: name=__file_seek, is_extern_c=false, is_builtin=false, is_user=false, is_stdlib_extern=false, is_special=false, is_stdlib_inline=false
call: name=__file_fstat, is_extern_c=false, is_builtin=false, is_user=false, is_stdlib_extern=false, is_special=false, is_stdlib_inline=false
call: name=__instant_now_ns, is_extern_c=true, is_builtin=false, is_user=false, is_stdlib_extern=true, is_special=false, is_stdlib_inline=true
call: name=to_local_components, is_extern_c=false, is_builtin=false, is_user=false, is_stdlib_extern=false, is_special=false, is_stdlib_inline=false
call: name=to_utc_components, is_extern_c=false, is_builtin=false, is_user=false, is_stdlib_extern=false, is_special=false, is_stdlib_inline=false
call: name=pad_int, is_extern_c=false, is_builtin=false, is_user=false, is_stdlib_extern=false, is_special=false, is_stdlib_inline=false
call: name=pad_int, is_extern_c=false, is_builtin=false, is_user=false, is_stdlib_extern=false, is_special=false, is_stdlib_inline=false
call: name=pad_int, is_extern_c=false, is_builtin=false, is_user=false, is_stdlib_extern=false, is_special=false, is_stdlib_inline=false
call: name=pad_int, is_extern_c=false, is_builtin=false, is_user=false, is_stdlib_extern=false, is_special=false, is_stdlib_inline=false
call: name=pad_int, is_extern_c=false, is_builtin=false, is_user=false, is_stdlib_extern=false, is_special=false, is_stdlib_inline=false
call: name=pad_int, is_extern_c=false, is_builtin=false, is_user=false, is_stdlib_extern=false, is_special=false, is_stdlib_inline=false
call: name=pad_int, is_extern_c=false, is_builtin=false, is_user=false, is_stdlib_extern=false, is_special=false, is_stdlib_inline=false
call: name=pad_int, is_extern_c=false, is_builtin=false, is_user=false, is_stdlib_extern=false, is_special=false, is_stdlib_inline=false
call: name=month_name, is_extern_c=false, is_builtin=false, is_user=false, is_stdlib_extern=false, is_special=false, is_stdlib_inline=false
call: name=month_abbr, is_extern_c=false, is_builtin=false, is_user=false, is_stdlib_extern=false, is_special=false, is_stdlib_inline=false
call: name=pad_int, is_extern_c=false, is_builtin=false, is_user=false, is_stdlib_extern=false, is_special=false, is_stdlib_inline=false
call: name=pad_int, is_extern_c=false, is_builtin=false, is_user=false, is_stdlib_extern=false, is_special=false, is_stdlib_inline=false
call: name=__str_array_join, is_extern_c=true, is_builtin=false, is_user=false, is_stdlib_extern=true, is_special=true, is_stdlib_inline=false
call: name=pad_int, is_extern_c=false, is_builtin=false, is_user=false, is_stdlib_extern=false, is_special=false, is_stdlib_inline=false
call: name=pad_int, is_extern_c=false, is_builtin=false, is_user=false, is_stdlib_extern=false, is_special=false, is_stdlib_inline=false
call: name=pad_int, is_extern_c=false, is_builtin=false, is_user=false, is_stdlib_extern=false, is_special=false, is_stdlib_inline=false
call: name=pad_int, is_extern_c=false, is_builtin=false, is_user=false, is_stdlib_extern=false, is_special=false, is_stdlib_inline=false
call: name=pad_int, is_extern_c=false, is_builtin=false, is_user=false, is_stdlib_extern=false, is_special=false, is_stdlib_inline=false
call: name=pad_int, is_extern_c=false, is_builtin=false, is_user=false, is_stdlib_extern=false, is_special=false, is_stdlib_inline=false
call: name=u32, is_extern_c=false, is_builtin=false, is_user=false, is_stdlib_extern=false, is_special=false, is_stdlib_inline=false
call: name=u8, is_extern_c=false, is_builtin=false, is_user=false, is_stdlib_extern=false, is_special=false, is_stdlib_inline=false
call: name=u64, is_extern_c=false, is_builtin=false, is_user=false, is_stdlib_extern=false, is_special=false, is_stdlib_inline=false
call: name=u16, is_extern_c=false, is_builtin=false, is_user=false, is_stdlib_extern=false, is_special=false, is_stdlib_inline=false
call: name=__net_tcp_read, is_extern_c=true, is_builtin=false, is_user=false, is_stdlib_extern=true, is_special=false, is_stdlib_inline=true
call: name=__net_tcp_write, is_extern_c=true, is_builtin=false, is_user=false, is_stdlib_extern=true, is_special=false, is_stdlib_inline=true
call: name=__net_tcp_close, is_extern_c=false, is_builtin=false, is_user=false, is_stdlib_extern=false, is_special=false, is_stdlib_inline=false
call: name=__net_tcp_accept, is_extern_c=true, is_builtin=false, is_user=false, is_stdlib_extern=true, is_special=false, is_stdlib_inline=true
call: name=__net_tcp_close, is_extern_c=false, is_builtin=false, is_user=false, is_stdlib_extern=false, is_special=false, is_stdlib_inline=false
call: name=__net_udp_send_to, is_extern_c=false, is_builtin=false, is_user=false, is_stdlib_extern=false, is_special=false, is_stdlib_inline=false
call: name=__net_udp_recv_from_v4, is_extern_c=true, is_builtin=false, is_user=false, is_stdlib_extern=true, is_special=false, is_stdlib_inline=true
call: name=__net_udp_recv_from_v6, is_extern_c=true, is_builtin=false, is_user=false, is_stdlib_extern=true, is_special=false, is_stdlib_inline=true
call: name=__net_tcp_close, is_extern_c=false, is_builtin=false, is_user=false, is_stdlib_extern=false, is_special=false, is_stdlib_inline=false
call: name=__terminal_disable_raw_mode, is_extern_c=true, is_builtin=false, is_user=false, is_stdlib_extern=true, is_special=false, is_stdlib_inline=true
call: name=__terminal_get_size_into, is_extern_c=true, is_builtin=false, is_user=false, is_stdlib_extern=true, is_special=false, is_stdlib_inline=true
call: name=__terminal_write_raw_bytes, is_extern_c=true, is_builtin=false, is_user=false, is_stdlib_extern=true, is_special=false, is_stdlib_inline=true
call: name=key_read_blocking, is_extern_c=false, is_builtin=false, is_user=false, is_stdlib_extern=false, is_special=false, is_stdlib_inline=false
call: name=key_read, is_extern_c=false, is_builtin=false, is_user=false, is_stdlib_extern=false, is_special=false, is_stdlib_inline=false
call: name=key_read_nonblocking, is_extern_c=false, is_builtin=false, is_user=false, is_stdlib_extern=false, is_special=false, is_stdlib_inline=false
call: name=cursor_save, is_extern_c=false, is_builtin=false, is_user=false, is_stdlib_extern=false, is_special=false, is_stdlib_inline=false
call: name=cursor_restore, is_extern_c=false, is_builtin=false, is_user=false, is_stdlib_extern=false, is_special=false, is_stdlib_inline=false
call: name=screen_clear_and_home, is_extern_c=false, is_builtin=false, is_user=false, is_stdlib_extern=false, is_special=false, is_stdlib_inline=false
call: name=screen_clear, is_extern_c=false, is_builtin=false, is_user=false, is_stdlib_extern=false, is_special=false, is_stdlib_inline=false
call: name=clear_to_end_of_line, is_extern_c=false, is_builtin=false, is_user=false, is_stdlib_extern=false, is_special=false, is_stdlib_inline=false
call: name=bold, is_extern_c=false, is_builtin=false, is_user=false, is_stdlib_extern=false, is_special=false, is_stdlib_inline=false
call: name=italic, is_extern_c=false, is_builtin=false, is_user=false, is_stdlib_extern=false, is_special=false, is_stdlib_inline=false
call: name=underline, is_extern_c=false, is_builtin=false, is_user=false, is_stdlib_extern=false, is_special=false, is_stdlib_inline=false
call: name=inverse, is_extern_c=false, is_builtin=false, is_user=false, is_stdlib_extern=false, is_special=false, is_stdlib_inline=false
call: name=reset, is_extern_c=false, is_builtin=false, is_user=false, is_stdlib_extern=false, is_special=false, is_stdlib_inline=false
call: name=fg_black, is_extern_c=false, is_builtin=false, is_user=false, is_stdlib_extern=false, is_special=false, is_stdlib_inline=false
call: name=fg_red, is_extern_c=false, is_builtin=false, is_user=false, is_stdlib_extern=false, is_special=false, is_stdlib_inline=false
call: name=fg_green, is_extern_c=false, is_builtin=false, is_user=false, is_stdlib_extern=false, is_special=false, is_stdlib_inline=false
call: name=fg_yellow, is_extern_c=false, is_builtin=false, is_user=false, is_stdlib_extern=false, is_special=false, is_stdlib_inline=false
call: name=fg_blue, is_extern_c=false, is_builtin=false, is_user=false, is_stdlib_extern=false, is_special=false, is_stdlib_inline=false
call: name=fg_magenta, is_extern_c=false, is_builtin=false, is_user=false, is_stdlib_extern=false, is_special=false, is_stdlib_inline=false
call: name=fg_cyan, is_extern_c=false, is_builtin=false, is_user=false, is_stdlib_extern=false, is_special=false, is_stdlib_inline=false
call: name=fg_white, is_extern_c=false, is_builtin=false, is_user=false, is_stdlib_extern=false, is_special=false, is_stdlib_inline=false
call: name=fg_default, is_extern_c=false, is_builtin=false, is_user=false, is_stdlib_extern=false, is_special=false, is_stdlib_inline=false
call: name=bg_black, is_extern_c=false, is_builtin=false, is_user=false, is_stdlib_extern=false, is_special=false, is_stdlib_inline=false
call: name=bg_red, is_extern_c=false, is_builtin=false, is_user=false, is_stdlib_extern=false, is_special=false, is_stdlib_inline=false
call: name=bg_green, is_extern_c=false, is_builtin=false, is_user=false, is_stdlib_extern=false, is_special=false, is_stdlib_inline=false
call: name=bg_yellow, is_extern_c=false, is_builtin=false, is_user=false, is_stdlib_extern=false, is_special=false, is_stdlib_inline=false
call: name=bg_blue, is_extern_c=false, is_builtin=false, is_user=false, is_stdlib_extern=false, is_special=false, is_stdlib_inline=false
call: name=bg_magenta, is_extern_c=false, is_builtin=false, is_user=false, is_stdlib_extern=false, is_special=false, is_stdlib_inline=false
call: name=bg_cyan, is_extern_c=false, is_builtin=false, is_user=false, is_stdlib_extern=false, is_special=false, is_stdlib_inline=false
call: name=bg_white, is_extern_c=false, is_builtin=false, is_user=false, is_stdlib_extern=false, is_special=false, is_stdlib_inline=false
call: name=bg_default, is_extern_c=false, is_builtin=false, is_user=false, is_stdlib_extern=false, is_special=false, is_stdlib_inline=false
call: name=decode_single_byte, is_extern_c=false, is_builtin=false, is_user=false, is_stdlib_extern=false, is_special=false, is_stdlib_inline=false
call: name=decode_csi_with_tilde, is_extern_c=false, is_builtin=false, is_user=false, is_stdlib_extern=false, is_special=false, is_stdlib_inline=false
call: name=decode_csi_no_tilde, is_extern_c=false, is_builtin=false, is_user=false, is_stdlib_extern=false, is_special=false, is_stdlib_inline=false
call: name=println, is_extern_c=false, is_builtin=false, is_user=false, is_stdlib_extern=false, is_special=false, is_stdlib_inline=false
call: name=println, is_extern_c=false, is_builtin=false, is_user=false, is_stdlib_extern=false, is_special=false, is_stdlib_inline=false
call: name=println, is_extern_c=false, is_builtin=false, is_user=false, is_stdlib_extern=false, is_special=false, is_stdlib_inline=false
call: name=println, is_extern_c=false, is_builtin=false, is_user=false, is_stdlib_extern=false, is_special=false, is_stdlib_inline=false
call: name=println, is_extern_c=false, is_builtin=false, is_user=false, is_stdlib_extern=false, is_special=false, is_stdlib_inline=false
call: name=lstLen, is_extern_c=false, is_builtin=false, is_user=false, is_stdlib_extern=false, is_special=false, is_stdlib_inline=false
call: name=lstLen, is_extern_c=false, is_builtin=false, is_user=false, is_stdlib_extern=false, is_special=false, is_stdlib_inline=false
call: name=lstSum, is_extern_c=false, is_builtin=false, is_user=false, is_stdlib_extern=false, is_special=false, is_stdlib_inline=false
call: name=lstSum, is_extern_c=false, is_builtin=false, is_user=false, is_stdlib_extern=false, is_special=false, is_stdlib_inline=false
call: name=println, is_extern_c=false, is_builtin=false, is_user=false, is_stdlib_extern=false, is_special=false, is_stdlib_inline=false
call: name=check, is_extern_c=false, is_builtin=false, is_user=false, is_stdlib_extern=false, is_special=false, is_stdlib_inline=false
call: name=check, is_extern_c=false, is_builtin=false, is_user=false, is_stdlib_extern=false, is_special=false, is_stdlib_inline=false
call: name=check, is_extern_c=false, is_builtin=false, is_user=false, is_stdlib_extern=false, is_special=false, is_stdlib_inline=false
call: name=check, is_extern_c=false, is_builtin=false, is_user=false, is_stdlib_extern=false, is_special=false, is_stdlib_inline=false
call: name=check, is_extern_c=false, is_builtin=false, is_user=false, is_stdlib_extern=false, is_special=false, is_stdlib_inline=false
call: name=check, is_extern_c=false, is_builtin=false, is_user=false, is_stdlib_extern=false, is_special=false, is_stdlib_inline=false
call: name=check, is_extern_c=false, is_builtin=false, is_user=false, is_stdlib_extern=false, is_special=false, is_stdlib_inline=false
call: name=check, is_extern_c=false, is_builtin=false, is_user=false, is_stdlib_extern=false, is_special=false, is_stdlib_inline=false
call: name=shapeArea, is_extern_c=false, is_builtin=false, is_user=false, is_stdlib_extern=false, is_special=false, is_stdlib_inline=false
call: name=check, is_extern_c=false, is_builtin=false, is_user=false, is_stdlib_extern=false, is_special=false, is_stdlib_inline=false
call: name=shapeArea, is_extern_c=false, is_builtin=false, is_user=false, is_stdlib_extern=false, is_special=false, is_stdlib_inline=false
call: name=check, is_extern_c=false, is_builtin=false, is_user=false, is_stdlib_extern=false, is_special=false, is_stdlib_inline=false
call: name=optMap, is_extern_c=false, is_builtin=false, is_user=false, is_stdlib_extern=false, is_special=false, is_stdlib_inline=false
call: name=check, is_extern_c=false, is_builtin=false, is_user=false, is_stdlib_extern=false, is_special=false, is_stdlib_inline=false
call: name=optIsSome, is_extern_c=false, is_builtin=false, is_user=false, is_stdlib_extern=false, is_special=false, is_stdlib_inline=false
call: name=check, is_extern_c=false, is_builtin=false, is_user=false, is_stdlib_extern=false, is_special=false, is_stdlib_inline=false
call: name=optIsSome, is_extern_c=false, is_builtin=false, is_user=false, is_stdlib_extern=false, is_special=false, is_stdlib_inline=false
call: name=check, is_extern_c=false, is_builtin=false, is_user=false, is_stdlib_extern=false, is_special=false, is_stdlib_inline=false
call: name=optMap, is_extern_c=false, is_builtin=false, is_user=false, is_stdlib_extern=false, is_special=false, is_stdlib_inline=false
call: name=check, is_extern_c=false, is_builtin=false, is_user=false, is_stdlib_extern=false, is_special=false, is_stdlib_inline=false
call: name=lstLen, is_extern_c=false, is_builtin=false, is_user=false, is_stdlib_extern=false, is_special=false, is_stdlib_inline=false
call: name=check, is_extern_c=false, is_builtin=false, is_user=false, is_stdlib_extern=false, is_special=false, is_stdlib_inline=false
call: name=lstSum, is_extern_c=false, is_builtin=false, is_user=false, is_stdlib_extern=false, is_special=false, is_stdlib_inline=false
call: name=check, is_extern_c=false, is_builtin=false, is_user=false, is_stdlib_extern=false, is_special=false, is_stdlib_inline=false
call: name=lstLen, is_extern_c=false, is_builtin=false, is_user=false, is_stdlib_extern=false, is_special=false, is_stdlib_inline=false
call: name=check, is_extern_c=false, is_builtin=false, is_user=false, is_stdlib_extern=false, is_special=false, is_stdlib_inline=false
call: name=lstSum, is_extern_c=false, is_builtin=false, is_user=false, is_stdlib_extern=false, is_special=false, is_stdlib_inline=false
call: name=check, is_extern_c=false, is_builtin=false, is_user=false, is_stdlib_extern=false, is_special=false, is_stdlib_inline=false
call: name=lstLen, is_extern_c=false, is_builtin=false, is_user=false, is_stdlib_extern=false, is_special=false, is_stdlib_inline=false
call: name=check, is_extern_c=false, is_builtin=false, is_user=false, is_stdlib_extern=false, is_special=false, is_stdlib_inline=false
call: name=lstSum, is_extern_c=false, is_builtin=false, is_user=false, is_stdlib_extern=false, is_special=false, is_stdlib_inline=false
call: name=check, is_extern_c=false, is_builtin=false, is_user=false, is_stdlib_extern=false, is_special=false, is_stdlib_inline=false
call: name=lstLen, is_extern_c=false, is_builtin=false, is_user=false, is_stdlib_extern=false, is_special=false, is_stdlib_inline=false
call: name=check, is_extern_c=false, is_builtin=false, is_user=false, is_stdlib_extern=false, is_special=false, is_stdlib_inline=false
call: name=check, is_extern_c=false, is_builtin=false, is_user=false, is_stdlib_extern=false, is_special=false, is_stdlib_inline=false
call: name=check, is_extern_c=false, is_builtin=false, is_user=false, is_stdlib_extern=false, is_special=false, is_stdlib_inline=false
call: name=check, is_extern_c=false, is_builtin=false, is_user=false, is_stdlib_extern=false, is_special=false, is_stdlib_inline=false
call: name=lstLen, is_extern_c=false, is_builtin=false, is_user=false, is_stdlib_extern=false, is_special=false, is_stdlib_inline=false
call: name=check, is_extern_c=false, is_builtin=false, is_user=false, is_stdlib_extern=false, is_special=false, is_stdlib_inline=false
call: name=lstSum, is_extern_c=false, is_builtin=false, is_user=false, is_stdlib_extern=false, is_special=false, is_stdlib_inline=false
call: name=check, is_extern_c=false, is_builtin=false, is_user=false, is_stdlib_extern=false, is_special=false, is_stdlib_inline=false
call: name=check, is_extern_c=false, is_builtin=false, is_user=false, is_stdlib_extern=false, is_special=false, is_stdlib_inline=false
call: name=check, is_extern_c=false, is_builtin=false, is_user=false, is_stdlib_extern=false, is_special=false, is_stdlib_inline=false
call: name=check, is_extern_c=false, is_builtin=false, is_user=false, is_stdlib_extern=false, is_special=false, is_stdlib_inline=false
call: name=check, is_extern_c=false, is_builtin=false, is_user=false, is_stdlib_extern=false, is_special=false, is_stdlib_inline=false
call: name=check, is_extern_c=false, is_builtin=false, is_user=false, is_stdlib_extern=false, is_special=false, is_stdlib_inline=false
call: name=check, is_extern_c=false, is_builtin=false, is_user=false, is_stdlib_extern=false, is_special=false, is_stdlib_inline=false
call: name=check, is_extern_c=false, is_builtin=false, is_user=false, is_stdlib_extern=false, is_special=false, is_stdlib_inline=false
call: name=optIsSome, is_extern_c=false, is_builtin=false, is_user=false, is_stdlib_extern=false, is_special=false, is_stdlib_inline=false
call: name=check, is_extern_c=false, is_builtin=false, is_user=false, is_stdlib_extern=false, is_special=false, is_stdlib_inline=false
call: name=optIsSome, is_extern_c=false, is_builtin=false, is_user=false, is_stdlib_extern=false, is_special=false, is_stdlib_inline=false
call: name=check, is_extern_c=false, is_builtin=false, is_user=false, is_stdlib_extern=false, is_special=false, is_stdlib_inline=false
call: name=shapeArea, is_extern_c=false, is_builtin=false, is_user=false, is_stdlib_extern=false, is_special=false, is_stdlib_inline=false
call: name=check, is_extern_c=false, is_builtin=false, is_user=false, is_stdlib_extern=false, is_special=false, is_stdlib_inline=false
call: name=shapeArea, is_extern_c=false, is_builtin=false, is_user=false, is_stdlib_extern=false, is_special=false, is_stdlib_inline=false
call: name=check, is_extern_c=false, is_builtin=false, is_user=false, is_stdlib_extern=false, is_special=false, is_stdlib_inline=false
call: name=check, is_extern_c=false, is_builtin=false, is_user=false, is_stdlib_extern=false, is_special=false, is_stdlib_inline=false
call: name=check, is_extern_c=false, is_builtin=false, is_user=false, is_stdlib_extern=false, is_special=false, is_stdlib_inline=false
call: name=check, is_extern_c=false, is_builtin=false, is_user=false, is_stdlib_extern=false, is_special=false, is_stdlib_inline=false
call: name=check, is_extern_c=false, is_builtin=false, is_user=false, is_stdlib_extern=false, is_special=false, is_stdlib_inline=false
call: name=check, is_extern_c=false, is_builtin=false, is_user=false, is_stdlib_extern=false, is_special=false, is_stdlib_inline=false
call: name=check, is_extern_c=false, is_builtin=false, is_user=false, is_stdlib_extern=false, is_special=false, is_stdlib_inline=false
call: name=check, is_extern_c=false, is_builtin=false, is_user=false, is_stdlib_extern=false, is_special=false, is_stdlib_inline=false
call: name=check, is_extern_c=false, is_builtin=false, is_user=false, is_stdlib_extern=false, is_special=false, is_stdlib_inline=false
call: name=summary, is_extern_c=false, is_builtin=false, is_user=false, is_stdlib_extern=false, is_special=false, is_stdlib_inline=false
call: name=format, is_extern_c=false, is_builtin=false, is_user=false, is_stdlib_extern=false, is_special=false, is_stdlib_inline=false
call: name=__stdout_write, is_extern_c=false, is_builtin=false, is_user=false, is_stdlib_extern=false, is_special=false, is_stdlib_inline=false
call: name=__stdout_write, is_extern_c=false, is_builtin=false, is_user=false, is_stdlib_extern=false, is_special=false, is_stdlib_inline=false
call: name=lstLen, is_extern_c=false, is_builtin=false, is_user=false, is_stdlib_extern=false, is_special=false, is_stdlib_inline=false
call: name=lstLen, is_extern_c=false, is_builtin=false, is_user=false, is_stdlib_extern=false, is_special=false, is_stdlib_inline=false
call: name=__cast_i128_to_i32, is_extern_c=true, is_builtin=false, is_user=false, is_stdlib_extern=true, is_special=true, is_stdlib_inline=false
call: name=__cast_i64_to_i128, is_extern_c=true, is_builtin=false, is_user=false, is_stdlib_extern=true, is_special=true, is_stdlib_inline=false
call: name=__cast_i128_to_u8, is_extern_c=true, is_builtin=false, is_user=false, is_stdlib_extern=true, is_special=true, is_stdlib_inline=false
call: name=__cast_i64_to_i128, is_extern_c=true, is_builtin=false, is_user=false, is_stdlib_extern=true, is_special=true, is_stdlib_inline=false
call: name=__cast_i128_to_u16, is_extern_c=true, is_builtin=false, is_user=false, is_stdlib_extern=true, is_special=true, is_stdlib_inline=false
call: name=__cast_i64_to_i128, is_extern_c=true, is_builtin=false, is_user=false, is_stdlib_extern=true, is_special=true, is_stdlib_inline=false
call: name=__cast_i128_to_u32, is_extern_c=true, is_builtin=false, is_user=false, is_stdlib_extern=true, is_special=true, is_stdlib_inline=false
call: name=__cast_i64_to_i128, is_extern_c=true, is_builtin=false, is_user=false, is_stdlib_extern=true, is_special=true, is_stdlib_inline=false
call: name=__cast_i128_to_usize, is_extern_c=true, is_builtin=false, is_user=false, is_stdlib_extern=true, is_special=true, is_stdlib_inline=false
call: name=__cast_i64_to_i128, is_extern_c=true, is_builtin=false, is_user=false, is_stdlib_extern=true, is_special=true, is_stdlib_inline=false
call: name=__cast_i128_to_i64, is_extern_c=true, is_builtin=false, is_user=false, is_stdlib_extern=true, is_special=true, is_stdlib_inline=false
call: name=__cast_i32_to_i128, is_extern_c=true, is_builtin=false, is_user=false, is_stdlib_extern=true, is_special=true, is_stdlib_inline=false
call: name=__cast_i128_to_u8, is_extern_c=true, is_builtin=false, is_user=false, is_stdlib_extern=true, is_special=true, is_stdlib_inline=false
call: name=__cast_i32_to_i128, is_extern_c=true, is_builtin=false, is_user=false, is_stdlib_extern=true, is_special=true, is_stdlib_inline=false
call: name=__cast_i128_to_u16, is_extern_c=true, is_builtin=false, is_user=false, is_stdlib_extern=true, is_special=true, is_stdlib_inline=false
call: name=__cast_i32_to_i128, is_extern_c=true, is_builtin=false, is_user=false, is_stdlib_extern=true, is_special=true, is_stdlib_inline=false
call: name=__cast_i128_to_usize, is_extern_c=true, is_builtin=false, is_user=false, is_stdlib_extern=true, is_special=true, is_stdlib_inline=false
call: name=__cast_i32_to_i128, is_extern_c=true, is_builtin=false, is_user=false, is_stdlib_extern=true, is_special=true, is_stdlib_inline=false
call: name=__cast_i128_to_i32, is_extern_c=true, is_builtin=false, is_user=false, is_stdlib_extern=true, is_special=true, is_stdlib_inline=false
call: name=__cast_u8_to_i128, is_extern_c=true, is_builtin=false, is_user=false, is_stdlib_extern=true, is_special=true, is_stdlib_inline=false
call: name=__cast_i128_to_i64, is_extern_c=true, is_builtin=false, is_user=false, is_stdlib_extern=true, is_special=true, is_stdlib_inline=false
call: name=__cast_u8_to_i128, is_extern_c=true, is_builtin=false, is_user=false, is_stdlib_extern=true, is_special=true, is_stdlib_inline=false
call: name=__cast_i128_to_u16, is_extern_c=true, is_builtin=false, is_user=false, is_stdlib_extern=true, is_special=true, is_stdlib_inline=false
call: name=__cast_u8_to_i128, is_extern_c=true, is_builtin=false, is_user=false, is_stdlib_extern=true, is_special=true, is_stdlib_inline=false
call: name=__cast_i128_to_i64, is_extern_c=true, is_builtin=false, is_user=false, is_stdlib_extern=true, is_special=true, is_stdlib_inline=false
call: name=__cast_u16_to_i128, is_extern_c=true, is_builtin=false, is_user=false, is_stdlib_extern=true, is_special=true, is_stdlib_inline=false
call: name=__cast_i128_to_i64, is_extern_c=true, is_builtin=false, is_user=false, is_stdlib_extern=true, is_special=true, is_stdlib_inline=false
call: name=__cast_u32_to_i128, is_extern_c=true, is_builtin=false, is_user=false, is_stdlib_extern=true, is_special=true, is_stdlib_inline=false
call: name=__cast_i128_to_i64, is_extern_c=true, is_builtin=false, is_user=false, is_stdlib_extern=true, is_special=true, is_stdlib_inline=false
call: name=__cast_u64_to_i128, is_extern_c=true, is_builtin=false, is_user=false, is_stdlib_extern=true, is_special=true, is_stdlib_inline=false
call: name=__cast_i128_to_i64, is_extern_c=true, is_builtin=false, is_user=false, is_stdlib_extern=true, is_special=true, is_stdlib_inline=false
call: name=__cast_usize_to_i128, is_extern_c=true, is_builtin=false, is_user=false, is_stdlib_extern=true, is_special=true, is_stdlib_inline=false
call: name=__reflect_type_name, is_extern_c=false, is_builtin=true, is_user=false, is_stdlib_extern=false, is_special=false, is_stdlib_inline=false
call: name=__reflect_kind_str, is_extern_c=false, is_builtin=true, is_user=false, is_stdlib_extern=false, is_special=false, is_stdlib_inline=false
call: name=__reflect_layout_size, is_extern_c=false, is_builtin=true, is_user=false, is_stdlib_extern=false, is_special=false, is_stdlib_inline=false
call: name=__reflect_layout_alignment, is_extern_c=false, is_builtin=true, is_user=false, is_stdlib_extern=false, is_special=false, is_stdlib_inline=false
call: name=__reflect_type_name, is_extern_c=false, is_builtin=true, is_user=false, is_stdlib_extern=false, is_special=false, is_stdlib_inline=false
call: name=__reflect_format, is_extern_c=false, is_builtin=true, is_user=false, is_stdlib_extern=false, is_special=false, is_stdlib_inline=false
call: name=__stdout_write_raw, is_extern_c=true, is_builtin=false, is_user=false, is_stdlib_extern=true, is_special=false, is_stdlib_inline=true
call: name=__stderr_write_raw, is_extern_c=true, is_builtin=false, is_user=false, is_stdlib_extern=true, is_special=false, is_stdlib_inline=true
call: name=__stdin_readln_into, is_extern_c=true, is_builtin=false, is_user=false, is_stdlib_extern=true, is_special=false, is_stdlib_inline=true
call: name=format, is_extern_c=false, is_builtin=false, is_user=false, is_stdlib_extern=false, is_special=false, is_stdlib_inline=false
call: name=__stdout_write, is_extern_c=false, is_builtin=false, is_user=false, is_stdlib_extern=false, is_special=false, is_stdlib_inline=false
call: name=format, is_extern_c=false, is_builtin=false, is_user=false, is_stdlib_extern=false, is_special=false, is_stdlib_inline=false
call: name=__stdout_write, is_extern_c=false, is_builtin=false, is_user=false, is_stdlib_extern=false, is_special=false, is_stdlib_inline=false
call: name=__stdout_write, is_extern_c=false, is_builtin=false, is_user=false, is_stdlib_extern=false, is_special=false, is_stdlib_inline=false
call: name=format, is_extern_c=false, is_builtin=false, is_user=false, is_stdlib_extern=false, is_special=false, is_stdlib_inline=false
call: name=__stderr_write, is_extern_c=false, is_builtin=false, is_user=false, is_stdlib_extern=false, is_special=false, is_stdlib_inline=false
call: name=format, is_extern_c=false, is_builtin=false, is_user=false, is_stdlib_extern=false, is_special=false, is_stdlib_inline=false
call: name=__stderr_write, is_extern_c=false, is_builtin=false, is_user=false, is_stdlib_extern=false, is_special=false, is_stdlib_inline=false
call: name=__stderr_write, is_extern_c=false, is_builtin=false, is_user=false, is_stdlib_extern=false, is_special=false, is_stdlib_inline=false
call: name=__stdin_readln, is_extern_c=false, is_builtin=false, is_user=false, is_stdlib_extern=false, is_special=false, is_stdlib_inline=false
call: name=__stdin_readln, is_extern_c=false, is_builtin=false, is_user=false, is_stdlib_extern=false, is_special=false, is_stdlib_inline=false
call: name=__str_array_join, is_extern_c=true, is_builtin=false, is_user=false, is_stdlib_extern=true, is_special=true, is_stdlib_inline=false
call: name=__str_array_join, is_extern_c=true, is_builtin=false, is_user=false, is_stdlib_extern=true, is_special=true, is_stdlib_inline=false
call: name=normalize_seps, is_extern_c=false, is_builtin=false, is_user=false, is_stdlib_extern=false, is_special=false, is_stdlib_inline=false
call: name=split_segments, is_extern_c=false, is_builtin=false, is_user=false, is_stdlib_extern=false, is_special=false, is_stdlib_inline=false
call: name=__file_open_raw, is_extern_c=true, is_builtin=false, is_user=false, is_stdlib_extern=true, is_special=false, is_stdlib_inline=true
call: name=__file_close_raw, is_extern_c=true, is_builtin=false, is_user=false, is_stdlib_extern=true, is_special=false, is_stdlib_inline=true
call: name=__file_seek_raw, is_extern_c=true, is_builtin=false, is_user=false, is_stdlib_extern=true, is_special=false, is_stdlib_inline=true
call: name=__file_remove_raw, is_extern_c=true, is_builtin=false, is_user=false, is_stdlib_extern=true, is_special=false, is_stdlib_inline=true
call: name=__file_rename_raw, is_extern_c=true, is_builtin=false, is_user=false, is_stdlib_extern=true, is_special=false, is_stdlib_inline=true
call: name=__file_chmod_raw, is_extern_c=true, is_builtin=false, is_user=false, is_stdlib_extern=true, is_special=false, is_stdlib_inline=true
call: name=u64, is_extern_c=false, is_builtin=false, is_user=false, is_stdlib_extern=false, is_special=false, is_stdlib_inline=false
call: name=u64, is_extern_c=false, is_builtin=false, is_user=false, is_stdlib_extern=false, is_special=false, is_stdlib_inline=false
call: name=u64, is_extern_c=false, is_builtin=false, is_user=false, is_stdlib_extern=false, is_special=false, is_stdlib_inline=false
call: name=u64, is_extern_c=false, is_builtin=false, is_user=false, is_stdlib_extern=false, is_special=false, is_stdlib_inline=false
call: name=u64, is_extern_c=false, is_builtin=false, is_user=false, is_stdlib_extern=false, is_special=false, is_stdlib_inline=false
call: name=u64, is_extern_c=false, is_builtin=false, is_user=false, is_stdlib_extern=false, is_special=false, is_stdlib_inline=false
call: name=u64, is_extern_c=false, is_builtin=false, is_user=false, is_stdlib_extern=false, is_special=false, is_stdlib_inline=false
call: name=u64, is_extern_c=false, is_builtin=false, is_user=false, is_stdlib_extern=false, is_special=false, is_stdlib_inline=false
call: name=__read_u64_le, is_extern_c=false, is_builtin=false, is_user=false, is_stdlib_extern=false, is_special=false, is_stdlib_inline=false
call: name=u32, is_extern_c=false, is_builtin=false, is_user=false, is_stdlib_extern=false, is_special=false, is_stdlib_inline=false
call: name=u32, is_extern_c=false, is_builtin=false, is_user=false, is_stdlib_extern=false, is_special=false, is_stdlib_inline=false
call: name=u32, is_extern_c=false, is_builtin=false, is_user=false, is_stdlib_extern=false, is_special=false, is_stdlib_inline=false
call: name=u32, is_extern_c=false, is_builtin=false, is_user=false, is_stdlib_extern=false, is_special=false, is_stdlib_inline=false
call: name=__file_stat_into, is_extern_c=true, is_builtin=false, is_user=false, is_stdlib_extern=true, is_special=false, is_stdlib_inline=true
call: name=__read_u64_le, is_extern_c=false, is_builtin=false, is_user=false, is_stdlib_extern=false, is_special=false, is_stdlib_inline=false
call: name=__read_u64_le, is_extern_c=false, is_builtin=false, is_user=false, is_stdlib_extern=false, is_special=false, is_stdlib_inline=false
call: name=__read_u64_le, is_extern_c=false, is_builtin=false, is_user=false, is_stdlib_extern=false, is_special=false, is_stdlib_inline=false
call: name=__read_i32_le, is_extern_c=false, is_builtin=false, is_user=false, is_stdlib_extern=false, is_special=false, is_stdlib_inline=false
call: name=__file_fstat_into, is_extern_c=true, is_builtin=false, is_user=false, is_stdlib_extern=true, is_special=false, is_stdlib_inline=true
call: name=__read_u64_le, is_extern_c=false, is_builtin=false, is_user=false, is_stdlib_extern=false, is_special=false, is_stdlib_inline=false
call: name=__read_u64_le, is_extern_c=false, is_builtin=false, is_user=false, is_stdlib_extern=false, is_special=false, is_stdlib_inline=false
call: name=__read_u64_le, is_extern_c=false, is_builtin=false, is_user=false, is_stdlib_extern=false, is_special=false, is_stdlib_inline=false
call: name=__read_i32_le, is_extern_c=false, is_builtin=false, is_user=false, is_stdlib_extern=false, is_special=false, is_stdlib_inline=false
call: name=__compute_flags, is_extern_c=false, is_builtin=false, is_user=false, is_stdlib_extern=false, is_special=false, is_stdlib_inline=false
call: name=__file_open, is_extern_c=false, is_builtin=false, is_user=false, is_stdlib_extern=false, is_special=false, is_stdlib_inline=false
call: name=__file_stat, is_extern_c=false, is_builtin=false, is_user=false, is_stdlib_extern=false, is_special=false, is_stdlib_inline=false
call: name=__file_remove, is_extern_c=false, is_builtin=false, is_user=false, is_stdlib_extern=false, is_special=false, is_stdlib_inline=false
call: name=__file_rename, is_extern_c=false, is_builtin=false, is_user=false, is_stdlib_extern=false, is_special=false, is_stdlib_inline=false
call: name=__file_chmod, is_extern_c=false, is_builtin=false, is_user=false, is_stdlib_extern=false, is_special=false, is_stdlib_inline=false
call: name=__dir_create_raw, is_extern_c=true, is_builtin=false, is_user=false, is_stdlib_extern=true, is_special=false, is_stdlib_inline=true
call: name=__dir_remove_raw, is_extern_c=true, is_builtin=false, is_user=false, is_stdlib_extern=true, is_special=false, is_stdlib_inline=true
call: name=__dir_list_into, is_extern_c=true, is_builtin=false, is_user=false, is_stdlib_extern=true, is_special=false, is_stdlib_inline=true
call: name=__kind_from_int, is_extern_c=false, is_builtin=false, is_user=false, is_stdlib_extern=false, is_special=false, is_stdlib_inline=false
call: name=__read_i32_le, is_extern_c=false, is_builtin=false, is_user=false, is_stdlib_extern=false, is_special=false, is_stdlib_inline=false
call: name=__read_i32_le, is_extern_c=false, is_builtin=false, is_user=false, is_stdlib_extern=false, is_special=false, is_stdlib_inline=false
call: name=__dir_list, is_extern_c=false, is_builtin=false, is_user=false, is_stdlib_extern=false, is_special=false, is_stdlib_inline=false
call: name=__dir_list, is_extern_c=false, is_builtin=false, is_user=false, is_stdlib_extern=false, is_special=false, is_stdlib_inline=false
call: name=__dir_create, is_extern_c=false, is_builtin=false, is_user=false, is_stdlib_extern=false, is_special=false, is_stdlib_inline=false
call: name=__dir_create, is_extern_c=false, is_builtin=false, is_user=false, is_stdlib_extern=false, is_special=false, is_stdlib_inline=false
call: name=__file_remove, is_extern_c=false, is_builtin=false, is_user=false, is_stdlib_extern=false, is_special=false, is_stdlib_inline=false
call: name=__dir_list, is_extern_c=false, is_builtin=false, is_user=false, is_stdlib_extern=false, is_special=false, is_stdlib_inline=false
call: name=walk, is_extern_c=false, is_builtin=false, is_user=false, is_stdlib_extern=false, is_special=false, is_stdlib_inline=false
call: name=read_file, is_extern_c=false, is_builtin=false, is_user=false, is_stdlib_extern=false, is_special=false, is_stdlib_inline=false
call: name=__instant_now_ns, is_extern_c=true, is_builtin=false, is_user=false, is_stdlib_extern=true, is_special=false, is_stdlib_inline=true
call: name=__instant_now_ns, is_extern_c=true, is_builtin=false, is_user=false, is_stdlib_extern=true, is_special=false, is_stdlib_inline=true
call: name=__localtime_offset_minutes, is_extern_c=true, is_builtin=false, is_user=false, is_stdlib_extern=true, is_special=false, is_stdlib_inline=true
call: name=to_utc_components, is_extern_c=false, is_builtin=false, is_user=false, is_stdlib_extern=false, is_special=false, is_stdlib_inline=false
call: name=components_to_ns_utc, is_extern_c=false, is_builtin=false, is_user=false, is_stdlib_extern=false, is_special=false, is_stdlib_inline=false
call: name=is_leap_year, is_extern_c=false, is_builtin=false, is_user=false, is_stdlib_extern=false, is_special=false, is_stdlib_inline=false
call: name=is_leap_year, is_extern_c=false, is_builtin=false, is_user=false, is_stdlib_extern=false, is_special=false, is_stdlib_inline=false
call: name=floor_div, is_extern_c=false, is_builtin=false, is_user=false, is_stdlib_extern=false, is_special=false, is_stdlib_inline=false
call: name=floor_div, is_extern_c=false, is_builtin=false, is_user=false, is_stdlib_extern=false, is_special=false, is_stdlib_inline=false
call: name=floor_div, is_extern_c=false, is_builtin=false, is_user=false, is_stdlib_extern=false, is_special=false, is_stdlib_inline=false
call: name=floor_div, is_extern_c=false, is_builtin=false, is_user=false, is_stdlib_extern=false, is_special=false, is_stdlib_inline=false
call: name=floor_div, is_extern_c=false, is_builtin=false, is_user=false, is_stdlib_extern=false, is_special=false, is_stdlib_inline=false
call: name=floor_div, is_extern_c=false, is_builtin=false, is_user=false, is_stdlib_extern=false, is_special=false, is_stdlib_inline=false
call: name=floor_div, is_extern_c=false, is_builtin=false, is_user=false, is_stdlib_extern=false, is_special=false, is_stdlib_inline=false
call: name=floor_div, is_extern_c=false, is_builtin=false, is_user=false, is_stdlib_extern=false, is_special=false, is_stdlib_inline=false
call: name=floor_div, is_extern_c=false, is_builtin=false, is_user=false, is_stdlib_extern=false, is_special=false, is_stdlib_inline=false
call: name=floor_div, is_extern_c=false, is_builtin=false, is_user=false, is_stdlib_extern=false, is_special=false, is_stdlib_inline=false
call: name=floor_div, is_extern_c=false, is_builtin=false, is_user=false, is_stdlib_extern=false, is_special=false, is_stdlib_inline=false
call: name=floor_div, is_extern_c=false, is_builtin=false, is_user=false, is_stdlib_extern=false, is_special=false, is_stdlib_inline=false
call: name=floor_div, is_extern_c=false, is_builtin=false, is_user=false, is_stdlib_extern=false, is_special=false, is_stdlib_inline=false
call: name=to_julian_day, is_extern_c=false, is_builtin=false, is_user=false, is_stdlib_extern=false, is_special=false, is_stdlib_inline=false
call: name=from_julian_day, is_extern_c=false, is_builtin=false, is_user=false, is_stdlib_extern=false, is_special=false, is_stdlib_inline=false
call: name=floor_mod, is_extern_c=false, is_builtin=false, is_user=false, is_stdlib_extern=false, is_special=false, is_stdlib_inline=false
call: name=to_julian_day, is_extern_c=false, is_builtin=false, is_user=false, is_stdlib_extern=false, is_special=false, is_stdlib_inline=false
call: name=floor_mod, is_extern_c=false, is_builtin=false, is_user=false, is_stdlib_extern=false, is_special=false, is_stdlib_inline=false
call: name=to_julian_day, is_extern_c=false, is_builtin=false, is_user=false, is_stdlib_extern=false, is_special=false, is_stdlib_inline=false
call: name=from_julian_day, is_extern_c=false, is_builtin=false, is_user=false, is_stdlib_extern=false, is_special=false, is_stdlib_inline=false
call: name=to_julian_day, is_extern_c=false, is_builtin=false, is_user=false, is_stdlib_extern=false, is_special=false, is_stdlib_inline=false
call: name=to_julian_day, is_extern_c=false, is_builtin=false, is_user=false, is_stdlib_extern=false, is_special=false, is_stdlib_inline=false
call: name=sleep, is_extern_c=false, is_builtin=false, is_user=false, is_stdlib_extern=false, is_special=false, is_stdlib_inline=false
call: name=ticker_loop, is_extern_c=false, is_builtin=false, is_user=false, is_stdlib_extern=false, is_special=false, is_stdlib_inline=false
call: name=sleep, is_extern_c=false, is_builtin=false, is_user=false, is_stdlib_extern=false, is_special=false, is_stdlib_inline=false
call: name=timeout_worker, is_extern_c=false, is_builtin=false, is_user=false, is_stdlib_extern=false, is_special=false, is_stdlib_inline=false
call: name=u32, is_extern_c=false, is_builtin=false, is_user=false, is_stdlib_extern=false, is_special=false, is_stdlib_inline=false
call: name=u32, is_extern_c=false, is_builtin=false, is_user=false, is_stdlib_extern=false, is_special=false, is_stdlib_inline=false
call: name=u32, is_extern_c=false, is_builtin=false, is_user=false, is_stdlib_extern=false, is_special=false, is_stdlib_inline=false
call: name=u32, is_extern_c=false, is_builtin=false, is_user=false, is_stdlib_extern=false, is_special=false, is_stdlib_inline=false
call: name=v4_from_octets, is_extern_c=false, is_builtin=false, is_user=false, is_stdlib_extern=false, is_special=false, is_stdlib_inline=false
call: name=u64, is_extern_c=false, is_builtin=false, is_user=false, is_stdlib_extern=false, is_special=false, is_stdlib_inline=false
call: name=u64, is_extern_c=false, is_builtin=false, is_user=false, is_stdlib_extern=false, is_special=false, is_stdlib_inline=false
call: name=u64, is_extern_c=false, is_builtin=false, is_user=false, is_stdlib_extern=false, is_special=false, is_stdlib_inline=false
call: name=u64, is_extern_c=false, is_builtin=false, is_user=false, is_stdlib_extern=false, is_special=false, is_stdlib_inline=false
call: name=u64, is_extern_c=false, is_builtin=false, is_user=false, is_stdlib_extern=false, is_special=false, is_stdlib_inline=false
call: name=u64, is_extern_c=false, is_builtin=false, is_user=false, is_stdlib_extern=false, is_special=false, is_stdlib_inline=false
call: name=u64, is_extern_c=false, is_builtin=false, is_user=false, is_stdlib_extern=false, is_special=false, is_stdlib_inline=false
call: name=u64, is_extern_c=false, is_builtin=false, is_user=false, is_stdlib_extern=false, is_special=false, is_stdlib_inline=false
call: name=u32, is_extern_c=false, is_builtin=false, is_user=false, is_stdlib_extern=false, is_special=false, is_stdlib_inline=false
call: name=u32, is_extern_c=false, is_builtin=false, is_user=false, is_stdlib_extern=false, is_special=false, is_stdlib_inline=false
call: name=u32, is_extern_c=false, is_builtin=false, is_user=false, is_stdlib_extern=false, is_special=false, is_stdlib_inline=false
call: name=u32, is_extern_c=false, is_builtin=false, is_user=false, is_stdlib_extern=false, is_special=false, is_stdlib_inline=false
call: name=u64, is_extern_c=false, is_builtin=false, is_user=false, is_stdlib_extern=false, is_special=false, is_stdlib_inline=false
call: name=u64, is_extern_c=false, is_builtin=false, is_user=false, is_stdlib_extern=false, is_special=false, is_stdlib_inline=false
call: name=u64, is_extern_c=false, is_builtin=false, is_user=false, is_stdlib_extern=false, is_special=false, is_stdlib_inline=false
call: name=u64, is_extern_c=false, is_builtin=false, is_user=false, is_stdlib_extern=false, is_special=false, is_stdlib_inline=false
call: name=u64, is_extern_c=false, is_builtin=false, is_user=false, is_stdlib_extern=false, is_special=false, is_stdlib_inline=false
call: name=u64, is_extern_c=false, is_builtin=false, is_user=false, is_stdlib_extern=false, is_special=false, is_stdlib_inline=false
call: name=u64, is_extern_c=false, is_builtin=false, is_user=false, is_stdlib_extern=false, is_special=false, is_stdlib_inline=false
call: name=u64, is_extern_c=false, is_builtin=false, is_user=false, is_stdlib_extern=false, is_special=false, is_stdlib_inline=false
call: name=__net_resolve_into, is_extern_c=true, is_builtin=false, is_user=false, is_stdlib_extern=true, is_special=false, is_stdlib_inline=true
call: name=__dns_read_u32_le, is_extern_c=false, is_builtin=false, is_user=false, is_stdlib_extern=false, is_special=false, is_stdlib_inline=false
call: name=__dns_read_u64_le, is_extern_c=false, is_builtin=false, is_user=false, is_stdlib_extern=false, is_special=false, is_stdlib_inline=false
call: name=__dns_read_u64_le, is_extern_c=false, is_builtin=false, is_user=false, is_stdlib_extern=false, is_special=false, is_stdlib_inline=false
call: name=__net_resolve, is_extern_c=false, is_builtin=false, is_user=false, is_stdlib_extern=false, is_special=false, is_stdlib_inline=false
call: name=__net_tcp_connect_v4, is_extern_c=true, is_builtin=false, is_user=false, is_stdlib_extern=true, is_special=false, is_stdlib_inline=true
call: name=__net_tcp_connect_v6, is_extern_c=true, is_builtin=false, is_user=false, is_stdlib_extern=true, is_special=false, is_stdlib_inline=true
call: name=__net_tcp_close_raw, is_extern_c=true, is_builtin=false, is_user=false, is_stdlib_extern=true, is_special=false, is_stdlib_inline=true
call: name=__net_tcp_connect, is_extern_c=false, is_builtin=false, is_user=false, is_stdlib_extern=false, is_special=false, is_stdlib_inline=false
call: name=__net_tcp_listen_v4, is_extern_c=true, is_builtin=false, is_user=false, is_stdlib_extern=true, is_special=false, is_stdlib_inline=true
call: name=__net_tcp_listen_v6, is_extern_c=true, is_builtin=false, is_user=false, is_stdlib_extern=true, is_special=false, is_stdlib_inline=true
call: name=__net_tcp_listen, is_extern_c=false, is_builtin=false, is_user=false, is_stdlib_extern=false, is_special=false, is_stdlib_inline=false
call: name=__net_udp_bind_v4, is_extern_c=true, is_builtin=false, is_user=false, is_stdlib_extern=true, is_special=false, is_stdlib_inline=true
call: name=__net_udp_bind_v6, is_extern_c=true, is_builtin=false, is_user=false, is_stdlib_extern=true, is_special=false, is_stdlib_inline=true
call: name=__net_udp_send_to_v4, is_extern_c=true, is_builtin=false, is_user=false, is_stdlib_extern=true, is_special=false, is_stdlib_inline=true
call: name=__net_udp_send_to_v6, is_extern_c=true, is_builtin=false, is_user=false, is_stdlib_extern=true, is_special=false, is_stdlib_inline=true
call: name=__net_tcp_listen, is_extern_c=false, is_builtin=false, is_user=false, is_stdlib_extern=false, is_special=false, is_stdlib_inline=false
call: name=type_name, is_extern_c=false, is_builtin=false, is_user=false, is_stdlib_extern=false, is_special=false, is_stdlib_inline=false
call: name=type_name, is_extern_c=false, is_builtin=false, is_user=false, is_stdlib_extern=false, is_special=false, is_stdlib_inline=false
call: name=type_name, is_extern_c=false, is_builtin=false, is_user=false, is_stdlib_extern=false, is_special=false, is_stdlib_inline=false
call: name=type_name, is_extern_c=false, is_builtin=false, is_user=false, is_stdlib_extern=false, is_special=false, is_stdlib_inline=false
call: name=type_name, is_extern_c=false, is_builtin=false, is_user=false, is_stdlib_extern=false, is_special=false, is_stdlib_inline=false
call: name=isnormal_f64_impl, is_extern_c=false, is_builtin=false, is_user=false, is_stdlib_extern=false, is_special=false, is_stdlib_inline=false
call: name=isnormal_f32_impl, is_extern_c=false, is_builtin=false, is_user=false, is_stdlib_extern=false, is_special=false, is_stdlib_inline=false
call: name=isnormal_f16_impl, is_extern_c=false, is_builtin=false, is_user=false, is_stdlib_extern=false, is_special=false, is_stdlib_inline=false
call: name=isnormal_f128_impl, is_extern_c=false, is_builtin=false, is_user=false, is_stdlib_extern=false, is_special=false, is_stdlib_inline=false
call: name=type_name, is_extern_c=false, is_builtin=false, is_user=false, is_stdlib_extern=false, is_special=false, is_stdlib_inline=false
call: name=type_name, is_extern_c=false, is_builtin=false, is_user=false, is_stdlib_extern=false, is_special=false, is_stdlib_inline=false
call: name=count_ones_8_impl, is_extern_c=false, is_builtin=false, is_user=false, is_stdlib_extern=false, is_special=false, is_stdlib_inline=false
call: name=count_ones_8_impl, is_extern_c=false, is_builtin=false, is_user=false, is_stdlib_extern=false, is_special=false, is_stdlib_inline=false
call: name=count_ones_16_impl, is_extern_c=false, is_builtin=false, is_user=false, is_stdlib_extern=false, is_special=false, is_stdlib_inline=false
call: name=count_ones_16_impl, is_extern_c=false, is_builtin=false, is_user=false, is_stdlib_extern=false, is_special=false, is_stdlib_inline=false
call: name=count_ones_32_impl, is_extern_c=false, is_builtin=false, is_user=false, is_stdlib_extern=false, is_special=false, is_stdlib_inline=false
call: name=count_ones_32_impl, is_extern_c=false, is_builtin=false, is_user=false, is_stdlib_extern=false, is_special=false, is_stdlib_inline=false
call: name=count_ones_64_impl, is_extern_c=false, is_builtin=false, is_user=false, is_stdlib_extern=false, is_special=false, is_stdlib_inline=false
call: name=count_ones_64_impl, is_extern_c=false, is_builtin=false, is_user=false, is_stdlib_extern=false, is_special=false, is_stdlib_inline=false
call: name=count_ones_128_impl, is_extern_c=false, is_builtin=false, is_user=false, is_stdlib_extern=false, is_special=false, is_stdlib_inline=false
call: name=count_ones_128_impl, is_extern_c=false, is_builtin=false, is_user=false, is_stdlib_extern=false, is_special=false, is_stdlib_inline=false
call: name=count_ones_64_impl, is_extern_c=false, is_builtin=false, is_user=false, is_stdlib_extern=false, is_special=false, is_stdlib_inline=false
call: name=count_ones_64_impl, is_extern_c=false, is_builtin=false, is_user=false, is_stdlib_extern=false, is_special=false, is_stdlib_inline=false
call: name=type_name, is_extern_c=false, is_builtin=false, is_user=false, is_stdlib_extern=false, is_special=false, is_stdlib_inline=false
call: name=leading_zeros_8_impl, is_extern_c=false, is_builtin=false, is_user=false, is_stdlib_extern=false, is_special=false, is_stdlib_inline=false
call: name=leading_zeros_8_impl, is_extern_c=false, is_builtin=false, is_user=false, is_stdlib_extern=false, is_special=false, is_stdlib_inline=false
call: name=leading_zeros_16_impl, is_extern_c=false, is_builtin=false, is_user=false, is_stdlib_extern=false, is_special=false, is_stdlib_inline=false
call: name=leading_zeros_16_impl, is_extern_c=false, is_builtin=false, is_user=false, is_stdlib_extern=false, is_special=false, is_stdlib_inline=false
call: name=leading_zeros_32_impl, is_extern_c=false, is_builtin=false, is_user=false, is_stdlib_extern=false, is_special=false, is_stdlib_inline=false
call: name=leading_zeros_32_impl, is_extern_c=false, is_builtin=false, is_user=false, is_stdlib_extern=false, is_special=false, is_stdlib_inline=false
call: name=leading_zeros_64_impl, is_extern_c=false, is_builtin=false, is_user=false, is_stdlib_extern=false, is_special=false, is_stdlib_inline=false
call: name=leading_zeros_64_impl, is_extern_c=false, is_builtin=false, is_user=false, is_stdlib_extern=false, is_special=false, is_stdlib_inline=false
call: name=leading_zeros_128_impl, is_extern_c=false, is_builtin=false, is_user=false, is_stdlib_extern=false, is_special=false, is_stdlib_inline=false
call: name=leading_zeros_128_impl, is_extern_c=false, is_builtin=false, is_user=false, is_stdlib_extern=false, is_special=false, is_stdlib_inline=false
call: name=leading_zeros_64_impl, is_extern_c=false, is_builtin=false, is_user=false, is_stdlib_extern=false, is_special=false, is_stdlib_inline=false
call: name=leading_zeros_64_impl, is_extern_c=false, is_builtin=false, is_user=false, is_stdlib_extern=false, is_special=false, is_stdlib_inline=false
call: name=type_name, is_extern_c=false, is_builtin=false, is_user=false, is_stdlib_extern=false, is_special=false, is_stdlib_inline=false
call: name=trailing_zeros_8_impl, is_extern_c=false, is_builtin=false, is_user=false, is_stdlib_extern=false, is_special=false, is_stdlib_inline=false
call: name=trailing_zeros_8_impl, is_extern_c=false, is_builtin=false, is_user=false, is_stdlib_extern=false, is_special=false, is_stdlib_inline=false
call: name=trailing_zeros_16_impl, is_extern_c=false, is_builtin=false, is_user=false, is_stdlib_extern=false, is_special=false, is_stdlib_inline=false
call: name=trailing_zeros_16_impl, is_extern_c=false, is_builtin=false, is_user=false, is_stdlib_extern=false, is_special=false, is_stdlib_inline=false
call: name=trailing_zeros_32_impl, is_extern_c=false, is_builtin=false, is_user=false, is_stdlib_extern=false, is_special=false, is_stdlib_inline=false
call: name=trailing_zeros_32_impl, is_extern_c=false, is_builtin=false, is_user=false, is_stdlib_extern=false, is_special=false, is_stdlib_inline=false
call: name=trailing_zeros_64_impl, is_extern_c=false, is_builtin=false, is_user=false, is_stdlib_extern=false, is_special=false, is_stdlib_inline=false
call: name=trailing_zeros_64_impl, is_extern_c=false, is_builtin=false, is_user=false, is_stdlib_extern=false, is_special=false, is_stdlib_inline=false
call: name=trailing_zeros_128_impl, is_extern_c=false, is_builtin=false, is_user=false, is_stdlib_extern=false, is_special=false, is_stdlib_inline=false
call: name=trailing_zeros_128_impl, is_extern_c=false, is_builtin=false, is_user=false, is_stdlib_extern=false, is_special=false, is_stdlib_inline=false
call: name=trailing_zeros_64_impl, is_extern_c=false, is_builtin=false, is_user=false, is_stdlib_extern=false, is_special=false, is_stdlib_inline=false
call: name=trailing_zeros_64_impl, is_extern_c=false, is_builtin=false, is_user=false, is_stdlib_extern=false, is_special=false, is_stdlib_inline=false
call: name=type_name, is_extern_c=false, is_builtin=false, is_user=false, is_stdlib_extern=false, is_special=false, is_stdlib_inline=false
call: name=next_pow2_8_impl, is_extern_c=false, is_builtin=false, is_user=false, is_stdlib_extern=false, is_special=false, is_stdlib_inline=false
call: name=next_pow2_8_impl, is_extern_c=false, is_builtin=false, is_user=false, is_stdlib_extern=false, is_special=false, is_stdlib_inline=false
call: name=next_pow2_16_impl, is_extern_c=false, is_builtin=false, is_user=false, is_stdlib_extern=false, is_special=false, is_stdlib_inline=false
call: name=next_pow2_16_impl, is_extern_c=false, is_builtin=false, is_user=false, is_stdlib_extern=false, is_special=false, is_stdlib_inline=false
call: name=next_pow2_32_impl, is_extern_c=false, is_builtin=false, is_user=false, is_stdlib_extern=false, is_special=false, is_stdlib_inline=false
call: name=next_pow2_32_impl, is_extern_c=false, is_builtin=false, is_user=false, is_stdlib_extern=false, is_special=false, is_stdlib_inline=false
call: name=next_pow2_64_impl, is_extern_c=false, is_builtin=false, is_user=false, is_stdlib_extern=false, is_special=false, is_stdlib_inline=false
call: name=next_pow2_64_impl, is_extern_c=false, is_builtin=false, is_user=false, is_stdlib_extern=false, is_special=false, is_stdlib_inline=false
call: name=next_pow2_128_impl, is_extern_c=false, is_builtin=false, is_user=false, is_stdlib_extern=false, is_special=false, is_stdlib_inline=false
call: name=next_pow2_128_impl, is_extern_c=false, is_builtin=false, is_user=false, is_stdlib_extern=false, is_special=false, is_stdlib_inline=false
call: name=next_pow2_64_impl, is_extern_c=false, is_builtin=false, is_user=false, is_stdlib_extern=false, is_special=false, is_stdlib_inline=false
call: name=next_pow2_64_impl, is_extern_c=false, is_builtin=false, is_user=false, is_stdlib_extern=false, is_special=false, is_stdlib_inline=false
call: name=type_name, is_extern_c=false, is_builtin=false, is_user=false, is_stdlib_extern=false, is_special=false, is_stdlib_inline=false
call: name=type_name, is_extern_c=false, is_builtin=false, is_user=false, is_stdlib_extern=false, is_special=false, is_stdlib_inline=false
call: name=ldexp_f64_impl, is_extern_c=false, is_builtin=false, is_user=false, is_stdlib_extern=false, is_special=false, is_stdlib_inline=false
call: name=ldexp_f32_impl, is_extern_c=false, is_builtin=false, is_user=false, is_stdlib_extern=false, is_special=false, is_stdlib_inline=false
call: name=ldexp_f16_impl, is_extern_c=false, is_builtin=false, is_user=false, is_stdlib_extern=false, is_special=false, is_stdlib_inline=false
call: name=ldexp_f128_impl, is_extern_c=false, is_builtin=false, is_user=false, is_stdlib_extern=false, is_special=false, is_stdlib_inline=false
call: name=type_name, is_extern_c=false, is_builtin=false, is_user=false, is_stdlib_extern=false, is_special=false, is_stdlib_inline=false
call: name=sqrt_f64_impl, is_extern_c=false, is_builtin=false, is_user=false, is_stdlib_extern=false, is_special=false, is_stdlib_inline=false
call: name=sqrt_f32_impl, is_extern_c=false, is_builtin=false, is_user=false, is_stdlib_extern=false, is_special=false, is_stdlib_inline=false
call: name=sqrt_f16_impl, is_extern_c=false, is_builtin=false, is_user=false, is_stdlib_extern=false, is_special=false, is_stdlib_inline=false
call: name=sqrt_f128_impl, is_extern_c=false, is_builtin=false, is_user=false, is_stdlib_extern=false, is_special=false, is_stdlib_inline=false
call: name=ldexp_f64_impl, is_extern_c=false, is_builtin=false, is_user=false, is_stdlib_extern=false, is_special=false, is_stdlib_inline=false
call: name=ldexp_f32_impl, is_extern_c=false, is_builtin=false, is_user=false, is_stdlib_extern=false, is_special=false, is_stdlib_inline=false
call: name=ldexp_f16_impl, is_extern_c=false, is_builtin=false, is_user=false, is_stdlib_extern=false, is_special=false, is_stdlib_inline=false
call: name=ldexp_f128_impl, is_extern_c=false, is_builtin=false, is_user=false, is_stdlib_extern=false, is_special=false, is_stdlib_inline=false
call: name=type_name, is_extern_c=false, is_builtin=false, is_user=false, is_stdlib_extern=false, is_special=false, is_stdlib_inline=false
call: name=cbrt_f64_impl, is_extern_c=false, is_builtin=false, is_user=false, is_stdlib_extern=false, is_special=false, is_stdlib_inline=false
call: name=cbrt_f32_impl, is_extern_c=false, is_builtin=false, is_user=false, is_stdlib_extern=false, is_special=false, is_stdlib_inline=false
call: name=cbrt_f16_impl, is_extern_c=false, is_builtin=false, is_user=false, is_stdlib_extern=false, is_special=false, is_stdlib_inline=false
call: name=cbrt_f128_impl, is_extern_c=false, is_builtin=false, is_user=false, is_stdlib_extern=false, is_special=false, is_stdlib_inline=false
call: name=floor_f64_impl, is_extern_c=false, is_builtin=false, is_user=false, is_stdlib_extern=false, is_special=false, is_stdlib_inline=false
call: name=ldexp_f64_impl, is_extern_c=false, is_builtin=false, is_user=false, is_stdlib_extern=false, is_special=false, is_stdlib_inline=false
call: name=floor_f32_impl, is_extern_c=false, is_builtin=false, is_user=false, is_stdlib_extern=false, is_special=false, is_stdlib_inline=false
call: name=ldexp_f32_impl, is_extern_c=false, is_builtin=false, is_user=false, is_stdlib_extern=false, is_special=false, is_stdlib_inline=false
call: name=floor_f16_impl, is_extern_c=false, is_builtin=false, is_user=false, is_stdlib_extern=false, is_special=false, is_stdlib_inline=false
call: name=ldexp_f16_impl, is_extern_c=false, is_builtin=false, is_user=false, is_stdlib_extern=false, is_special=false, is_stdlib_inline=false
call: name=floor_f128_impl, is_extern_c=false, is_builtin=false, is_user=false, is_stdlib_extern=false, is_special=false, is_stdlib_inline=false
call: name=ldexp_f128_impl, is_extern_c=false, is_builtin=false, is_user=false, is_stdlib_extern=false, is_special=false, is_stdlib_inline=false
call: name=type_name, is_extern_c=false, is_builtin=false, is_user=false, is_stdlib_extern=false, is_special=false, is_stdlib_inline=false
call: name=exp_f64_impl, is_extern_c=false, is_builtin=false, is_user=false, is_stdlib_extern=false, is_special=false, is_stdlib_inline=false
call: name=exp_f32_impl, is_extern_c=false, is_builtin=false, is_user=false, is_stdlib_extern=false, is_special=false, is_stdlib_inline=false
call: name=exp_f16_impl, is_extern_c=false, is_builtin=false, is_user=false, is_stdlib_extern=false, is_special=false, is_stdlib_inline=false
call: name=exp_f128_impl, is_extern_c=false, is_builtin=false, is_user=false, is_stdlib_extern=false, is_special=false, is_stdlib_inline=false
call: name=type_name, is_extern_c=false, is_builtin=false, is_user=false, is_stdlib_extern=false, is_special=false, is_stdlib_inline=false
call: name=log_f64_impl, is_extern_c=false, is_builtin=false, is_user=false, is_stdlib_extern=false, is_special=false, is_stdlib_inline=false
call: name=log_f32_impl, is_extern_c=false, is_builtin=false, is_user=false, is_stdlib_extern=false, is_special=false, is_stdlib_inline=false
call: name=log_f16_impl, is_extern_c=false, is_builtin=false, is_user=false, is_stdlib_extern=false, is_special=false, is_stdlib_inline=false
call: name=log_f128_impl, is_extern_c=false, is_builtin=false, is_user=false, is_stdlib_extern=false, is_special=false, is_stdlib_inline=false
call: name=exp_f64_impl, is_extern_c=false, is_builtin=false, is_user=false, is_stdlib_extern=false, is_special=false, is_stdlib_inline=false
call: name=log_f64_impl, is_extern_c=false, is_builtin=false, is_user=false, is_stdlib_extern=false, is_special=false, is_stdlib_inline=false
call: name=exp_f32_impl, is_extern_c=false, is_builtin=false, is_user=false, is_stdlib_extern=false, is_special=false, is_stdlib_inline=false
call: name=log_f32_impl, is_extern_c=false, is_builtin=false, is_user=false, is_stdlib_extern=false, is_special=false, is_stdlib_inline=false
call: name=exp_f16_impl, is_extern_c=false, is_builtin=false, is_user=false, is_stdlib_extern=false, is_special=false, is_stdlib_inline=false
call: name=log_f16_impl, is_extern_c=false, is_builtin=false, is_user=false, is_stdlib_extern=false, is_special=false, is_stdlib_inline=false
call: name=exp_f128_impl, is_extern_c=false, is_builtin=false, is_user=false, is_stdlib_extern=false, is_special=false, is_stdlib_inline=false
call: name=log_f128_impl, is_extern_c=false, is_builtin=false, is_user=false, is_stdlib_extern=false, is_special=false, is_stdlib_inline=false
call: name=type_name, is_extern_c=false, is_builtin=false, is_user=false, is_stdlib_extern=false, is_special=false, is_stdlib_inline=false
call: name=pow_f64_impl, is_extern_c=false, is_builtin=false, is_user=false, is_stdlib_extern=false, is_special=false, is_stdlib_inline=false
call: name=pow_f32_impl, is_extern_c=false, is_builtin=false, is_user=false, is_stdlib_extern=false, is_special=false, is_stdlib_inline=false
call: name=pow_f16_impl, is_extern_c=false, is_builtin=false, is_user=false, is_stdlib_extern=false, is_special=false, is_stdlib_inline=false
call: name=pow_f128_impl, is_extern_c=false, is_builtin=false, is_user=false, is_stdlib_extern=false, is_special=false, is_stdlib_inline=false
call: name=exp_f64_impl, is_extern_c=false, is_builtin=false, is_user=false, is_stdlib_extern=false, is_special=false, is_stdlib_inline=false
call: name=exp_f32_impl, is_extern_c=false, is_builtin=false, is_user=false, is_stdlib_extern=false, is_special=false, is_stdlib_inline=false
call: name=exp_f16_impl, is_extern_c=false, is_builtin=false, is_user=false, is_stdlib_extern=false, is_special=false, is_stdlib_inline=false
call: name=exp_f128_impl, is_extern_c=false, is_builtin=false, is_user=false, is_stdlib_extern=false, is_special=false, is_stdlib_inline=false
call: name=type_name, is_extern_c=false, is_builtin=false, is_user=false, is_stdlib_extern=false, is_special=false, is_stdlib_inline=false
call: name=exp_f64_impl, is_extern_c=false, is_builtin=false, is_user=false, is_stdlib_extern=false, is_special=false, is_stdlib_inline=false
call: name=exp_f32_impl, is_extern_c=false, is_builtin=false, is_user=false, is_stdlib_extern=false, is_special=false, is_stdlib_inline=false
call: name=exp_f16_impl, is_extern_c=false, is_builtin=false, is_user=false, is_stdlib_extern=false, is_special=false, is_stdlib_inline=false
call: name=exp_f128_impl, is_extern_c=false, is_builtin=false, is_user=false, is_stdlib_extern=false, is_special=false, is_stdlib_inline=false
call: name=exp_f64_impl, is_extern_c=false, is_builtin=false, is_user=false, is_stdlib_extern=false, is_special=false, is_stdlib_inline=false
call: name=exp_f32_impl, is_extern_c=false, is_builtin=false, is_user=false, is_stdlib_extern=false, is_special=false, is_stdlib_inline=false
call: name=exp_f16_impl, is_extern_c=false, is_builtin=false, is_user=false, is_stdlib_extern=false, is_special=false, is_stdlib_inline=false
call: name=exp_f128_impl, is_extern_c=false, is_builtin=false, is_user=false, is_stdlib_extern=false, is_special=false, is_stdlib_inline=false
call: name=type_name, is_extern_c=false, is_builtin=false, is_user=false, is_stdlib_extern=false, is_special=false, is_stdlib_inline=false
call: name=exp_f64_impl, is_extern_c=false, is_builtin=false, is_user=false, is_stdlib_extern=false, is_special=false, is_stdlib_inline=false
call: name=exp_f32_impl, is_extern_c=false, is_builtin=false, is_user=false, is_stdlib_extern=false, is_special=false, is_stdlib_inline=false
call: name=exp_f16_impl, is_extern_c=false, is_builtin=false, is_user=false, is_stdlib_extern=false, is_special=false, is_stdlib_inline=false
call: name=exp_f128_impl, is_extern_c=false, is_builtin=false, is_user=false, is_stdlib_extern=false, is_special=false, is_stdlib_inline=false
call: name=log_f64_impl, is_extern_c=false, is_builtin=false, is_user=false, is_stdlib_extern=false, is_special=false, is_stdlib_inline=false
call: name=log_f32_impl, is_extern_c=false, is_builtin=false, is_user=false, is_stdlib_extern=false, is_special=false, is_stdlib_inline=false
call: name=log_f16_impl, is_extern_c=false, is_builtin=false, is_user=false, is_stdlib_extern=false, is_special=false, is_stdlib_inline=false
call: name=log_f128_impl, is_extern_c=false, is_builtin=false, is_user=false, is_stdlib_extern=false, is_special=false, is_stdlib_inline=false
call: name=type_name, is_extern_c=false, is_builtin=false, is_user=false, is_stdlib_extern=false, is_special=false, is_stdlib_inline=false
call: name=log_f64_impl, is_extern_c=false, is_builtin=false, is_user=false, is_stdlib_extern=false, is_special=false, is_stdlib_inline=false
call: name=log_f32_impl, is_extern_c=false, is_builtin=false, is_user=false, is_stdlib_extern=false, is_special=false, is_stdlib_inline=false
call: name=log_f16_impl, is_extern_c=false, is_builtin=false, is_user=false, is_stdlib_extern=false, is_special=false, is_stdlib_inline=false
call: name=log_f128_impl, is_extern_c=false, is_builtin=false, is_user=false, is_stdlib_extern=false, is_special=false, is_stdlib_inline=false
call: name=log_f64_impl, is_extern_c=false, is_builtin=false, is_user=false, is_stdlib_extern=false, is_special=false, is_stdlib_inline=false
call: name=log_f32_impl, is_extern_c=false, is_builtin=false, is_user=false, is_stdlib_extern=false, is_special=false, is_stdlib_inline=false
call: name=log_f16_impl, is_extern_c=false, is_builtin=false, is_user=false, is_stdlib_extern=false, is_special=false, is_stdlib_inline=false
call: name=log_f128_impl, is_extern_c=false, is_builtin=false, is_user=false, is_stdlib_extern=false, is_special=false, is_stdlib_inline=false
call: name=type_name, is_extern_c=false, is_builtin=false, is_user=false, is_stdlib_extern=false, is_special=false, is_stdlib_inline=false
call: name=log_f64_impl, is_extern_c=false, is_builtin=false, is_user=false, is_stdlib_extern=false, is_special=false, is_stdlib_inline=false
call: name=log_f32_impl, is_extern_c=false, is_builtin=false, is_user=false, is_stdlib_extern=false, is_special=false, is_stdlib_inline=false
call: name=log_f16_impl, is_extern_c=false, is_builtin=false, is_user=false, is_stdlib_extern=false, is_special=false, is_stdlib_inline=false
call: name=log_f128_impl, is_extern_c=false, is_builtin=false, is_user=false, is_stdlib_extern=false, is_special=false, is_stdlib_inline=false
call: name=type_name, is_extern_c=false, is_builtin=false, is_user=false, is_stdlib_extern=false, is_special=false, is_stdlib_inline=false
call: name=gcd_i8_impl, is_extern_c=false, is_builtin=false, is_user=false, is_stdlib_extern=false, is_special=false, is_stdlib_inline=false
call: name=gcd_i16_impl, is_extern_c=false, is_builtin=false, is_user=false, is_stdlib_extern=false, is_special=false, is_stdlib_inline=false
call: name=gcd_i32_impl, is_extern_c=false, is_builtin=false, is_user=false, is_stdlib_extern=false, is_special=false, is_stdlib_inline=false
call: name=gcd_i64_impl, is_extern_c=false, is_builtin=false, is_user=false, is_stdlib_extern=false, is_special=false, is_stdlib_inline=false
call: name=gcd_i128_impl, is_extern_c=false, is_builtin=false, is_user=false, is_stdlib_extern=false, is_special=false, is_stdlib_inline=false
call: name=gcd_isize_impl, is_extern_c=false, is_builtin=false, is_user=false, is_stdlib_extern=false, is_special=false, is_stdlib_inline=false
call: name=gcd_u8_impl, is_extern_c=false, is_builtin=false, is_user=false, is_stdlib_extern=false, is_special=false, is_stdlib_inline=false
call: name=gcd_u16_impl, is_extern_c=false, is_builtin=false, is_user=false, is_stdlib_extern=false, is_special=false, is_stdlib_inline=false
call: name=gcd_u32_impl, is_extern_c=false, is_builtin=false, is_user=false, is_stdlib_extern=false, is_special=false, is_stdlib_inline=false
call: name=gcd_u64_impl, is_extern_c=false, is_builtin=false, is_user=false, is_stdlib_extern=false, is_special=false, is_stdlib_inline=false
call: name=gcd_u128_impl, is_extern_c=false, is_builtin=false, is_user=false, is_stdlib_extern=false, is_special=false, is_stdlib_inline=false
call: name=gcd_usize_impl, is_extern_c=false, is_builtin=false, is_user=false, is_stdlib_extern=false, is_special=false, is_stdlib_inline=false
call: name=gcd_i32_impl, is_extern_c=false, is_builtin=false, is_user=false, is_stdlib_extern=false, is_special=false, is_stdlib_inline=false
call: name=gcd_i64_impl, is_extern_c=false, is_builtin=false, is_user=false, is_stdlib_extern=false, is_special=false, is_stdlib_inline=false
call: name=gcd_i128_impl, is_extern_c=false, is_builtin=false, is_user=false, is_stdlib_extern=false, is_special=false, is_stdlib_inline=false
call: name=gcd_u32_impl, is_extern_c=false, is_builtin=false, is_user=false, is_stdlib_extern=false, is_special=false, is_stdlib_inline=false
call: name=gcd_u64_impl, is_extern_c=false, is_builtin=false, is_user=false, is_stdlib_extern=false, is_special=false, is_stdlib_inline=false
call: name=gcd_i8_impl, is_extern_c=false, is_builtin=false, is_user=false, is_stdlib_extern=false, is_special=false, is_stdlib_inline=false
call: name=gcd_i16_impl, is_extern_c=false, is_builtin=false, is_user=false, is_stdlib_extern=false, is_special=false, is_stdlib_inline=false
call: name=gcd_isize_impl, is_extern_c=false, is_builtin=false, is_user=false, is_stdlib_extern=false, is_special=false, is_stdlib_inline=false
call: name=gcd_u8_impl, is_extern_c=false, is_builtin=false, is_user=false, is_stdlib_extern=false, is_special=false, is_stdlib_inline=false
call: name=gcd_u16_impl, is_extern_c=false, is_builtin=false, is_user=false, is_stdlib_extern=false, is_special=false, is_stdlib_inline=false
call: name=gcd_u128_impl, is_extern_c=false, is_builtin=false, is_user=false, is_stdlib_extern=false, is_special=false, is_stdlib_inline=false
call: name=gcd_usize_impl, is_extern_c=false, is_builtin=false, is_user=false, is_stdlib_extern=false, is_special=false, is_stdlib_inline=false
call: name=type_name, is_extern_c=false, is_builtin=false, is_user=false, is_stdlib_extern=false, is_special=false, is_stdlib_inline=false
call: name=lcm_i8_impl, is_extern_c=false, is_builtin=false, is_user=false, is_stdlib_extern=false, is_special=false, is_stdlib_inline=false
call: name=lcm_i16_impl, is_extern_c=false, is_builtin=false, is_user=false, is_stdlib_extern=false, is_special=false, is_stdlib_inline=false
call: name=lcm_i32_impl, is_extern_c=false, is_builtin=false, is_user=false, is_stdlib_extern=false, is_special=false, is_stdlib_inline=false
call: name=lcm_i64_impl, is_extern_c=false, is_builtin=false, is_user=false, is_stdlib_extern=false, is_special=false, is_stdlib_inline=false
call: name=lcm_i128_impl, is_extern_c=false, is_builtin=false, is_user=false, is_stdlib_extern=false, is_special=false, is_stdlib_inline=false
call: name=lcm_isize_impl, is_extern_c=false, is_builtin=false, is_user=false, is_stdlib_extern=false, is_special=false, is_stdlib_inline=false
call: name=lcm_u8_impl, is_extern_c=false, is_builtin=false, is_user=false, is_stdlib_extern=false, is_special=false, is_stdlib_inline=false
call: name=lcm_u16_impl, is_extern_c=false, is_builtin=false, is_user=false, is_stdlib_extern=false, is_special=false, is_stdlib_inline=false
call: name=lcm_u32_impl, is_extern_c=false, is_builtin=false, is_user=false, is_stdlib_extern=false, is_special=false, is_stdlib_inline=false
call: name=lcm_u64_impl, is_extern_c=false, is_builtin=false, is_user=false, is_stdlib_extern=false, is_special=false, is_stdlib_inline=false
call: name=lcm_u128_impl, is_extern_c=false, is_builtin=false, is_user=false, is_stdlib_extern=false, is_special=false, is_stdlib_inline=false
call: name=lcm_usize_impl, is_extern_c=false, is_builtin=false, is_user=false, is_stdlib_extern=false, is_special=false, is_stdlib_inline=false
call: name=type_name, is_extern_c=false, is_builtin=false, is_user=false, is_stdlib_extern=false, is_special=false, is_stdlib_inline=false
call: name=div_floor_i8_impl, is_extern_c=false, is_builtin=false, is_user=false, is_stdlib_extern=false, is_special=false, is_stdlib_inline=false
call: name=div_floor_i16_impl, is_extern_c=false, is_builtin=false, is_user=false, is_stdlib_extern=false, is_special=false, is_stdlib_inline=false
call: name=div_floor_i32_impl, is_extern_c=false, is_builtin=false, is_user=false, is_stdlib_extern=false, is_special=false, is_stdlib_inline=false
call: name=div_floor_i64_impl, is_extern_c=false, is_builtin=false, is_user=false, is_stdlib_extern=false, is_special=false, is_stdlib_inline=false
call: name=div_floor_i128_impl, is_extern_c=false, is_builtin=false, is_user=false, is_stdlib_extern=false, is_special=false, is_stdlib_inline=false
call: name=div_floor_isize_impl, is_extern_c=false, is_builtin=false, is_user=false, is_stdlib_extern=false, is_special=false, is_stdlib_inline=false
call: name=type_name, is_extern_c=false, is_builtin=false, is_user=false, is_stdlib_extern=false, is_special=false, is_stdlib_inline=false
call: name=div_ceil_i8_impl, is_extern_c=false, is_builtin=false, is_user=false, is_stdlib_extern=false, is_special=false, is_stdlib_inline=false
call: name=div_ceil_i16_impl, is_extern_c=false, is_builtin=false, is_user=false, is_stdlib_extern=false, is_special=false, is_stdlib_inline=false
call: name=div_ceil_i32_impl, is_extern_c=false, is_builtin=false, is_user=false, is_stdlib_extern=false, is_special=false, is_stdlib_inline=false
call: name=div_ceil_i64_impl, is_extern_c=false, is_builtin=false, is_user=false, is_stdlib_extern=false, is_special=false, is_stdlib_inline=false
call: name=div_ceil_i128_impl, is_extern_c=false, is_builtin=false, is_user=false, is_stdlib_extern=false, is_special=false, is_stdlib_inline=false
call: name=div_ceil_isize_impl, is_extern_c=false, is_builtin=false, is_user=false, is_stdlib_extern=false, is_special=false, is_stdlib_inline=false
call: name=div_ceil_u8_impl, is_extern_c=false, is_builtin=false, is_user=false, is_stdlib_extern=false, is_special=false, is_stdlib_inline=false
call: name=div_ceil_u16_impl, is_extern_c=false, is_builtin=false, is_user=false, is_stdlib_extern=false, is_special=false, is_stdlib_inline=false
call: name=div_ceil_u32_impl, is_extern_c=false, is_builtin=false, is_user=false, is_stdlib_extern=false, is_special=false, is_stdlib_inline=false
call: name=div_ceil_u64_impl, is_extern_c=false, is_builtin=false, is_user=false, is_stdlib_extern=false, is_special=false, is_stdlib_inline=false
call: name=div_ceil_u128_impl, is_extern_c=false, is_builtin=false, is_user=false, is_stdlib_extern=false, is_special=false, is_stdlib_inline=false
call: name=div_ceil_usize_impl, is_extern_c=false, is_builtin=false, is_user=false, is_stdlib_extern=false, is_special=false, is_stdlib_inline=false
call: name=exp_f64_impl, is_extern_c=false, is_builtin=false, is_user=false, is_stdlib_extern=false, is_special=false, is_stdlib_inline=false
call: name=exp_f32_impl, is_extern_c=false, is_builtin=false, is_user=false, is_stdlib_extern=false, is_special=false, is_stdlib_inline=false
call: name=exp_f16_impl, is_extern_c=false, is_builtin=false, is_user=false, is_stdlib_extern=false, is_special=false, is_stdlib_inline=false
call: name=exp_f128_impl, is_extern_c=false, is_builtin=false, is_user=false, is_stdlib_extern=false, is_special=false, is_stdlib_inline=false
call: name=type_name, is_extern_c=false, is_builtin=false, is_user=false, is_stdlib_extern=false, is_special=false, is_stdlib_inline=false
call: name=expm1_f64_impl, is_extern_c=false, is_builtin=false, is_user=false, is_stdlib_extern=false, is_special=false, is_stdlib_inline=false
call: name=expm1_f32_impl, is_extern_c=false, is_builtin=false, is_user=false, is_stdlib_extern=false, is_special=false, is_stdlib_inline=false
call: name=expm1_f16_impl, is_extern_c=false, is_builtin=false, is_user=false, is_stdlib_extern=false, is_special=false, is_stdlib_inline=false
call: name=expm1_f128_impl, is_extern_c=false, is_builtin=false, is_user=false, is_stdlib_extern=false, is_special=false, is_stdlib_inline=false
call: name=log_f64_impl, is_extern_c=false, is_builtin=false, is_user=false, is_stdlib_extern=false, is_special=false, is_stdlib_inline=false
call: name=log_f32_impl, is_extern_c=false, is_builtin=false, is_user=false, is_stdlib_extern=false, is_special=false, is_stdlib_inline=false
call: name=log_f16_impl, is_extern_c=false, is_builtin=false, is_user=false, is_stdlib_extern=false, is_special=false, is_stdlib_inline=false
call: name=log_f128_impl, is_extern_c=false, is_builtin=false, is_user=false, is_stdlib_extern=false, is_special=false, is_stdlib_inline=false
call: name=type_name, is_extern_c=false, is_builtin=false, is_user=false, is_stdlib_extern=false, is_special=false, is_stdlib_inline=false
call: name=log1p_f64_impl, is_extern_c=false, is_builtin=false, is_user=false, is_stdlib_extern=false, is_special=false, is_stdlib_inline=false
call: name=log1p_f32_impl, is_extern_c=false, is_builtin=false, is_user=false, is_stdlib_extern=false, is_special=false, is_stdlib_inline=false
call: name=log1p_f16_impl, is_extern_c=false, is_builtin=false, is_user=false, is_stdlib_extern=false, is_special=false, is_stdlib_inline=false
call: name=log1p_f128_impl, is_extern_c=false, is_builtin=false, is_user=false, is_stdlib_extern=false, is_special=false, is_stdlib_inline=false
call: name=sqrt_f64_impl, is_extern_c=false, is_builtin=false, is_user=false, is_stdlib_extern=false, is_special=false, is_stdlib_inline=false
call: name=sqrt_f32_impl, is_extern_c=false, is_builtin=false, is_user=false, is_stdlib_extern=false, is_special=false, is_stdlib_inline=false
call: name=sqrt_f16_impl, is_extern_c=false, is_builtin=false, is_user=false, is_stdlib_extern=false, is_special=false, is_stdlib_inline=false
call: name=sqrt_f128_impl, is_extern_c=false, is_builtin=false, is_user=false, is_stdlib_extern=false, is_special=false, is_stdlib_inline=false
call: name=type_name, is_extern_c=false, is_builtin=false, is_user=false, is_stdlib_extern=false, is_special=false, is_stdlib_inline=false
call: name=hypot_f64_impl, is_extern_c=false, is_builtin=false, is_user=false, is_stdlib_extern=false, is_special=false, is_stdlib_inline=false
call: name=hypot_f32_impl, is_extern_c=false, is_builtin=false, is_user=false, is_stdlib_extern=false, is_special=false, is_stdlib_inline=false
call: name=hypot_f16_impl, is_extern_c=false, is_builtin=false, is_user=false, is_stdlib_extern=false, is_special=false, is_stdlib_inline=false
call: name=hypot_f128_impl, is_extern_c=false, is_builtin=false, is_user=false, is_stdlib_extern=false, is_special=false, is_stdlib_inline=false
call: name=fmod_f64_impl, is_extern_c=false, is_builtin=false, is_user=false, is_stdlib_extern=false, is_special=false, is_stdlib_inline=false
call: name=fmod_f32_impl, is_extern_c=false, is_builtin=false, is_user=false, is_stdlib_extern=false, is_special=false, is_stdlib_inline=false
call: name=fmod_f16_impl, is_extern_c=false, is_builtin=false, is_user=false, is_stdlib_extern=false, is_special=false, is_stdlib_inline=false
call: name=fmod_f128_impl, is_extern_c=false, is_builtin=false, is_user=false, is_stdlib_extern=false, is_special=false, is_stdlib_inline=false
call: name=type_name, is_extern_c=false, is_builtin=false, is_user=false, is_stdlib_extern=false, is_special=false, is_stdlib_inline=false
call: name=sin_f64_impl, is_extern_c=false, is_builtin=false, is_user=false, is_stdlib_extern=false, is_special=false, is_stdlib_inline=false
call: name=sin_f32_impl, is_extern_c=false, is_builtin=false, is_user=false, is_stdlib_extern=false, is_special=false, is_stdlib_inline=false
call: name=sin_f16_impl, is_extern_c=false, is_builtin=false, is_user=false, is_stdlib_extern=false, is_special=false, is_stdlib_inline=false
call: name=sin_f128_impl, is_extern_c=false, is_builtin=false, is_user=false, is_stdlib_extern=false, is_special=false, is_stdlib_inline=false
call: name=sin_f64_impl, is_extern_c=false, is_builtin=false, is_user=false, is_stdlib_extern=false, is_special=false, is_stdlib_inline=false
call: name=sin_f32_impl, is_extern_c=false, is_builtin=false, is_user=false, is_stdlib_extern=false, is_special=false, is_stdlib_inline=false
call: name=sin_f16_impl, is_extern_c=false, is_builtin=false, is_user=false, is_stdlib_extern=false, is_special=false, is_stdlib_inline=false
call: name=sin_f128_impl, is_extern_c=false, is_builtin=false, is_user=false, is_stdlib_extern=false, is_special=false, is_stdlib_inline=false
call: name=type_name, is_extern_c=false, is_builtin=false, is_user=false, is_stdlib_extern=false, is_special=false, is_stdlib_inline=false
call: name=sin_f64_impl, is_extern_c=false, is_builtin=false, is_user=false, is_stdlib_extern=false, is_special=false, is_stdlib_inline=false
call: name=sin_f32_impl, is_extern_c=false, is_builtin=false, is_user=false, is_stdlib_extern=false, is_special=false, is_stdlib_inline=false
call: name=sin_f16_impl, is_extern_c=false, is_builtin=false, is_user=false, is_stdlib_extern=false, is_special=false, is_stdlib_inline=false
call: name=sin_f128_impl, is_extern_c=false, is_builtin=false, is_user=false, is_stdlib_extern=false, is_special=false, is_stdlib_inline=false
call: name=sin_f64_impl, is_extern_c=false, is_builtin=false, is_user=false, is_stdlib_extern=false, is_special=false, is_stdlib_inline=false
call: name=sin_f64_impl, is_extern_c=false, is_builtin=false, is_user=false, is_stdlib_extern=false, is_special=false, is_stdlib_inline=false
call: name=sin_f32_impl, is_extern_c=false, is_builtin=false, is_user=false, is_stdlib_extern=false, is_special=false, is_stdlib_inline=false
call: name=sin_f32_impl, is_extern_c=false, is_builtin=false, is_user=false, is_stdlib_extern=false, is_special=false, is_stdlib_inline=false
call: name=sin_f16_impl, is_extern_c=false, is_builtin=false, is_user=false, is_stdlib_extern=false, is_special=false, is_stdlib_inline=false
call: name=sin_f16_impl, is_extern_c=false, is_builtin=false, is_user=false, is_stdlib_extern=false, is_special=false, is_stdlib_inline=false
call: name=sin_f128_impl, is_extern_c=false, is_builtin=false, is_user=false, is_stdlib_extern=false, is_special=false, is_stdlib_inline=false
call: name=sin_f128_impl, is_extern_c=false, is_builtin=false, is_user=false, is_stdlib_extern=false, is_special=false, is_stdlib_inline=false
call: name=type_name, is_extern_c=false, is_builtin=false, is_user=false, is_stdlib_extern=false, is_special=false, is_stdlib_inline=false
call: name=tan_f64_impl, is_extern_c=false, is_builtin=false, is_user=false, is_stdlib_extern=false, is_special=false, is_stdlib_inline=false
call: name=tan_f32_impl, is_extern_c=false, is_builtin=false, is_user=false, is_stdlib_extern=false, is_special=false, is_stdlib_inline=false
call: name=tan_f16_impl, is_extern_c=false, is_builtin=false, is_user=false, is_stdlib_extern=false, is_special=false, is_stdlib_inline=false
call: name=tan_f128_impl, is_extern_c=false, is_builtin=false, is_user=false, is_stdlib_extern=false, is_special=false, is_stdlib_inline=false
call: name=exp_f64_impl, is_extern_c=false, is_builtin=false, is_user=false, is_stdlib_extern=false, is_special=false, is_stdlib_inline=false
call: name=exp_f64_impl, is_extern_c=false, is_builtin=false, is_user=false, is_stdlib_extern=false, is_special=false, is_stdlib_inline=false
call: name=exp_f32_impl, is_extern_c=false, is_builtin=false, is_user=false, is_stdlib_extern=false, is_special=false, is_stdlib_inline=false
call: name=exp_f32_impl, is_extern_c=false, is_builtin=false, is_user=false, is_stdlib_extern=false, is_special=false, is_stdlib_inline=false
call: name=exp_f16_impl, is_extern_c=false, is_builtin=false, is_user=false, is_stdlib_extern=false, is_special=false, is_stdlib_inline=false
call: name=exp_f16_impl, is_extern_c=false, is_builtin=false, is_user=false, is_stdlib_extern=false, is_special=false, is_stdlib_inline=false
call: name=exp_f128_impl, is_extern_c=false, is_builtin=false, is_user=false, is_stdlib_extern=false, is_special=false, is_stdlib_inline=false
call: name=exp_f128_impl, is_extern_c=false, is_builtin=false, is_user=false, is_stdlib_extern=false, is_special=false, is_stdlib_inline=false
call: name=type_name, is_extern_c=false, is_builtin=false, is_user=false, is_stdlib_extern=false, is_special=false, is_stdlib_inline=false
call: name=sinh_f64_impl, is_extern_c=false, is_builtin=false, is_user=false, is_stdlib_extern=false, is_special=false, is_stdlib_inline=false
call: name=sinh_f32_impl, is_extern_c=false, is_builtin=false, is_user=false, is_stdlib_extern=false, is_special=false, is_stdlib_inline=false
call: name=sinh_f16_impl, is_extern_c=false, is_builtin=false, is_user=false, is_stdlib_extern=false, is_special=false, is_stdlib_inline=false
call: name=sinh_f128_impl, is_extern_c=false, is_builtin=false, is_user=false, is_stdlib_extern=false, is_special=false, is_stdlib_inline=false
call: name=exp_f64_impl, is_extern_c=false, is_builtin=false, is_user=false, is_stdlib_extern=false, is_special=false, is_stdlib_inline=false
call: name=exp_f64_impl, is_extern_c=false, is_builtin=false, is_user=false, is_stdlib_extern=false, is_special=false, is_stdlib_inline=false
call: name=exp_f32_impl, is_extern_c=false, is_builtin=false, is_user=false, is_stdlib_extern=false, is_special=false, is_stdlib_inline=false
call: name=exp_f32_impl, is_extern_c=false, is_builtin=false, is_user=false, is_stdlib_extern=false, is_special=false, is_stdlib_inline=false
call: name=exp_f16_impl, is_extern_c=false, is_builtin=false, is_user=false, is_stdlib_extern=false, is_special=false, is_stdlib_inline=false
call: name=exp_f16_impl, is_extern_c=false, is_builtin=false, is_user=false, is_stdlib_extern=false, is_special=false, is_stdlib_inline=false
call: name=exp_f128_impl, is_extern_c=false, is_builtin=false, is_user=false, is_stdlib_extern=false, is_special=false, is_stdlib_inline=false
call: name=exp_f128_impl, is_extern_c=false, is_builtin=false, is_user=false, is_stdlib_extern=false, is_special=false, is_stdlib_inline=false
call: name=type_name, is_extern_c=false, is_builtin=false, is_user=false, is_stdlib_extern=false, is_special=false, is_stdlib_inline=false
call: name=cosh_f64_impl, is_extern_c=false, is_builtin=false, is_user=false, is_stdlib_extern=false, is_special=false, is_stdlib_inline=false
call: name=cosh_f32_impl, is_extern_c=false, is_builtin=false, is_user=false, is_stdlib_extern=false, is_special=false, is_stdlib_inline=false
call: name=cosh_f16_impl, is_extern_c=false, is_builtin=false, is_user=false, is_stdlib_extern=false, is_special=false, is_stdlib_inline=false
call: name=cosh_f128_impl, is_extern_c=false, is_builtin=false, is_user=false, is_stdlib_extern=false, is_special=false, is_stdlib_inline=false
call: name=exp_f64_impl, is_extern_c=false, is_builtin=false, is_user=false, is_stdlib_extern=false, is_special=false, is_stdlib_inline=false
call: name=exp_f64_impl, is_extern_c=false, is_builtin=false, is_user=false, is_stdlib_extern=false, is_special=false, is_stdlib_inline=false
call: name=exp_f32_impl, is_extern_c=false, is_builtin=false, is_user=false, is_stdlib_extern=false, is_special=false, is_stdlib_inline=false
call: name=exp_f32_impl, is_extern_c=false, is_builtin=false, is_user=false, is_stdlib_extern=false, is_special=false, is_stdlib_inline=false
call: name=exp_f16_impl, is_extern_c=false, is_builtin=false, is_user=false, is_stdlib_extern=false, is_special=false, is_stdlib_inline=false
call: name=exp_f16_impl, is_extern_c=false, is_builtin=false, is_user=false, is_stdlib_extern=false, is_special=false, is_stdlib_inline=false
call: name=exp_f128_impl, is_extern_c=false, is_builtin=false, is_user=false, is_stdlib_extern=false, is_special=false, is_stdlib_inline=false
call: name=exp_f128_impl, is_extern_c=false, is_builtin=false, is_user=false, is_stdlib_extern=false, is_special=false, is_stdlib_inline=false
call: name=type_name, is_extern_c=false, is_builtin=false, is_user=false, is_stdlib_extern=false, is_special=false, is_stdlib_inline=false
call: name=tanh_f64_impl, is_extern_c=false, is_builtin=false, is_user=false, is_stdlib_extern=false, is_special=false, is_stdlib_inline=false
call: name=tanh_f32_impl, is_extern_c=false, is_builtin=false, is_user=false, is_stdlib_extern=false, is_special=false, is_stdlib_inline=false
call: name=tanh_f16_impl, is_extern_c=false, is_builtin=false, is_user=false, is_stdlib_extern=false, is_special=false, is_stdlib_inline=false
call: name=tanh_f128_impl, is_extern_c=false, is_builtin=false, is_user=false, is_stdlib_extern=false, is_special=false, is_stdlib_inline=false
call: name=type_name, is_extern_c=false, is_builtin=false, is_user=false, is_stdlib_extern=false, is_special=false, is_stdlib_inline=false
call: name=atan_f64_impl, is_extern_c=false, is_builtin=false, is_user=false, is_stdlib_extern=false, is_special=false, is_stdlib_inline=false
call: name=atan_f32_impl, is_extern_c=false, is_builtin=false, is_user=false, is_stdlib_extern=false, is_special=false, is_stdlib_inline=false
call: name=atan_f16_impl, is_extern_c=false, is_builtin=false, is_user=false, is_stdlib_extern=false, is_special=false, is_stdlib_inline=false
call: name=atan_f128_impl, is_extern_c=false, is_builtin=false, is_user=false, is_stdlib_extern=false, is_special=false, is_stdlib_inline=false
call: name=atan_f64_impl, is_extern_c=false, is_builtin=false, is_user=false, is_stdlib_extern=false, is_special=false, is_stdlib_inline=false
call: name=sqrt_f64_impl, is_extern_c=false, is_builtin=false, is_user=false, is_stdlib_extern=false, is_special=false, is_stdlib_inline=false
call: name=atan_f32_impl, is_extern_c=false, is_builtin=false, is_user=false, is_stdlib_extern=false, is_special=false, is_stdlib_inline=false
call: name=sqrt_f32_impl, is_extern_c=false, is_builtin=false, is_user=false, is_stdlib_extern=false, is_special=false, is_stdlib_inline=false
call: name=atan_f16_impl, is_extern_c=false, is_builtin=false, is_user=false, is_stdlib_extern=false, is_special=false, is_stdlib_inline=false
call: name=sqrt_f16_impl, is_extern_c=false, is_builtin=false, is_user=false, is_stdlib_extern=false, is_special=false, is_stdlib_inline=false
call: name=atan_f128_impl, is_extern_c=false, is_builtin=false, is_user=false, is_stdlib_extern=false, is_special=false, is_stdlib_inline=false
call: name=sqrt_f128_impl, is_extern_c=false, is_builtin=false, is_user=false, is_stdlib_extern=false, is_special=false, is_stdlib_inline=false
call: name=type_name, is_extern_c=false, is_builtin=false, is_user=false, is_stdlib_extern=false, is_special=false, is_stdlib_inline=false
call: name=asin_f64_impl, is_extern_c=false, is_builtin=false, is_user=false, is_stdlib_extern=false, is_special=false, is_stdlib_inline=false
call: name=asin_f32_impl, is_extern_c=false, is_builtin=false, is_user=false, is_stdlib_extern=false, is_special=false, is_stdlib_inline=false
call: name=asin_f16_impl, is_extern_c=false, is_builtin=false, is_user=false, is_stdlib_extern=false, is_special=false, is_stdlib_inline=false
call: name=asin_f128_impl, is_extern_c=false, is_builtin=false, is_user=false, is_stdlib_extern=false, is_special=false, is_stdlib_inline=false
call: name=asin_f64_impl, is_extern_c=false, is_builtin=false, is_user=false, is_stdlib_extern=false, is_special=false, is_stdlib_inline=false
call: name=asin_f32_impl, is_extern_c=false, is_builtin=false, is_user=false, is_stdlib_extern=false, is_special=false, is_stdlib_inline=false
call: name=asin_f16_impl, is_extern_c=false, is_builtin=false, is_user=false, is_stdlib_extern=false, is_special=false, is_stdlib_inline=false
call: name=asin_f128_impl, is_extern_c=false, is_builtin=false, is_user=false, is_stdlib_extern=false, is_special=false, is_stdlib_inline=false
call: name=type_name, is_extern_c=false, is_builtin=false, is_user=false, is_stdlib_extern=false, is_special=false, is_stdlib_inline=false
call: name=asin_f64_impl, is_extern_c=false, is_builtin=false, is_user=false, is_stdlib_extern=false, is_special=false, is_stdlib_inline=false
call: name=asin_f32_impl, is_extern_c=false, is_builtin=false, is_user=false, is_stdlib_extern=false, is_special=false, is_stdlib_inline=false
call: name=asin_f16_impl, is_extern_c=false, is_builtin=false, is_user=false, is_stdlib_extern=false, is_special=false, is_stdlib_inline=false
call: name=asin_f128_impl, is_extern_c=false, is_builtin=false, is_user=false, is_stdlib_extern=false, is_special=false, is_stdlib_inline=false
call: name=atan_f64_impl, is_extern_c=false, is_builtin=false, is_user=false, is_stdlib_extern=false, is_special=false, is_stdlib_inline=false
call: name=atan_f64_impl, is_extern_c=false, is_builtin=false, is_user=false, is_stdlib_extern=false, is_special=false, is_stdlib_inline=false
call: name=atan_f64_impl, is_extern_c=false, is_builtin=false, is_user=false, is_stdlib_extern=false, is_special=false, is_stdlib_inline=false
call: name=atan_f32_impl, is_extern_c=false, is_builtin=false, is_user=false, is_stdlib_extern=false, is_special=false, is_stdlib_inline=false
call: name=atan_f32_impl, is_extern_c=false, is_builtin=false, is_user=false, is_stdlib_extern=false, is_special=false, is_stdlib_inline=false
call: name=atan_f32_impl, is_extern_c=false, is_builtin=false, is_user=false, is_stdlib_extern=false, is_special=false, is_stdlib_inline=false
call: name=atan_f16_impl, is_extern_c=false, is_builtin=false, is_user=false, is_stdlib_extern=false, is_special=false, is_stdlib_inline=false
call: name=atan_f16_impl, is_extern_c=false, is_builtin=false, is_user=false, is_stdlib_extern=false, is_special=false, is_stdlib_inline=false
call: name=atan_f16_impl, is_extern_c=false, is_builtin=false, is_user=false, is_stdlib_extern=false, is_special=false, is_stdlib_inline=false
call: name=atan_f128_impl, is_extern_c=false, is_builtin=false, is_user=false, is_stdlib_extern=false, is_special=false, is_stdlib_inline=false
call: name=atan_f128_impl, is_extern_c=false, is_builtin=false, is_user=false, is_stdlib_extern=false, is_special=false, is_stdlib_inline=false
call: name=atan_f128_impl, is_extern_c=false, is_builtin=false, is_user=false, is_stdlib_extern=false, is_special=false, is_stdlib_inline=false
call: name=type_name, is_extern_c=false, is_builtin=false, is_user=false, is_stdlib_extern=false, is_special=false, is_stdlib_inline=false
call: name=atan2_f64_impl, is_extern_c=false, is_builtin=false, is_user=false, is_stdlib_extern=false, is_special=false, is_stdlib_inline=false
call: name=atan2_f32_impl, is_extern_c=false, is_builtin=false, is_user=false, is_stdlib_extern=false, is_special=false, is_stdlib_inline=false
call: name=atan2_f16_impl, is_extern_c=false, is_builtin=false, is_user=false, is_stdlib_extern=false, is_special=false, is_stdlib_inline=false
call: name=atan2_f128_impl, is_extern_c=false, is_builtin=false, is_user=false, is_stdlib_extern=false, is_special=false, is_stdlib_inline=false
call: name=log_f64_impl, is_extern_c=false, is_builtin=false, is_user=false, is_stdlib_extern=false, is_special=false, is_stdlib_inline=false
call: name=sqrt_f64_impl, is_extern_c=false, is_builtin=false, is_user=false, is_stdlib_extern=false, is_special=false, is_stdlib_inline=false
call: name=log_f32_impl, is_extern_c=false, is_builtin=false, is_user=false, is_stdlib_extern=false, is_special=false, is_stdlib_inline=false
call: name=sqrt_f32_impl, is_extern_c=false, is_builtin=false, is_user=false, is_stdlib_extern=false, is_special=false, is_stdlib_inline=false
call: name=log_f16_impl, is_extern_c=false, is_builtin=false, is_user=false, is_stdlib_extern=false, is_special=false, is_stdlib_inline=false
call: name=sqrt_f16_impl, is_extern_c=false, is_builtin=false, is_user=false, is_stdlib_extern=false, is_special=false, is_stdlib_inline=false
call: name=log_f128_impl, is_extern_c=false, is_builtin=false, is_user=false, is_stdlib_extern=false, is_special=false, is_stdlib_inline=false
call: name=sqrt_f128_impl, is_extern_c=false, is_builtin=false, is_user=false, is_stdlib_extern=false, is_special=false, is_stdlib_inline=false
call: name=type_name, is_extern_c=false, is_builtin=false, is_user=false, is_stdlib_extern=false, is_special=false, is_stdlib_inline=false
call: name=log_f64_impl, is_extern_c=false, is_builtin=false, is_user=false, is_stdlib_extern=false, is_special=false, is_stdlib_inline=false
call: name=sqrt_f64_impl, is_extern_c=false, is_builtin=false, is_user=false, is_stdlib_extern=false, is_special=false, is_stdlib_inline=false
call: name=log_f32_impl, is_extern_c=false, is_builtin=false, is_user=false, is_stdlib_extern=false, is_special=false, is_stdlib_inline=false
call: name=sqrt_f32_impl, is_extern_c=false, is_builtin=false, is_user=false, is_stdlib_extern=false, is_special=false, is_stdlib_inline=false
call: name=log_f16_impl, is_extern_c=false, is_builtin=false, is_user=false, is_stdlib_extern=false, is_special=false, is_stdlib_inline=false
call: name=sqrt_f16_impl, is_extern_c=false, is_builtin=false, is_user=false, is_stdlib_extern=false, is_special=false, is_stdlib_inline=false
call: name=log_f128_impl, is_extern_c=false, is_builtin=false, is_user=false, is_stdlib_extern=false, is_special=false, is_stdlib_inline=false
call: name=sqrt_f128_impl, is_extern_c=false, is_builtin=false, is_user=false, is_stdlib_extern=false, is_special=false, is_stdlib_inline=false
call: name=log_f64_impl, is_extern_c=false, is_builtin=false, is_user=false, is_stdlib_extern=false, is_special=false, is_stdlib_inline=false
call: name=sqrt_f64_impl, is_extern_c=false, is_builtin=false, is_user=false, is_stdlib_extern=false, is_special=false, is_stdlib_inline=false
call: name=log_f32_impl, is_extern_c=false, is_builtin=false, is_user=false, is_stdlib_extern=false, is_special=false, is_stdlib_inline=false
call: name=sqrt_f32_impl, is_extern_c=false, is_builtin=false, is_user=false, is_stdlib_extern=false, is_special=false, is_stdlib_inline=false
call: name=log_f16_impl, is_extern_c=false, is_builtin=false, is_user=false, is_stdlib_extern=false, is_special=false, is_stdlib_inline=false
call: name=sqrt_f16_impl, is_extern_c=false, is_builtin=false, is_user=false, is_stdlib_extern=false, is_special=false, is_stdlib_inline=false
call: name=log_f128_impl, is_extern_c=false, is_builtin=false, is_user=false, is_stdlib_extern=false, is_special=false, is_stdlib_inline=false
call: name=sqrt_f128_impl, is_extern_c=false, is_builtin=false, is_user=false, is_stdlib_extern=false, is_special=false, is_stdlib_inline=false
call: name=type_name, is_extern_c=false, is_builtin=false, is_user=false, is_stdlib_extern=false, is_special=false, is_stdlib_inline=false
call: name=acosh_f64_impl, is_extern_c=false, is_builtin=false, is_user=false, is_stdlib_extern=false, is_special=false, is_stdlib_inline=false
call: name=acosh_f32_impl, is_extern_c=false, is_builtin=false, is_user=false, is_stdlib_extern=false, is_special=false, is_stdlib_inline=false
call: name=acosh_f16_impl, is_extern_c=false, is_builtin=false, is_user=false, is_stdlib_extern=false, is_special=false, is_stdlib_inline=false
call: name=acosh_f128_impl, is_extern_c=false, is_builtin=false, is_user=false, is_stdlib_extern=false, is_special=false, is_stdlib_inline=false
call: name=log_f64_impl, is_extern_c=false, is_builtin=false, is_user=false, is_stdlib_extern=false, is_special=false, is_stdlib_inline=false
call: name=log_f32_impl, is_extern_c=false, is_builtin=false, is_user=false, is_stdlib_extern=false, is_special=false, is_stdlib_inline=false
call: name=log_f16_impl, is_extern_c=false, is_builtin=false, is_user=false, is_stdlib_extern=false, is_special=false, is_stdlib_inline=false
call: name=log_f128_impl, is_extern_c=false, is_builtin=false, is_user=false, is_stdlib_extern=false, is_special=false, is_stdlib_inline=false
call: name=type_name, is_extern_c=false, is_builtin=false, is_user=false, is_stdlib_extern=false, is_special=false, is_stdlib_inline=false
call: name=atanh_f64_impl, is_extern_c=false, is_builtin=false, is_user=false, is_stdlib_extern=false, is_special=false, is_stdlib_inline=false
call: name=atanh_f32_impl, is_extern_c=false, is_builtin=false, is_user=false, is_stdlib_extern=false, is_special=false, is_stdlib_inline=false
call: name=atanh_f16_impl, is_extern_c=false, is_builtin=false, is_user=false, is_stdlib_extern=false, is_special=false, is_stdlib_inline=false
call: name=atanh_f128_impl, is_extern_c=false, is_builtin=false, is_user=false, is_stdlib_extern=false, is_special=false, is_stdlib_inline=false
call: name=type_name, is_extern_c=false, is_builtin=false, is_user=false, is_stdlib_extern=false, is_special=false, is_stdlib_inline=false
call: name=type_name, is_extern_c=false, is_builtin=false, is_user=false, is_stdlib_extern=false, is_special=false, is_stdlib_inline=false
call: name=floor_f64_impl, is_extern_c=false, is_builtin=false, is_user=false, is_stdlib_extern=false, is_special=false, is_stdlib_inline=false
call: name=floor_f32_impl, is_extern_c=false, is_builtin=false, is_user=false, is_stdlib_extern=false, is_special=false, is_stdlib_inline=false
call: name=floor_f16_impl, is_extern_c=false, is_builtin=false, is_user=false, is_stdlib_extern=false, is_special=false, is_stdlib_inline=false
call: name=floor_f128_impl, is_extern_c=false, is_builtin=false, is_user=false, is_stdlib_extern=false, is_special=false, is_stdlib_inline=false
call: name=type_name, is_extern_c=false, is_builtin=false, is_user=false, is_stdlib_extern=false, is_special=false, is_stdlib_inline=false
call: name=ceil_f64_impl, is_extern_c=false, is_builtin=false, is_user=false, is_stdlib_extern=false, is_special=false, is_stdlib_inline=false
call: name=ceil_f32_impl, is_extern_c=false, is_builtin=false, is_user=false, is_stdlib_extern=false, is_special=false, is_stdlib_inline=false
call: name=ceil_f16_impl, is_extern_c=false, is_builtin=false, is_user=false, is_stdlib_extern=false, is_special=false, is_stdlib_inline=false
call: name=ceil_f128_impl, is_extern_c=false, is_builtin=false, is_user=false, is_stdlib_extern=false, is_special=false, is_stdlib_inline=false
call: name=type_name, is_extern_c=false, is_builtin=false, is_user=false, is_stdlib_extern=false, is_special=false, is_stdlib_inline=false
call: name=round_f64_impl, is_extern_c=false, is_builtin=false, is_user=false, is_stdlib_extern=false, is_special=false, is_stdlib_inline=false
call: name=round_f32_impl, is_extern_c=false, is_builtin=false, is_user=false, is_stdlib_extern=false, is_special=false, is_stdlib_inline=false
call: name=round_f16_impl, is_extern_c=false, is_builtin=false, is_user=false, is_stdlib_extern=false, is_special=false, is_stdlib_inline=false
call: name=round_f128_impl, is_extern_c=false, is_builtin=false, is_user=false, is_stdlib_extern=false, is_special=false, is_stdlib_inline=false
call: name=type_name, is_extern_c=false, is_builtin=false, is_user=false, is_stdlib_extern=false, is_special=false, is_stdlib_inline=false
call: name=type_name, is_extern_c=false, is_builtin=false, is_user=false, is_stdlib_extern=false, is_special=false, is_stdlib_inline=false
call: name=type_name, is_extern_c=false, is_builtin=false, is_user=false, is_stdlib_extern=false, is_special=false, is_stdlib_inline=false
call: name=fmod_f64_impl, is_extern_c=false, is_builtin=false, is_user=false, is_stdlib_extern=false, is_special=false, is_stdlib_inline=false
call: name=fmod_f32_impl, is_extern_c=false, is_builtin=false, is_user=false, is_stdlib_extern=false, is_special=false, is_stdlib_inline=false
call: name=fmod_f16_impl, is_extern_c=false, is_builtin=false, is_user=false, is_stdlib_extern=false, is_special=false, is_stdlib_inline=false
call: name=fmod_f128_impl, is_extern_c=false, is_builtin=false, is_user=false, is_stdlib_extern=false, is_special=false, is_stdlib_inline=false
call: name=type_name, is_extern_c=false, is_builtin=false, is_user=false, is_stdlib_extern=false, is_special=false, is_stdlib_inline=false
call: name=ldexp_f64_impl, is_extern_c=false, is_builtin=false, is_user=false, is_stdlib_extern=false, is_special=false, is_stdlib_inline=false
call: name=ldexp_f32_impl, is_extern_c=false, is_builtin=false, is_user=false, is_stdlib_extern=false, is_special=false, is_stdlib_inline=false
call: name=ldexp_f16_impl, is_extern_c=false, is_builtin=false, is_user=false, is_stdlib_extern=false, is_special=false, is_stdlib_inline=false
call: name=ldexp_f128_impl, is_extern_c=false, is_builtin=false, is_user=false, is_stdlib_extern=false, is_special=false, is_stdlib_inline=false
call: name=type_name, is_extern_c=false, is_builtin=false, is_user=false, is_stdlib_extern=false, is_special=false, is_stdlib_inline=false
call: name=frexp_f64_mantissa_impl, is_extern_c=false, is_builtin=false, is_user=false, is_stdlib_extern=false, is_special=false, is_stdlib_inline=false
call: name=frexp_f32_mantissa_impl, is_extern_c=false, is_builtin=false, is_user=false, is_stdlib_extern=false, is_special=false, is_stdlib_inline=false
call: name=frexp_f16_mantissa_impl, is_extern_c=false, is_builtin=false, is_user=false, is_stdlib_extern=false, is_special=false, is_stdlib_inline=false
call: name=frexp_f128_mantissa_impl, is_extern_c=false, is_builtin=false, is_user=false, is_stdlib_extern=false, is_special=false, is_stdlib_inline=false
call: name=type_name, is_extern_c=false, is_builtin=false, is_user=false, is_stdlib_extern=false, is_special=false, is_stdlib_inline=false
call: name=frexp_f64_exponent_impl, is_extern_c=false, is_builtin=false, is_user=false, is_stdlib_extern=false, is_special=false, is_stdlib_inline=false
call: name=frexp_f32_exponent_impl, is_extern_c=false, is_builtin=false, is_user=false, is_stdlib_extern=false, is_special=false, is_stdlib_inline=false
call: name=frexp_f16_exponent_impl, is_extern_c=false, is_builtin=false, is_user=false, is_stdlib_extern=false, is_special=false, is_stdlib_inline=false
call: name=frexp_f128_exponent_impl, is_extern_c=false, is_builtin=false, is_user=false, is_stdlib_extern=false, is_special=false, is_stdlib_inline=false
call: name=type_name, is_extern_c=false, is_builtin=false, is_user=false, is_stdlib_extern=false, is_special=false, is_stdlib_inline=false
call: name=type_name, is_extern_c=false, is_builtin=false, is_user=false, is_stdlib_extern=false, is_special=false, is_stdlib_inline=false
call: name=type_name, is_extern_c=false, is_builtin=false, is_user=false, is_stdlib_extern=false, is_special=false, is_stdlib_inline=false
call: name=ilogb_f64_impl, is_extern_c=false, is_builtin=false, is_user=false, is_stdlib_extern=false, is_special=false, is_stdlib_inline=false
call: name=ilogb_f32_impl, is_extern_c=false, is_builtin=false, is_user=false, is_stdlib_extern=false, is_special=false, is_stdlib_inline=false
call: name=ilogb_f16_impl, is_extern_c=false, is_builtin=false, is_user=false, is_stdlib_extern=false, is_special=false, is_stdlib_inline=false
call: name=ilogb_f128_impl, is_extern_c=false, is_builtin=false, is_user=false, is_stdlib_extern=false, is_special=false, is_stdlib_inline=false
call: name=ilogb_f64_impl, is_extern_c=false, is_builtin=false, is_user=false, is_stdlib_extern=false, is_special=false, is_stdlib_inline=false
call: name=ilogb_f32_impl, is_extern_c=false, is_builtin=false, is_user=false, is_stdlib_extern=false, is_special=false, is_stdlib_inline=false
call: name=ilogb_f16_impl, is_extern_c=false, is_builtin=false, is_user=false, is_stdlib_extern=false, is_special=false, is_stdlib_inline=false
call: name=ilogb_f128_impl, is_extern_c=false, is_builtin=false, is_user=false, is_stdlib_extern=false, is_special=false, is_stdlib_inline=false
call: name=type_name, is_extern_c=false, is_builtin=false, is_user=false, is_stdlib_extern=false, is_special=false, is_stdlib_inline=false
call: name=ilogb_f64_impl, is_extern_c=false, is_builtin=false, is_user=false, is_stdlib_extern=false, is_special=false, is_stdlib_inline=false
call: name=ilogb_f32_impl, is_extern_c=false, is_builtin=false, is_user=false, is_stdlib_extern=false, is_special=false, is_stdlib_inline=false
call: name=ilogb_f16_impl, is_extern_c=false, is_builtin=false, is_user=false, is_stdlib_extern=false, is_special=false, is_stdlib_inline=false
call: name=ilogb_f128_impl, is_extern_c=false, is_builtin=false, is_user=false, is_stdlib_extern=false, is_special=false, is_stdlib_inline=false
call: name=ldexp_f64_impl, is_extern_c=false, is_builtin=false, is_user=false, is_stdlib_extern=false, is_special=false, is_stdlib_inline=false
call: name=ldexp_f32_impl, is_extern_c=false, is_builtin=false, is_user=false, is_stdlib_extern=false, is_special=false, is_stdlib_inline=false
call: name=ldexp_f16_impl, is_extern_c=false, is_builtin=false, is_user=false, is_stdlib_extern=false, is_special=false, is_stdlib_inline=false
call: name=ldexp_f128_impl, is_extern_c=false, is_builtin=false, is_user=false, is_stdlib_extern=false, is_special=false, is_stdlib_inline=false
call: name=type_name, is_extern_c=false, is_builtin=false, is_user=false, is_stdlib_extern=false, is_special=false, is_stdlib_inline=false
call: name=ldexp_f64_impl, is_extern_c=false, is_builtin=false, is_user=false, is_stdlib_extern=false, is_special=false, is_stdlib_inline=false
call: name=ldexp_f32_impl, is_extern_c=false, is_builtin=false, is_user=false, is_stdlib_extern=false, is_special=false, is_stdlib_inline=false
call: name=ldexp_f16_impl, is_extern_c=false, is_builtin=false, is_user=false, is_stdlib_extern=false, is_special=false, is_stdlib_inline=false
call: name=ldexp_f128_impl, is_extern_c=false, is_builtin=false, is_user=false, is_stdlib_extern=false, is_special=false, is_stdlib_inline=false
call: name=__terminal_enable_raw_mode, is_extern_c=true, is_builtin=false, is_user=false, is_stdlib_extern=true, is_special=false, is_stdlib_inline=true
call: name=__terminal_read_key_bytes, is_extern_c=true, is_builtin=false, is_user=false, is_stdlib_extern=true, is_special=false, is_stdlib_inline=true
call: name=__terminal_read_key_bytes, is_extern_c=true, is_builtin=false, is_user=false, is_stdlib_extern=true, is_special=false, is_stdlib_inline=true
call: name=__terminal_read_key_bytes, is_extern_c=true, is_builtin=false, is_user=false, is_stdlib_extern=true, is_special=false, is_stdlib_inline=true
call: name=__terminal_read_key_bytes, is_extern_c=true, is_builtin=false, is_user=false, is_stdlib_extern=true, is_special=false, is_stdlib_inline=true
call: name=__terminal_read_key_bytes, is_extern_c=true, is_builtin=false, is_user=false, is_stdlib_extern=true, is_special=false, is_stdlib_inline=true
call: name=__terminal_read_key_bytes, is_extern_c=true, is_builtin=false, is_user=false, is_stdlib_extern=true, is_special=false, is_stdlib_inline=true
call: name=key_read, is_extern_c=false, is_builtin=false, is_user=false, is_stdlib_extern=false, is_special=false, is_stdlib_inline=false
call: name=key_read, is_extern_c=false, is_builtin=false, is_user=false, is_stdlib_extern=false, is_special=false, is_stdlib_inline=false
call: name=__reflect_kind, is_extern_c=false, is_builtin=true, is_user=false, is_stdlib_extern=false, is_special=false, is_stdlib_inline=false
call: name=__reflect_type_name, is_extern_c=false, is_builtin=true, is_user=false, is_stdlib_extern=false, is_special=false, is_stdlib_inline=false
call: name=__reflect_size, is_extern_c=false, is_builtin=true, is_user=false, is_stdlib_extern=false, is_special=false, is_stdlib_inline=false
call: name=__reflect_field_count, is_extern_c=false, is_builtin=true, is_user=false, is_stdlib_extern=false, is_special=false, is_stdlib_inline=false
call: name=__reflect_field_name, is_extern_c=false, is_builtin=true, is_user=false, is_stdlib_extern=false, is_special=false, is_stdlib_inline=false
call: name=__reflect_field_value, is_extern_c=false, is_builtin=true, is_user=false, is_stdlib_extern=false, is_special=false, is_stdlib_inline=false
call: name=__reflect_array_len, is_extern_c=false, is_builtin=true, is_user=false, is_stdlib_extern=false, is_special=false, is_stdlib_inline=false
call: name=__reflect_adt_constructor, is_extern_c=false, is_builtin=true, is_user=false, is_stdlib_extern=false, is_special=false, is_stdlib_inline=false
call: name=__str_utf8_char_len_at, is_extern_c=true, is_builtin=false, is_user=false, is_stdlib_extern=true, is_special=true, is_stdlib_inline=false
call: name=__str_utf8_decode_at, is_extern_c=true, is_builtin=false, is_user=false, is_stdlib_extern=true, is_special=true, is_stdlib_inline=false
call: name=join_segments_to_str, is_extern_c=false, is_builtin=false, is_user=false, is_stdlib_extern=false, is_special=false, is_stdlib_inline=false
call: name=path_from, is_extern_c=false, is_builtin=false, is_user=false, is_stdlib_extern=false, is_special=false, is_stdlib_inline=false
call: name=last_index_of, is_extern_c=false, is_builtin=false, is_user=false, is_stdlib_extern=false, is_special=false, is_stdlib_inline=false
call: name=__file_close, is_extern_c=false, is_builtin=false, is_user=false, is_stdlib_extern=false, is_special=false, is_stdlib_inline=false
call: name=__file_read_into, is_extern_c=true, is_builtin=false, is_user=false, is_stdlib_extern=true, is_special=false, is_stdlib_inline=true
call: name=__file_write, is_extern_c=true, is_builtin=false, is_user=false, is_stdlib_extern=true, is_special=false, is_stdlib_inline=true
call: name=__file_seek, is_extern_c=false, is_builtin=false, is_user=false, is_stdlib_extern=false, is_special=false, is_stdlib_inline=false
call: name=__file_fstat, is_extern_c=false, is_builtin=false, is_user=false, is_stdlib_extern=false, is_special=false, is_stdlib_inline=false
call: name=__instant_now_ns, is_extern_c=true, is_builtin=false, is_user=false, is_stdlib_extern=true, is_special=false, is_stdlib_inline=true
call: name=to_local_components, is_extern_c=false, is_builtin=false, is_user=false, is_stdlib_extern=false, is_special=false, is_stdlib_inline=false
call: name=to_utc_components, is_extern_c=false, is_builtin=false, is_user=false, is_stdlib_extern=false, is_special=false, is_stdlib_inline=false
call: name=pad_int, is_extern_c=false, is_builtin=false, is_user=false, is_stdlib_extern=false, is_special=false, is_stdlib_inline=false
call: name=pad_int, is_extern_c=false, is_builtin=false, is_user=false, is_stdlib_extern=false, is_special=false, is_stdlib_inline=false
call: name=pad_int, is_extern_c=false, is_builtin=false, is_user=false, is_stdlib_extern=false, is_special=false, is_stdlib_inline=false
call: name=pad_int, is_extern_c=false, is_builtin=false, is_user=false, is_stdlib_extern=false, is_special=false, is_stdlib_inline=false
call: name=pad_int, is_extern_c=false, is_builtin=false, is_user=false, is_stdlib_extern=false, is_special=false, is_stdlib_inline=false
call: name=pad_int, is_extern_c=false, is_builtin=false, is_user=false, is_stdlib_extern=false, is_special=false, is_stdlib_inline=false
call: name=pad_int, is_extern_c=false, is_builtin=false, is_user=false, is_stdlib_extern=false, is_special=false, is_stdlib_inline=false
call: name=pad_int, is_extern_c=false, is_builtin=false, is_user=false, is_stdlib_extern=false, is_special=false, is_stdlib_inline=false
call: name=month_name, is_extern_c=false, is_builtin=false, is_user=false, is_stdlib_extern=false, is_special=false, is_stdlib_inline=false
call: name=month_abbr, is_extern_c=false, is_builtin=false, is_user=false, is_stdlib_extern=false, is_special=false, is_stdlib_inline=false
call: name=pad_int, is_extern_c=false, is_builtin=false, is_user=false, is_stdlib_extern=false, is_special=false, is_stdlib_inline=false
call: name=pad_int, is_extern_c=false, is_builtin=false, is_user=false, is_stdlib_extern=false, is_special=false, is_stdlib_inline=false
call: name=__str_array_join, is_extern_c=true, is_builtin=false, is_user=false, is_stdlib_extern=true, is_special=true, is_stdlib_inline=false
call: name=pad_int, is_extern_c=false, is_builtin=false, is_user=false, is_stdlib_extern=false, is_special=false, is_stdlib_inline=false
call: name=pad_int, is_extern_c=false, is_builtin=false, is_user=false, is_stdlib_extern=false, is_special=false, is_stdlib_inline=false
call: name=pad_int, is_extern_c=false, is_builtin=false, is_user=false, is_stdlib_extern=false, is_special=false, is_stdlib_inline=false
call: name=pad_int, is_extern_c=false, is_builtin=false, is_user=false, is_stdlib_extern=false, is_special=false, is_stdlib_inline=false
call: name=pad_int, is_extern_c=false, is_builtin=false, is_user=false, is_stdlib_extern=false, is_special=false, is_stdlib_inline=false
call: name=pad_int, is_extern_c=false, is_builtin=false, is_user=false, is_stdlib_extern=false, is_special=false, is_stdlib_inline=false
call: name=u32, is_extern_c=false, is_builtin=false, is_user=false, is_stdlib_extern=false, is_special=false, is_stdlib_inline=false
call: name=u8, is_extern_c=false, is_builtin=false, is_user=false, is_stdlib_extern=false, is_special=false, is_stdlib_inline=false
call: name=u64, is_extern_c=false, is_builtin=false, is_user=false, is_stdlib_extern=false, is_special=false, is_stdlib_inline=false
call: name=u16, is_extern_c=false, is_builtin=false, is_user=false, is_stdlib_extern=false, is_special=false, is_stdlib_inline=false
call: name=__net_tcp_read, is_extern_c=true, is_builtin=false, is_user=false, is_stdlib_extern=true, is_special=false, is_stdlib_inline=true
call: name=__net_tcp_write, is_extern_c=true, is_builtin=false, is_user=false, is_stdlib_extern=true, is_special=false, is_stdlib_inline=true
call: name=__net_tcp_close, is_extern_c=false, is_builtin=false, is_user=false, is_stdlib_extern=false, is_special=false, is_stdlib_inline=false
call: name=__net_tcp_accept, is_extern_c=true, is_builtin=false, is_user=false, is_stdlib_extern=true, is_special=false, is_stdlib_inline=true
call: name=__net_tcp_close, is_extern_c=false, is_builtin=false, is_user=false, is_stdlib_extern=false, is_special=false, is_stdlib_inline=false
call: name=__net_udp_send_to, is_extern_c=false, is_builtin=false, is_user=false, is_stdlib_extern=false, is_special=false, is_stdlib_inline=false
call: name=__net_udp_recv_from_v4, is_extern_c=true, is_builtin=false, is_user=false, is_stdlib_extern=true, is_special=false, is_stdlib_inline=true
call: name=__net_udp_recv_from_v6, is_extern_c=true, is_builtin=false, is_user=false, is_stdlib_extern=true, is_special=false, is_stdlib_inline=true
call: name=__net_tcp_close, is_extern_c=false, is_builtin=false, is_user=false, is_stdlib_extern=false, is_special=false, is_stdlib_inline=false
call: name=__terminal_disable_raw_mode, is_extern_c=true, is_builtin=false, is_user=false, is_stdlib_extern=true, is_special=false, is_stdlib_inline=true
call: name=__terminal_get_size_into, is_extern_c=true, is_builtin=false, is_user=false, is_stdlib_extern=true, is_special=false, is_stdlib_inline=true
call: name=__terminal_write_raw_bytes, is_extern_c=true, is_builtin=false, is_user=false, is_stdlib_extern=true, is_special=false, is_stdlib_inline=true
call: name=key_read_blocking, is_extern_c=false, is_builtin=false, is_user=false, is_stdlib_extern=false, is_special=false, is_stdlib_inline=false
call: name=key_read, is_extern_c=false, is_builtin=false, is_user=false, is_stdlib_extern=false, is_special=false, is_stdlib_inline=false
call: name=key_read_nonblocking, is_extern_c=false, is_builtin=false, is_user=false, is_stdlib_extern=false, is_special=false, is_stdlib_inline=false
call: name=cursor_save, is_extern_c=false, is_builtin=false, is_user=false, is_stdlib_extern=false, is_special=false, is_stdlib_inline=false
call: name=cursor_restore, is_extern_c=false, is_builtin=false, is_user=false, is_stdlib_extern=false, is_special=false, is_stdlib_inline=false
call: name=screen_clear_and_home, is_extern_c=false, is_builtin=false, is_user=false, is_stdlib_extern=false, is_special=false, is_stdlib_inline=false
call: name=screen_clear, is_extern_c=false, is_builtin=false, is_user=false, is_stdlib_extern=false, is_special=false, is_stdlib_inline=false
call: name=clear_to_end_of_line, is_extern_c=false, is_builtin=false, is_user=false, is_stdlib_extern=false, is_special=false, is_stdlib_inline=false
call: name=bold, is_extern_c=false, is_builtin=false, is_user=false, is_stdlib_extern=false, is_special=false, is_stdlib_inline=false
call: name=italic, is_extern_c=false, is_builtin=false, is_user=false, is_stdlib_extern=false, is_special=false, is_stdlib_inline=false
call: name=underline, is_extern_c=false, is_builtin=false, is_user=false, is_stdlib_extern=false, is_special=false, is_stdlib_inline=false
call: name=inverse, is_extern_c=false, is_builtin=false, is_user=false, is_stdlib_extern=false, is_special=false, is_stdlib_inline=false
call: name=reset, is_extern_c=false, is_builtin=false, is_user=false, is_stdlib_extern=false, is_special=false, is_stdlib_inline=false
call: name=fg_black, is_extern_c=false, is_builtin=false, is_user=false, is_stdlib_extern=false, is_special=false, is_stdlib_inline=false
call: name=fg_red, is_extern_c=false, is_builtin=false, is_user=false, is_stdlib_extern=false, is_special=false, is_stdlib_inline=false
call: name=fg_green, is_extern_c=false, is_builtin=false, is_user=false, is_stdlib_extern=false, is_special=false, is_stdlib_inline=false
call: name=fg_yellow, is_extern_c=false, is_builtin=false, is_user=false, is_stdlib_extern=false, is_special=false, is_stdlib_inline=false
call: name=fg_blue, is_extern_c=false, is_builtin=false, is_user=false, is_stdlib_extern=false, is_special=false, is_stdlib_inline=false
call: name=fg_magenta, is_extern_c=false, is_builtin=false, is_user=false, is_stdlib_extern=false, is_special=false, is_stdlib_inline=false
call: name=fg_cyan, is_extern_c=false, is_builtin=false, is_user=false, is_stdlib_extern=false, is_special=false, is_stdlib_inline=false
call: name=fg_white, is_extern_c=false, is_builtin=false, is_user=false, is_stdlib_extern=false, is_special=false, is_stdlib_inline=false
call: name=fg_default, is_extern_c=false, is_builtin=false, is_user=false, is_stdlib_extern=false, is_special=false, is_stdlib_inline=false
call: name=bg_black, is_extern_c=false, is_builtin=false, is_user=false, is_stdlib_extern=false, is_special=false, is_stdlib_inline=false
call: name=bg_red, is_extern_c=false, is_builtin=false, is_user=false, is_stdlib_extern=false, is_special=false, is_stdlib_inline=false
call: name=bg_green, is_extern_c=false, is_builtin=false, is_user=false, is_stdlib_extern=false, is_special=false, is_stdlib_inline=false
call: name=bg_yellow, is_extern_c=false, is_builtin=false, is_user=false, is_stdlib_extern=false, is_special=false, is_stdlib_inline=false
call: name=bg_blue, is_extern_c=false, is_builtin=false, is_user=false, is_stdlib_extern=false, is_special=false, is_stdlib_inline=false
call: name=bg_magenta, is_extern_c=false, is_builtin=false, is_user=false, is_stdlib_extern=false, is_special=false, is_stdlib_inline=false
call: name=bg_cyan, is_extern_c=false, is_builtin=false, is_user=false, is_stdlib_extern=false, is_special=false, is_stdlib_inline=false
call: name=bg_white, is_extern_c=false, is_builtin=false, is_user=false, is_stdlib_extern=false, is_special=false, is_stdlib_inline=false
call: name=bg_default, is_extern_c=false, is_builtin=false, is_user=false, is_stdlib_extern=false, is_special=false, is_stdlib_inline=false
call: name=decode_single_byte, is_extern_c=false, is_builtin=false, is_user=false, is_stdlib_extern=false, is_special=false, is_stdlib_inline=false
call: name=decode_csi_with_tilde, is_extern_c=false, is_builtin=false, is_user=false, is_stdlib_extern=false, is_special=false, is_stdlib_inline=false
call: name=decode_csi_no_tilde, is_extern_c=false, is_builtin=false, is_user=false, is_stdlib_extern=false, is_special=false, is_stdlib_inline=false
call: name=println, is_extern_c=false, is_builtin=false, is_user=false, is_stdlib_extern=false, is_special=false, is_stdlib_inline=false
call: name=println, is_extern_c=false, is_builtin=false, is_user=false, is_stdlib_extern=false, is_special=false, is_stdlib_inline=false
call: name=println, is_extern_c=false, is_builtin=false, is_user=false, is_stdlib_extern=false, is_special=false, is_stdlib_inline=false
call: name=println, is_extern_c=false, is_builtin=false, is_user=false, is_stdlib_extern=false, is_special=false, is_stdlib_inline=false
call: name=println, is_extern_c=false, is_builtin=false, is_user=false, is_stdlib_extern=false, is_special=false, is_stdlib_inline=false
call: name=lstLen, is_extern_c=false, is_builtin=false, is_user=false, is_stdlib_extern=false, is_special=false, is_stdlib_inline=false
call: name=lstLen, is_extern_c=false, is_builtin=false, is_user=false, is_stdlib_extern=false, is_special=false, is_stdlib_inline=false
call: name=lstSum, is_extern_c=false, is_builtin=false, is_user=false, is_stdlib_extern=false, is_special=false, is_stdlib_inline=false
call: name=lstSum, is_extern_c=false, is_builtin=false, is_user=false, is_stdlib_extern=false, is_special=false, is_stdlib_inline=false
call: name=println, is_extern_c=false, is_builtin=false, is_user=false, is_stdlib_extern=false, is_special=false, is_stdlib_inline=false
call: name=check, is_extern_c=false, is_builtin=false, is_user=false, is_stdlib_extern=false, is_special=false, is_stdlib_inline=false
call: name=check, is_extern_c=false, is_builtin=false, is_user=false, is_stdlib_extern=false, is_special=false, is_stdlib_inline=false
call: name=check, is_extern_c=false, is_builtin=false, is_user=false, is_stdlib_extern=false, is_special=false, is_stdlib_inline=false
call: name=check, is_extern_c=false, is_builtin=false, is_user=false, is_stdlib_extern=false, is_special=false, is_stdlib_inline=false
call: name=check, is_extern_c=false, is_builtin=false, is_user=false, is_stdlib_extern=false, is_special=false, is_stdlib_inline=false
call: name=check, is_extern_c=false, is_builtin=false, is_user=false, is_stdlib_extern=false, is_special=false, is_stdlib_inline=false
call: name=check, is_extern_c=false, is_builtin=false, is_user=false, is_stdlib_extern=false, is_special=false, is_stdlib_inline=false
call: name=check, is_extern_c=false, is_builtin=false, is_user=false, is_stdlib_extern=false, is_special=false, is_stdlib_inline=false
call: name=shapeArea, is_extern_c=false, is_builtin=false, is_user=false, is_stdlib_extern=false, is_special=false, is_stdlib_inline=false
call: name=check, is_extern_c=false, is_builtin=false, is_user=false, is_stdlib_extern=false, is_special=false, is_stdlib_inline=false
call: name=shapeArea, is_extern_c=false, is_builtin=false, is_user=false, is_stdlib_extern=false, is_special=false, is_stdlib_inline=false
call: name=check, is_extern_c=false, is_builtin=false, is_user=false, is_stdlib_extern=false, is_special=false, is_stdlib_inline=false
call: name=optMap, is_extern_c=false, is_builtin=false, is_user=false, is_stdlib_extern=false, is_special=false, is_stdlib_inline=false
call: name=check, is_extern_c=false, is_builtin=false, is_user=false, is_stdlib_extern=false, is_special=false, is_stdlib_inline=false
call: name=optIsSome, is_extern_c=false, is_builtin=false, is_user=false, is_stdlib_extern=false, is_special=false, is_stdlib_inline=false
call: name=check, is_extern_c=false, is_builtin=false, is_user=false, is_stdlib_extern=false, is_special=false, is_stdlib_inline=false
call: name=optIsSome, is_extern_c=false, is_builtin=false, is_user=false, is_stdlib_extern=false, is_special=false, is_stdlib_inline=false
call: name=check, is_extern_c=false, is_builtin=false, is_user=false, is_stdlib_extern=false, is_special=false, is_stdlib_inline=false
call: name=optMap, is_extern_c=false, is_builtin=false, is_user=false, is_stdlib_extern=false, is_special=false, is_stdlib_inline=false
call: name=check, is_extern_c=false, is_builtin=false, is_user=false, is_stdlib_extern=false, is_special=false, is_stdlib_inline=false
call: name=lstLen, is_extern_c=false, is_builtin=false, is_user=false, is_stdlib_extern=false, is_special=false, is_stdlib_inline=false
call: name=check, is_extern_c=false, is_builtin=false, is_user=false, is_stdlib_extern=false, is_special=false, is_stdlib_inline=false
call: name=lstSum, is_extern_c=false, is_builtin=false, is_user=false, is_stdlib_extern=false, is_special=false, is_stdlib_inline=false
call: name=check, is_extern_c=false, is_builtin=false, is_user=false, is_stdlib_extern=false, is_special=false, is_stdlib_inline=false
call: name=lstLen, is_extern_c=false, is_builtin=false, is_user=false, is_stdlib_extern=false, is_special=false, is_stdlib_inline=false
call: name=check, is_extern_c=false, is_builtin=false, is_user=false, is_stdlib_extern=false, is_special=false, is_stdlib_inline=false
call: name=lstSum, is_extern_c=false, is_builtin=false, is_user=false, is_stdlib_extern=false, is_special=false, is_stdlib_inline=false
call: name=check, is_extern_c=false, is_builtin=false, is_user=false, is_stdlib_extern=false, is_special=false, is_stdlib_inline=false
call: name=lstLen, is_extern_c=false, is_builtin=false, is_user=false, is_stdlib_extern=false, is_special=false, is_stdlib_inline=false
call: name=check, is_extern_c=false, is_builtin=false, is_user=false, is_stdlib_extern=false, is_special=false, is_stdlib_inline=false
call: name=lstSum, is_extern_c=false, is_builtin=false, is_user=false, is_stdlib_extern=false, is_special=false, is_stdlib_inline=false
call: name=check, is_extern_c=false, is_builtin=false, is_user=false, is_stdlib_extern=false, is_special=false, is_stdlib_inline=false
call: name=lstLen, is_extern_c=false, is_builtin=false, is_user=false, is_stdlib_extern=false, is_special=false, is_stdlib_inline=false
call: name=check, is_extern_c=false, is_builtin=false, is_user=false, is_stdlib_extern=false, is_special=false, is_stdlib_inline=false
call: name=check, is_extern_c=false, is_builtin=false, is_user=false, is_stdlib_extern=false, is_special=false, is_stdlib_inline=false
call: name=check, is_extern_c=false, is_builtin=false, is_user=false, is_stdlib_extern=false, is_special=false, is_stdlib_inline=false
call: name=check, is_extern_c=false, is_builtin=false, is_user=false, is_stdlib_extern=false, is_special=false, is_stdlib_inline=false
call: name=lstLen, is_extern_c=false, is_builtin=false, is_user=false, is_stdlib_extern=false, is_special=false, is_stdlib_inline=false
call: name=check, is_extern_c=false, is_builtin=false, is_user=false, is_stdlib_extern=false, is_special=false, is_stdlib_inline=false
call: name=lstSum, is_extern_c=false, is_builtin=false, is_user=false, is_stdlib_extern=false, is_special=false, is_stdlib_inline=false
call: name=check, is_extern_c=false, is_builtin=false, is_user=false, is_stdlib_extern=false, is_special=false, is_stdlib_inline=false
call: name=check, is_extern_c=false, is_builtin=false, is_user=false, is_stdlib_extern=false, is_special=false, is_stdlib_inline=false
call: name=check, is_extern_c=false, is_builtin=false, is_user=false, is_stdlib_extern=false, is_special=false, is_stdlib_inline=false
call: name=check, is_extern_c=false, is_builtin=false, is_user=false, is_stdlib_extern=false, is_special=false, is_stdlib_inline=false
call: name=check, is_extern_c=false, is_builtin=false, is_user=false, is_stdlib_extern=false, is_special=false, is_stdlib_inline=false
call: name=check, is_extern_c=false, is_builtin=false, is_user=false, is_stdlib_extern=false, is_special=false, is_stdlib_inline=false
call: name=check, is_extern_c=false, is_builtin=false, is_user=false, is_stdlib_extern=false, is_special=false, is_stdlib_inline=false
call: name=check, is_extern_c=false, is_builtin=false, is_user=false, is_stdlib_extern=false, is_special=false, is_stdlib_inline=false
call: name=optIsSome, is_extern_c=false, is_builtin=false, is_user=false, is_stdlib_extern=false, is_special=false, is_stdlib_inline=false
call: name=check, is_extern_c=false, is_builtin=false, is_user=false, is_stdlib_extern=false, is_special=false, is_stdlib_inline=false
call: name=optIsSome, is_extern_c=false, is_builtin=false, is_user=false, is_stdlib_extern=false, is_special=false, is_stdlib_inline=false
call: name=check, is_extern_c=false, is_builtin=false, is_user=false, is_stdlib_extern=false, is_special=false, is_stdlib_inline=false
call: name=shapeArea, is_extern_c=false, is_builtin=false, is_user=false, is_stdlib_extern=false, is_special=false, is_stdlib_inline=false
call: name=check, is_extern_c=false, is_builtin=false, is_user=false, is_stdlib_extern=false, is_special=false, is_stdlib_inline=false
call: name=shapeArea, is_extern_c=false, is_builtin=false, is_user=false, is_stdlib_extern=false, is_special=false, is_stdlib_inline=false
call: name=check, is_extern_c=false, is_builtin=false, is_user=false, is_stdlib_extern=false, is_special=false, is_stdlib_inline=false
call: name=check, is_extern_c=false, is_builtin=false, is_user=false, is_stdlib_extern=false, is_special=false, is_stdlib_inline=false
call: name=check, is_extern_c=false, is_builtin=false, is_user=false, is_stdlib_extern=false, is_special=false, is_stdlib_inline=false
call: name=check, is_extern_c=false, is_builtin=false, is_user=false, is_stdlib_extern=false, is_special=false, is_stdlib_inline=false
call: name=check, is_extern_c=false, is_builtin=false, is_user=false, is_stdlib_extern=false, is_special=false, is_stdlib_inline=false
call: name=check, is_extern_c=false, is_builtin=false, is_user=false, is_stdlib_extern=false, is_special=false, is_stdlib_inline=false
call: name=check, is_extern_c=false, is_builtin=false, is_user=false, is_stdlib_extern=false, is_special=false, is_stdlib_inline=false
call: name=check, is_extern_c=false, is_builtin=false, is_user=false, is_stdlib_extern=false, is_special=false, is_stdlib_inline=false
call: name=check, is_extern_c=false, is_builtin=false, is_user=false, is_stdlib_extern=false, is_special=false, is_stdlib_inline=false
call: name=summary, is_extern_c=false, is_builtin=false, is_user=false, is_stdlib_extern=false, is_special=false, is_stdlib_inline=false
call: name=format, is_extern_c=false, is_builtin=false, is_user=false, is_stdlib_extern=false, is_special=false, is_stdlib_inline=false
call: name=__stdout_write, is_extern_c=false, is_builtin=false, is_user=false, is_stdlib_extern=false, is_special=false, is_stdlib_inline=false
call: name=__stdout_write, is_extern_c=false, is_builtin=false, is_user=false, is_stdlib_extern=false, is_special=false, is_stdlib_inline=false
call: name=lstLen, is_extern_c=false, is_builtin=false, is_user=false, is_stdlib_extern=false, is_special=false, is_stdlib_inline=false
call: name=lstLen, is_extern_c=false, is_builtin=false, is_user=false, is_stdlib_extern=false, is_special=false, is_stdlib_inline=false
call: name=__cast_i128_to_i32, is_extern_c=true, is_builtin=false, is_user=false, is_stdlib_extern=true, is_special=true, is_stdlib_inline=false
call: name=__cast_i64_to_i128, is_extern_c=true, is_builtin=false, is_user=false, is_stdlib_extern=true, is_special=true, is_stdlib_inline=false
call: name=__cast_i128_to_u8, is_extern_c=true, is_builtin=false, is_user=false, is_stdlib_extern=true, is_special=true, is_stdlib_inline=false
call: name=__cast_i64_to_i128, is_extern_c=true, is_builtin=false, is_user=false, is_stdlib_extern=true, is_special=true, is_stdlib_inline=false
call: name=__cast_i128_to_u16, is_extern_c=true, is_builtin=false, is_user=false, is_stdlib_extern=true, is_special=true, is_stdlib_inline=false
call: name=__cast_i64_to_i128, is_extern_c=true, is_builtin=false, is_user=false, is_stdlib_extern=true, is_special=true, is_stdlib_inline=false
call: name=__cast_i128_to_u32, is_extern_c=true, is_builtin=false, is_user=false, is_stdlib_extern=true, is_special=true, is_stdlib_inline=false
call: name=__cast_i64_to_i128, is_extern_c=true, is_builtin=false, is_user=false, is_stdlib_extern=true, is_special=true, is_stdlib_inline=false
call: name=__cast_i128_to_usize, is_extern_c=true, is_builtin=false, is_user=false, is_stdlib_extern=true, is_special=true, is_stdlib_inline=false
call: name=__cast_i64_to_i128, is_extern_c=true, is_builtin=false, is_user=false, is_stdlib_extern=true, is_special=true, is_stdlib_inline=false
call: name=__cast_i128_to_i64, is_extern_c=true, is_builtin=false, is_user=false, is_stdlib_extern=true, is_special=true, is_stdlib_inline=false
call: name=__cast_i32_to_i128, is_extern_c=true, is_builtin=false, is_user=false, is_stdlib_extern=true, is_special=true, is_stdlib_inline=false
call: name=__cast_i128_to_u8, is_extern_c=true, is_builtin=false, is_user=false, is_stdlib_extern=true, is_special=true, is_stdlib_inline=false
call: name=__cast_i32_to_i128, is_extern_c=true, is_builtin=false, is_user=false, is_stdlib_extern=true, is_special=true, is_stdlib_inline=false
call: name=__cast_i128_to_u16, is_extern_c=true, is_builtin=false, is_user=false, is_stdlib_extern=true, is_special=true, is_stdlib_inline=false
call: name=__cast_i32_to_i128, is_extern_c=true, is_builtin=false, is_user=false, is_stdlib_extern=true, is_special=true, is_stdlib_inline=false
call: name=__cast_i128_to_usize, is_extern_c=true, is_builtin=false, is_user=false, is_stdlib_extern=true, is_special=true, is_stdlib_inline=false
call: name=__cast_i32_to_i128, is_extern_c=true, is_builtin=false, is_user=false, is_stdlib_extern=true, is_special=true, is_stdlib_inline=false
call: name=__cast_i128_to_i32, is_extern_c=true, is_builtin=false, is_user=false, is_stdlib_extern=true, is_special=true, is_stdlib_inline=false
call: name=__cast_u8_to_i128, is_extern_c=true, is_builtin=false, is_user=false, is_stdlib_extern=true, is_special=true, is_stdlib_inline=false
call: name=__cast_i128_to_i64, is_extern_c=true, is_builtin=false, is_user=false, is_stdlib_extern=true, is_special=true, is_stdlib_inline=false
call: name=__cast_u8_to_i128, is_extern_c=true, is_builtin=false, is_user=false, is_stdlib_extern=true, is_special=true, is_stdlib_inline=false
call: name=__cast_i128_to_u16, is_extern_c=true, is_builtin=false, is_user=false, is_stdlib_extern=true, is_special=true, is_stdlib_inline=false
call: name=__cast_u8_to_i128, is_extern_c=true, is_builtin=false, is_user=false, is_stdlib_extern=true, is_special=true, is_stdlib_inline=false
call: name=__cast_i128_to_i64, is_extern_c=true, is_builtin=false, is_user=false, is_stdlib_extern=true, is_special=true, is_stdlib_inline=false
call: name=__cast_u16_to_i128, is_extern_c=true, is_builtin=false, is_user=false, is_stdlib_extern=true, is_special=true, is_stdlib_inline=false
call: name=__cast_i128_to_i64, is_extern_c=true, is_builtin=false, is_user=false, is_stdlib_extern=true, is_special=true, is_stdlib_inline=false
call: name=__cast_u32_to_i128, is_extern_c=true, is_builtin=false, is_user=false, is_stdlib_extern=true, is_special=true, is_stdlib_inline=false
call: name=__cast_i128_to_i64, is_extern_c=true, is_builtin=false, is_user=false, is_stdlib_extern=true, is_special=true, is_stdlib_inline=false
call: name=__cast_u64_to_i128, is_extern_c=true, is_builtin=false, is_user=false, is_stdlib_extern=true, is_special=true, is_stdlib_inline=false
call: name=__cast_i128_to_i64, is_extern_c=true, is_builtin=false, is_user=false, is_stdlib_extern=true, is_special=true, is_stdlib_inline=false
call: name=__cast_usize_to_i128, is_extern_c=true, is_builtin=false, is_user=false, is_stdlib_extern=true, is_special=true, is_stdlib_inline=false
call: name=__reflect_type_name, is_extern_c=false, is_builtin=true, is_user=false, is_stdlib_extern=false, is_special=false, is_stdlib_inline=false
call: name=__reflect_kind_str, is_extern_c=false, is_builtin=true, is_user=false, is_stdlib_extern=false, is_special=false, is_stdlib_inline=false
call: name=__reflect_layout_size, is_extern_c=false, is_builtin=true, is_user=false, is_stdlib_extern=false, is_special=false, is_stdlib_inline=false
call: name=__reflect_layout_alignment, is_extern_c=false, is_builtin=true, is_user=false, is_stdlib_extern=false, is_special=false, is_stdlib_inline=false
call: name=__reflect_type_name, is_extern_c=false, is_builtin=true, is_user=false, is_stdlib_extern=false, is_special=false, is_stdlib_inline=false
call: name=__reflect_format, is_extern_c=false, is_builtin=true, is_user=false, is_stdlib_extern=false, is_special=false, is_stdlib_inline=false
call: name=__stdout_write_raw, is_extern_c=true, is_builtin=false, is_user=false, is_stdlib_extern=true, is_special=false, is_stdlib_inline=true
call: name=__stderr_write_raw, is_extern_c=true, is_builtin=false, is_user=false, is_stdlib_extern=true, is_special=false, is_stdlib_inline=true
call: name=__stdin_readln_into, is_extern_c=true, is_builtin=false, is_user=false, is_stdlib_extern=true, is_special=false, is_stdlib_inline=true
call: name=format, is_extern_c=false, is_builtin=false, is_user=false, is_stdlib_extern=false, is_special=false, is_stdlib_inline=false
call: name=__stdout_write, is_extern_c=false, is_builtin=false, is_user=false, is_stdlib_extern=false, is_special=false, is_stdlib_inline=false
call: name=format, is_extern_c=false, is_builtin=false, is_user=false, is_stdlib_extern=false, is_special=false, is_stdlib_inline=false
call: name=__stdout_write, is_extern_c=false, is_builtin=false, is_user=false, is_stdlib_extern=false, is_special=false, is_stdlib_inline=false
call: name=__stdout_write, is_extern_c=false, is_builtin=false, is_user=false, is_stdlib_extern=false, is_special=false, is_stdlib_inline=false
call: name=format, is_extern_c=false, is_builtin=false, is_user=false, is_stdlib_extern=false, is_special=false, is_stdlib_inline=false
call: name=__stderr_write, is_extern_c=false, is_builtin=false, is_user=false, is_stdlib_extern=false, is_special=false, is_stdlib_inline=false
call: name=format, is_extern_c=false, is_builtin=false, is_user=false, is_stdlib_extern=false, is_special=false, is_stdlib_inline=false
call: name=__stderr_write, is_extern_c=false, is_builtin=false, is_user=false, is_stdlib_extern=false, is_special=false, is_stdlib_inline=false
call: name=__stderr_write, is_extern_c=false, is_builtin=false, is_user=false, is_stdlib_extern=false, is_special=false, is_stdlib_inline=false
call: name=__stdin_readln, is_extern_c=false, is_builtin=false, is_user=false, is_stdlib_extern=false, is_special=false, is_stdlib_inline=false
call: name=__stdin_readln, is_extern_c=false, is_builtin=false, is_user=false, is_stdlib_extern=false, is_special=false, is_stdlib_inline=false
call: name=__str_array_join, is_extern_c=true, is_builtin=false, is_user=false, is_stdlib_extern=true, is_special=true, is_stdlib_inline=false
call: name=__str_array_join, is_extern_c=true, is_builtin=false, is_user=false, is_stdlib_extern=true, is_special=true, is_stdlib_inline=false
call: name=normalize_seps, is_extern_c=false, is_builtin=false, is_user=false, is_stdlib_extern=false, is_special=false, is_stdlib_inline=false
call: name=split_segments, is_extern_c=false, is_builtin=false, is_user=false, is_stdlib_extern=false, is_special=false, is_stdlib_inline=false
call: name=__file_open_raw, is_extern_c=true, is_builtin=false, is_user=false, is_stdlib_extern=true, is_special=false, is_stdlib_inline=true
call: name=__file_close_raw, is_extern_c=true, is_builtin=false, is_user=false, is_stdlib_extern=true, is_special=false, is_stdlib_inline=true
call: name=__file_seek_raw, is_extern_c=true, is_builtin=false, is_user=false, is_stdlib_extern=true, is_special=false, is_stdlib_inline=true
call: name=__file_remove_raw, is_extern_c=true, is_builtin=false, is_user=false, is_stdlib_extern=true, is_special=false, is_stdlib_inline=true
call: name=__file_rename_raw, is_extern_c=true, is_builtin=false, is_user=false, is_stdlib_extern=true, is_special=false, is_stdlib_inline=true
call: name=__file_chmod_raw, is_extern_c=true, is_builtin=false, is_user=false, is_stdlib_extern=true, is_special=false, is_stdlib_inline=true
call: name=u64, is_extern_c=false, is_builtin=false, is_user=false, is_stdlib_extern=false, is_special=false, is_stdlib_inline=false
call: name=u64, is_extern_c=false, is_builtin=false, is_user=false, is_stdlib_extern=false, is_special=false, is_stdlib_inline=false
call: name=u64, is_extern_c=false, is_builtin=false, is_user=false, is_stdlib_extern=false, is_special=false, is_stdlib_inline=false
call: name=u64, is_extern_c=false, is_builtin=false, is_user=false, is_stdlib_extern=false, is_special=false, is_stdlib_inline=false
call: name=u64, is_extern_c=false, is_builtin=false, is_user=false, is_stdlib_extern=false, is_special=false, is_stdlib_inline=false
call: name=u64, is_extern_c=false, is_builtin=false, is_user=false, is_stdlib_extern=false, is_special=false, is_stdlib_inline=false
call: name=u64, is_extern_c=false, is_builtin=false, is_user=false, is_stdlib_extern=false, is_special=false, is_stdlib_inline=false
call: name=u64, is_extern_c=false, is_builtin=false, is_user=false, is_stdlib_extern=false, is_special=false, is_stdlib_inline=false
call: name=__read_u64_le, is_extern_c=false, is_builtin=false, is_user=false, is_stdlib_extern=false, is_special=false, is_stdlib_inline=false
call: name=u32, is_extern_c=false, is_builtin=false, is_user=false, is_stdlib_extern=false, is_special=false, is_stdlib_inline=false
call: name=u32, is_extern_c=false, is_builtin=false, is_user=false, is_stdlib_extern=false, is_special=false, is_stdlib_inline=false
call: name=u32, is_extern_c=false, is_builtin=false, is_user=false, is_stdlib_extern=false, is_special=false, is_stdlib_inline=false
call: name=u32, is_extern_c=false, is_builtin=false, is_user=false, is_stdlib_extern=false, is_special=false, is_stdlib_inline=false
call: name=__file_stat_into, is_extern_c=true, is_builtin=false, is_user=false, is_stdlib_extern=true, is_special=false, is_stdlib_inline=true
call: name=__read_u64_le, is_extern_c=false, is_builtin=false, is_user=false, is_stdlib_extern=false, is_special=false, is_stdlib_inline=false
call: name=__read_u64_le, is_extern_c=false, is_builtin=false, is_user=false, is_stdlib_extern=false, is_special=false, is_stdlib_inline=false
call: name=__read_u64_le, is_extern_c=false, is_builtin=false, is_user=false, is_stdlib_extern=false, is_special=false, is_stdlib_inline=false
call: name=__read_i32_le, is_extern_c=false, is_builtin=false, is_user=false, is_stdlib_extern=false, is_special=false, is_stdlib_inline=false
call: name=__file_fstat_into, is_extern_c=true, is_builtin=false, is_user=false, is_stdlib_extern=true, is_special=false, is_stdlib_inline=true
call: name=__read_u64_le, is_extern_c=false, is_builtin=false, is_user=false, is_stdlib_extern=false, is_special=false, is_stdlib_inline=false
call: name=__read_u64_le, is_extern_c=false, is_builtin=false, is_user=false, is_stdlib_extern=false, is_special=false, is_stdlib_inline=false
call: name=__read_u64_le, is_extern_c=false, is_builtin=false, is_user=false, is_stdlib_extern=false, is_special=false, is_stdlib_inline=false
call: name=__read_i32_le, is_extern_c=false, is_builtin=false, is_user=false, is_stdlib_extern=false, is_special=false, is_stdlib_inline=false
call: name=__compute_flags, is_extern_c=false, is_builtin=false, is_user=false, is_stdlib_extern=false, is_special=false, is_stdlib_inline=false
call: name=__file_open, is_extern_c=false, is_builtin=false, is_user=false, is_stdlib_extern=false, is_special=false, is_stdlib_inline=false
call: name=__file_stat, is_extern_c=false, is_builtin=false, is_user=false, is_stdlib_extern=false, is_special=false, is_stdlib_inline=false
call: name=__file_remove, is_extern_c=false, is_builtin=false, is_user=false, is_stdlib_extern=false, is_special=false, is_stdlib_inline=false
call: name=__file_rename, is_extern_c=false, is_builtin=false, is_user=false, is_stdlib_extern=false, is_special=false, is_stdlib_inline=false
call: name=__file_chmod, is_extern_c=false, is_builtin=false, is_user=false, is_stdlib_extern=false, is_special=false, is_stdlib_inline=false
call: name=__dir_create_raw, is_extern_c=true, is_builtin=false, is_user=false, is_stdlib_extern=true, is_special=false, is_stdlib_inline=true
call: name=__dir_remove_raw, is_extern_c=true, is_builtin=false, is_user=false, is_stdlib_extern=true, is_special=false, is_stdlib_inline=true
call: name=__dir_list_into, is_extern_c=true, is_builtin=false, is_user=false, is_stdlib_extern=true, is_special=false, is_stdlib_inline=true
call: name=__kind_from_int, is_extern_c=false, is_builtin=false, is_user=false, is_stdlib_extern=false, is_special=false, is_stdlib_inline=false
call: name=__read_i32_le, is_extern_c=false, is_builtin=false, is_user=false, is_stdlib_extern=false, is_special=false, is_stdlib_inline=false
call: name=__read_i32_le, is_extern_c=false, is_builtin=false, is_user=false, is_stdlib_extern=false, is_special=false, is_stdlib_inline=false
call: name=__dir_list, is_extern_c=false, is_builtin=false, is_user=false, is_stdlib_extern=false, is_special=false, is_stdlib_inline=false
call: name=__dir_list, is_extern_c=false, is_builtin=false, is_user=false, is_stdlib_extern=false, is_special=false, is_stdlib_inline=false
call: name=__dir_create, is_extern_c=false, is_builtin=false, is_user=false, is_stdlib_extern=false, is_special=false, is_stdlib_inline=false
call: name=__dir_create, is_extern_c=false, is_builtin=false, is_user=false, is_stdlib_extern=false, is_special=false, is_stdlib_inline=false
call: name=__file_remove, is_extern_c=false, is_builtin=false, is_user=false, is_stdlib_extern=false, is_special=false, is_stdlib_inline=false
call: name=__dir_list, is_extern_c=false, is_builtin=false, is_user=false, is_stdlib_extern=false, is_special=false, is_stdlib_inline=false
call: name=walk, is_extern_c=false, is_builtin=false, is_user=false, is_stdlib_extern=false, is_special=false, is_stdlib_inline=false
call: name=read_file, is_extern_c=false, is_builtin=false, is_user=false, is_stdlib_extern=false, is_special=false, is_stdlib_inline=false
call: name=__instant_now_ns, is_extern_c=true, is_builtin=false, is_user=false, is_stdlib_extern=true, is_special=false, is_stdlib_inline=true
call: name=__instant_now_ns, is_extern_c=true, is_builtin=false, is_user=false, is_stdlib_extern=true, is_special=false, is_stdlib_inline=true
call: name=__localtime_offset_minutes, is_extern_c=true, is_builtin=false, is_user=false, is_stdlib_extern=true, is_special=false, is_stdlib_inline=true
call: name=to_utc_components, is_extern_c=false, is_builtin=false, is_user=false, is_stdlib_extern=false, is_special=false, is_stdlib_inline=false
call: name=components_to_ns_utc, is_extern_c=false, is_builtin=false, is_user=false, is_stdlib_extern=false, is_special=false, is_stdlib_inline=false
call: name=is_leap_year, is_extern_c=false, is_builtin=false, is_user=false, is_stdlib_extern=false, is_special=false, is_stdlib_inline=false
call: name=is_leap_year, is_extern_c=false, is_builtin=false, is_user=false, is_stdlib_extern=false, is_special=false, is_stdlib_inline=false
call: name=floor_div, is_extern_c=false, is_builtin=false, is_user=false, is_stdlib_extern=false, is_special=false, is_stdlib_inline=false
call: name=floor_div, is_extern_c=false, is_builtin=false, is_user=false, is_stdlib_extern=false, is_special=false, is_stdlib_inline=false
call: name=floor_div, is_extern_c=false, is_builtin=false, is_user=false, is_stdlib_extern=false, is_special=false, is_stdlib_inline=false
call: name=floor_div, is_extern_c=false, is_builtin=false, is_user=false, is_stdlib_extern=false, is_special=false, is_stdlib_inline=false
call: name=floor_div, is_extern_c=false, is_builtin=false, is_user=false, is_stdlib_extern=false, is_special=false, is_stdlib_inline=false
call: name=floor_div, is_extern_c=false, is_builtin=false, is_user=false, is_stdlib_extern=false, is_special=false, is_stdlib_inline=false
call: name=floor_div, is_extern_c=false, is_builtin=false, is_user=false, is_stdlib_extern=false, is_special=false, is_stdlib_inline=false
call: name=floor_div, is_extern_c=false, is_builtin=false, is_user=false, is_stdlib_extern=false, is_special=false, is_stdlib_inline=false
call: name=floor_div, is_extern_c=false, is_builtin=false, is_user=false, is_stdlib_extern=false, is_special=false, is_stdlib_inline=false
call: name=floor_div, is_extern_c=false, is_builtin=false, is_user=false, is_stdlib_extern=false, is_special=false, is_stdlib_inline=false
call: name=floor_div, is_extern_c=false, is_builtin=false, is_user=false, is_stdlib_extern=false, is_special=false, is_stdlib_inline=false
call: name=floor_div, is_extern_c=false, is_builtin=false, is_user=false, is_stdlib_extern=false, is_special=false, is_stdlib_inline=false
call: name=floor_div, is_extern_c=false, is_builtin=false, is_user=false, is_stdlib_extern=false, is_special=false, is_stdlib_inline=false
call: name=to_julian_day, is_extern_c=false, is_builtin=false, is_user=false, is_stdlib_extern=false, is_special=false, is_stdlib_inline=false
call: name=from_julian_day, is_extern_c=false, is_builtin=false, is_user=false, is_stdlib_extern=false, is_special=false, is_stdlib_inline=false
call: name=floor_mod, is_extern_c=false, is_builtin=false, is_user=false, is_stdlib_extern=false, is_special=false, is_stdlib_inline=false
call: name=to_julian_day, is_extern_c=false, is_builtin=false, is_user=false, is_stdlib_extern=false, is_special=false, is_stdlib_inline=false
call: name=floor_mod, is_extern_c=false, is_builtin=false, is_user=false, is_stdlib_extern=false, is_special=false, is_stdlib_inline=false
call: name=to_julian_day, is_extern_c=false, is_builtin=false, is_user=false, is_stdlib_extern=false, is_special=false, is_stdlib_inline=false
call: name=from_julian_day, is_extern_c=false, is_builtin=false, is_user=false, is_stdlib_extern=false, is_special=false, is_stdlib_inline=false
call: name=to_julian_day, is_extern_c=false, is_builtin=false, is_user=false, is_stdlib_extern=false, is_special=false, is_stdlib_inline=false
call: name=to_julian_day, is_extern_c=false, is_builtin=false, is_user=false, is_stdlib_extern=false, is_special=false, is_stdlib_inline=false
call: name=sleep, is_extern_c=false, is_builtin=false, is_user=false, is_stdlib_extern=false, is_special=false, is_stdlib_inline=false
call: name=ticker_loop, is_extern_c=false, is_builtin=false, is_user=false, is_stdlib_extern=false, is_special=false, is_stdlib_inline=false
call: name=sleep, is_extern_c=false, is_builtin=false, is_user=false, is_stdlib_extern=false, is_special=false, is_stdlib_inline=false
call: name=timeout_worker, is_extern_c=false, is_builtin=false, is_user=false, is_stdlib_extern=false, is_special=false, is_stdlib_inline=false
call: name=u32, is_extern_c=false, is_builtin=false, is_user=false, is_stdlib_extern=false, is_special=false, is_stdlib_inline=false
call: name=u32, is_extern_c=false, is_builtin=false, is_user=false, is_stdlib_extern=false, is_special=false, is_stdlib_inline=false
call: name=u32, is_extern_c=false, is_builtin=false, is_user=false, is_stdlib_extern=false, is_special=false, is_stdlib_inline=false
call: name=u32, is_extern_c=false, is_builtin=false, is_user=false, is_stdlib_extern=false, is_special=false, is_stdlib_inline=false
call: name=v4_from_octets, is_extern_c=false, is_builtin=false, is_user=false, is_stdlib_extern=false, is_special=false, is_stdlib_inline=false
call: name=u64, is_extern_c=false, is_builtin=false, is_user=false, is_stdlib_extern=false, is_special=false, is_stdlib_inline=false
call: name=u64, is_extern_c=false, is_builtin=false, is_user=false, is_stdlib_extern=false, is_special=false, is_stdlib_inline=false
call: name=u64, is_extern_c=false, is_builtin=false, is_user=false, is_stdlib_extern=false, is_special=false, is_stdlib_inline=false
call: name=u64, is_extern_c=false, is_builtin=false, is_user=false, is_stdlib_extern=false, is_special=false, is_stdlib_inline=false
call: name=u64, is_extern_c=false, is_builtin=false, is_user=false, is_stdlib_extern=false, is_special=false, is_stdlib_inline=false
call: name=u64, is_extern_c=false, is_builtin=false, is_user=false, is_stdlib_extern=false, is_special=false, is_stdlib_inline=false
call: name=u64, is_extern_c=false, is_builtin=false, is_user=false, is_stdlib_extern=false, is_special=false, is_stdlib_inline=false
call: name=u64, is_extern_c=false, is_builtin=false, is_user=false, is_stdlib_extern=false, is_special=false, is_stdlib_inline=false
call: name=u32, is_extern_c=false, is_builtin=false, is_user=false, is_stdlib_extern=false, is_special=false, is_stdlib_inline=false
call: name=u32, is_extern_c=false, is_builtin=false, is_user=false, is_stdlib_extern=false, is_special=false, is_stdlib_inline=false
call: name=u32, is_extern_c=false, is_builtin=false, is_user=false, is_stdlib_extern=false, is_special=false, is_stdlib_inline=false
call: name=u32, is_extern_c=false, is_builtin=false, is_user=false, is_stdlib_extern=false, is_special=false, is_stdlib_inline=false
call: name=u64, is_extern_c=false, is_builtin=false, is_user=false, is_stdlib_extern=false, is_special=false, is_stdlib_inline=false
call: name=u64, is_extern_c=false, is_builtin=false, is_user=false, is_stdlib_extern=false, is_special=false, is_stdlib_inline=false
call: name=u64, is_extern_c=false, is_builtin=false, is_user=false, is_stdlib_extern=false, is_special=false, is_stdlib_inline=false
call: name=u64, is_extern_c=false, is_builtin=false, is_user=false, is_stdlib_extern=false, is_special=false, is_stdlib_inline=false
call: name=u64, is_extern_c=false, is_builtin=false, is_user=false, is_stdlib_extern=false, is_special=false, is_stdlib_inline=false
call: name=u64, is_extern_c=false, is_builtin=false, is_user=false, is_stdlib_extern=false, is_special=false, is_stdlib_inline=false
call: name=u64, is_extern_c=false, is_builtin=false, is_user=false, is_stdlib_extern=false, is_special=false, is_stdlib_inline=false
call: name=u64, is_extern_c=false, is_builtin=false, is_user=false, is_stdlib_extern=false, is_special=false, is_stdlib_inline=false
call: name=__net_resolve_into, is_extern_c=true, is_builtin=false, is_user=false, is_stdlib_extern=true, is_special=false, is_stdlib_inline=true
call: name=__dns_read_u32_le, is_extern_c=false, is_builtin=false, is_user=false, is_stdlib_extern=false, is_special=false, is_stdlib_inline=false
call: name=__dns_read_u64_le, is_extern_c=false, is_builtin=false, is_user=false, is_stdlib_extern=false, is_special=false, is_stdlib_inline=false
call: name=__dns_read_u64_le, is_extern_c=false, is_builtin=false, is_user=false, is_stdlib_extern=false, is_special=false, is_stdlib_inline=false
call: name=__net_resolve, is_extern_c=false, is_builtin=false, is_user=false, is_stdlib_extern=false, is_special=false, is_stdlib_inline=false
call: name=__net_tcp_connect_v4, is_extern_c=true, is_builtin=false, is_user=false, is_stdlib_extern=true, is_special=false, is_stdlib_inline=true
call: name=__net_tcp_connect_v6, is_extern_c=true, is_builtin=false, is_user=false, is_stdlib_extern=true, is_special=false, is_stdlib_inline=true
call: name=__net_tcp_close_raw, is_extern_c=true, is_builtin=false, is_user=false, is_stdlib_extern=true, is_special=false, is_stdlib_inline=true
call: name=__net_tcp_connect, is_extern_c=false, is_builtin=false, is_user=false, is_stdlib_extern=false, is_special=false, is_stdlib_inline=false
call: name=__net_tcp_listen_v4, is_extern_c=true, is_builtin=false, is_user=false, is_stdlib_extern=true, is_special=false, is_stdlib_inline=true
call: name=__net_tcp_listen_v6, is_extern_c=true, is_builtin=false, is_user=false, is_stdlib_extern=true, is_special=false, is_stdlib_inline=true
call: name=__net_tcp_listen, is_extern_c=false, is_builtin=false, is_user=false, is_stdlib_extern=false, is_special=false, is_stdlib_inline=false
call: name=__net_udp_bind_v4, is_extern_c=true, is_builtin=false, is_user=false, is_stdlib_extern=true, is_special=false, is_stdlib_inline=true
call: name=__net_udp_bind_v6, is_extern_c=true, is_builtin=false, is_user=false, is_stdlib_extern=true, is_special=false, is_stdlib_inline=true
call: name=__net_udp_send_to_v4, is_extern_c=true, is_builtin=false, is_user=false, is_stdlib_extern=true, is_special=false, is_stdlib_inline=true
call: name=__net_udp_send_to_v6, is_extern_c=true, is_builtin=false, is_user=false, is_stdlib_extern=true, is_special=false, is_stdlib_inline=true
call: name=__net_tcp_listen, is_extern_c=false, is_builtin=false, is_user=false, is_stdlib_extern=false, is_special=false, is_stdlib_inline=false
call: name=type_name, is_extern_c=false, is_builtin=false, is_user=false, is_stdlib_extern=false, is_special=false, is_stdlib_inline=false
call: name=type_name, is_extern_c=false, is_builtin=false, is_user=false, is_stdlib_extern=false, is_special=false, is_stdlib_inline=false
call: name=type_name, is_extern_c=false, is_builtin=false, is_user=false, is_stdlib_extern=false, is_special=false, is_stdlib_inline=false
call: name=type_name, is_extern_c=false, is_builtin=false, is_user=false, is_stdlib_extern=false, is_special=false, is_stdlib_inline=false
call: name=type_name, is_extern_c=false, is_builtin=false, is_user=false, is_stdlib_extern=false, is_special=false, is_stdlib_inline=false
call: name=isnormal_f64_impl, is_extern_c=false, is_builtin=false, is_user=false, is_stdlib_extern=false, is_special=false, is_stdlib_inline=false
call: name=isnormal_f32_impl, is_extern_c=false, is_builtin=false, is_user=false, is_stdlib_extern=false, is_special=false, is_stdlib_inline=false
call: name=isnormal_f16_impl, is_extern_c=false, is_builtin=false, is_user=false, is_stdlib_extern=false, is_special=false, is_stdlib_inline=false
call: name=isnormal_f128_impl, is_extern_c=false, is_builtin=false, is_user=false, is_stdlib_extern=false, is_special=false, is_stdlib_inline=false
call: name=type_name, is_extern_c=false, is_builtin=false, is_user=false, is_stdlib_extern=false, is_special=false, is_stdlib_inline=false
call: name=type_name, is_extern_c=false, is_builtin=false, is_user=false, is_stdlib_extern=false, is_special=false, is_stdlib_inline=false
call: name=count_ones_8_impl, is_extern_c=false, is_builtin=false, is_user=false, is_stdlib_extern=false, is_special=false, is_stdlib_inline=false
call: name=count_ones_8_impl, is_extern_c=false, is_builtin=false, is_user=false, is_stdlib_extern=false, is_special=false, is_stdlib_inline=false
call: name=count_ones_16_impl, is_extern_c=false, is_builtin=false, is_user=false, is_stdlib_extern=false, is_special=false, is_stdlib_inline=false
call: name=count_ones_16_impl, is_extern_c=false, is_builtin=false, is_user=false, is_stdlib_extern=false, is_special=false, is_stdlib_inline=false
call: name=count_ones_32_impl, is_extern_c=false, is_builtin=false, is_user=false, is_stdlib_extern=false, is_special=false, is_stdlib_inline=false
call: name=count_ones_32_impl, is_extern_c=false, is_builtin=false, is_user=false, is_stdlib_extern=false, is_special=false, is_stdlib_inline=false
call: name=count_ones_64_impl, is_extern_c=false, is_builtin=false, is_user=false, is_stdlib_extern=false, is_special=false, is_stdlib_inline=false
call: name=count_ones_64_impl, is_extern_c=false, is_builtin=false, is_user=false, is_stdlib_extern=false, is_special=false, is_stdlib_inline=false
call: name=count_ones_128_impl, is_extern_c=false, is_builtin=false, is_user=false, is_stdlib_extern=false, is_special=false, is_stdlib_inline=false
call: name=count_ones_128_impl, is_extern_c=false, is_builtin=false, is_user=false, is_stdlib_extern=false, is_special=false, is_stdlib_inline=false
call: name=count_ones_64_impl, is_extern_c=false, is_builtin=false, is_user=false, is_stdlib_extern=false, is_special=false, is_stdlib_inline=false
call: name=count_ones_64_impl, is_extern_c=false, is_builtin=false, is_user=false, is_stdlib_extern=false, is_special=false, is_stdlib_inline=false
call: name=type_name, is_extern_c=false, is_builtin=false, is_user=false, is_stdlib_extern=false, is_special=false, is_stdlib_inline=false
call: name=leading_zeros_8_impl, is_extern_c=false, is_builtin=false, is_user=false, is_stdlib_extern=false, is_special=false, is_stdlib_inline=false
call: name=leading_zeros_8_impl, is_extern_c=false, is_builtin=false, is_user=false, is_stdlib_extern=false, is_special=false, is_stdlib_inline=false
call: name=leading_zeros_16_impl, is_extern_c=false, is_builtin=false, is_user=false, is_stdlib_extern=false, is_special=false, is_stdlib_inline=false
call: name=leading_zeros_16_impl, is_extern_c=false, is_builtin=false, is_user=false, is_stdlib_extern=false, is_special=false, is_stdlib_inline=false
call: name=leading_zeros_32_impl, is_extern_c=false, is_builtin=false, is_user=false, is_stdlib_extern=false, is_special=false, is_stdlib_inline=false
call: name=leading_zeros_32_impl, is_extern_c=false, is_builtin=false, is_user=false, is_stdlib_extern=false, is_special=false, is_stdlib_inline=false
call: name=leading_zeros_64_impl, is_extern_c=false, is_builtin=false, is_user=false, is_stdlib_extern=false, is_special=false, is_stdlib_inline=false
call: name=leading_zeros_64_impl, is_extern_c=false, is_builtin=false, is_user=false, is_stdlib_extern=false, is_special=false, is_stdlib_inline=false
call: name=leading_zeros_128_impl, is_extern_c=false, is_builtin=false, is_user=false, is_stdlib_extern=false, is_special=false, is_stdlib_inline=false
call: name=leading_zeros_128_impl, is_extern_c=false, is_builtin=false, is_user=false, is_stdlib_extern=false, is_special=false, is_stdlib_inline=false
call: name=leading_zeros_64_impl, is_extern_c=false, is_builtin=false, is_user=false, is_stdlib_extern=false, is_special=false, is_stdlib_inline=false
call: name=leading_zeros_64_impl, is_extern_c=false, is_builtin=false, is_user=false, is_stdlib_extern=false, is_special=false, is_stdlib_inline=false
call: name=type_name, is_extern_c=false, is_builtin=false, is_user=false, is_stdlib_extern=false, is_special=false, is_stdlib_inline=false
call: name=trailing_zeros_8_impl, is_extern_c=false, is_builtin=false, is_user=false, is_stdlib_extern=false, is_special=false, is_stdlib_inline=false
call: name=trailing_zeros_8_impl, is_extern_c=false, is_builtin=false, is_user=false, is_stdlib_extern=false, is_special=false, is_stdlib_inline=false
call: name=trailing_zeros_16_impl, is_extern_c=false, is_builtin=false, is_user=false, is_stdlib_extern=false, is_special=false, is_stdlib_inline=false
call: name=trailing_zeros_16_impl, is_extern_c=false, is_builtin=false, is_user=false, is_stdlib_extern=false, is_special=false, is_stdlib_inline=false
call: name=trailing_zeros_32_impl, is_extern_c=false, is_builtin=false, is_user=false, is_stdlib_extern=false, is_special=false, is_stdlib_inline=false
call: name=trailing_zeros_32_impl, is_extern_c=false, is_builtin=false, is_user=false, is_stdlib_extern=false, is_special=false, is_stdlib_inline=false
call: name=trailing_zeros_64_impl, is_extern_c=false, is_builtin=false, is_user=false, is_stdlib_extern=false, is_special=false, is_stdlib_inline=false
call: name=trailing_zeros_64_impl, is_extern_c=false, is_builtin=false, is_user=false, is_stdlib_extern=false, is_special=false, is_stdlib_inline=false
call: name=trailing_zeros_128_impl, is_extern_c=false, is_builtin=false, is_user=false, is_stdlib_extern=false, is_special=false, is_stdlib_inline=false
call: name=trailing_zeros_128_impl, is_extern_c=false, is_builtin=false, is_user=false, is_stdlib_extern=false, is_special=false, is_stdlib_inline=false
call: name=trailing_zeros_64_impl, is_extern_c=false, is_builtin=false, is_user=false, is_stdlib_extern=false, is_special=false, is_stdlib_inline=false
call: name=trailing_zeros_64_impl, is_extern_c=false, is_builtin=false, is_user=false, is_stdlib_extern=false, is_special=false, is_stdlib_inline=false
call: name=type_name, is_extern_c=false, is_builtin=false, is_user=false, is_stdlib_extern=false, is_special=false, is_stdlib_inline=false
call: name=next_pow2_8_impl, is_extern_c=false, is_builtin=false, is_user=false, is_stdlib_extern=false, is_special=false, is_stdlib_inline=false
call: name=next_pow2_8_impl, is_extern_c=false, is_builtin=false, is_user=false, is_stdlib_extern=false, is_special=false, is_stdlib_inline=false
call: name=next_pow2_16_impl, is_extern_c=false, is_builtin=false, is_user=false, is_stdlib_extern=false, is_special=false, is_stdlib_inline=false
call: name=next_pow2_16_impl, is_extern_c=false, is_builtin=false, is_user=false, is_stdlib_extern=false, is_special=false, is_stdlib_inline=false
call: name=next_pow2_32_impl, is_extern_c=false, is_builtin=false, is_user=false, is_stdlib_extern=false, is_special=false, is_stdlib_inline=false
call: name=next_pow2_32_impl, is_extern_c=false, is_builtin=false, is_user=false, is_stdlib_extern=false, is_special=false, is_stdlib_inline=false
call: name=next_pow2_64_impl, is_extern_c=false, is_builtin=false, is_user=false, is_stdlib_extern=false, is_special=false, is_stdlib_inline=false
call: name=next_pow2_64_impl, is_extern_c=false, is_builtin=false, is_user=false, is_stdlib_extern=false, is_special=false, is_stdlib_inline=false
call: name=next_pow2_128_impl, is_extern_c=false, is_builtin=false, is_user=false, is_stdlib_extern=false, is_special=false, is_stdlib_inline=false
call: name=next_pow2_128_impl, is_extern_c=false, is_builtin=false, is_user=false, is_stdlib_extern=false, is_special=false, is_stdlib_inline=false
call: name=next_pow2_64_impl, is_extern_c=false, is_builtin=false, is_user=false, is_stdlib_extern=false, is_special=false, is_stdlib_inline=false
call: name=next_pow2_64_impl, is_extern_c=false, is_builtin=false, is_user=false, is_stdlib_extern=false, is_special=false, is_stdlib_inline=false
call: name=type_name, is_extern_c=false, is_builtin=false, is_user=false, is_stdlib_extern=false, is_special=false, is_stdlib_inline=false
call: name=type_name, is_extern_c=false, is_builtin=false, is_user=false, is_stdlib_extern=false, is_special=false, is_stdlib_inline=false
call: name=ldexp_f64_impl, is_extern_c=false, is_builtin=false, is_user=false, is_stdlib_extern=false, is_special=false, is_stdlib_inline=false
call: name=ldexp_f32_impl, is_extern_c=false, is_builtin=false, is_user=false, is_stdlib_extern=false, is_special=false, is_stdlib_inline=false
call: name=ldexp_f16_impl, is_extern_c=false, is_builtin=false, is_user=false, is_stdlib_extern=false, is_special=false, is_stdlib_inline=false
call: name=ldexp_f128_impl, is_extern_c=false, is_builtin=false, is_user=false, is_stdlib_extern=false, is_special=false, is_stdlib_inline=false
call: name=type_name, is_extern_c=false, is_builtin=false, is_user=false, is_stdlib_extern=false, is_special=false, is_stdlib_inline=false
call: name=sqrt_f64_impl, is_extern_c=false, is_builtin=false, is_user=false, is_stdlib_extern=false, is_special=false, is_stdlib_inline=false
call: name=sqrt_f32_impl, is_extern_c=false, is_builtin=false, is_user=false, is_stdlib_extern=false, is_special=false, is_stdlib_inline=false
call: name=sqrt_f16_impl, is_extern_c=false, is_builtin=false, is_user=false, is_stdlib_extern=false, is_special=false, is_stdlib_inline=false
call: name=sqrt_f128_impl, is_extern_c=false, is_builtin=false, is_user=false, is_stdlib_extern=false, is_special=false, is_stdlib_inline=false
call: name=ldexp_f64_impl, is_extern_c=false, is_builtin=false, is_user=false, is_stdlib_extern=false, is_special=false, is_stdlib_inline=false
call: name=ldexp_f32_impl, is_extern_c=false, is_builtin=false, is_user=false, is_stdlib_extern=false, is_special=false, is_stdlib_inline=false
call: name=ldexp_f16_impl, is_extern_c=false, is_builtin=false, is_user=false, is_stdlib_extern=false, is_special=false, is_stdlib_inline=false
call: name=ldexp_f128_impl, is_extern_c=false, is_builtin=false, is_user=false, is_stdlib_extern=false, is_special=false, is_stdlib_inline=false
call: name=type_name, is_extern_c=false, is_builtin=false, is_user=false, is_stdlib_extern=false, is_special=false, is_stdlib_inline=false
call: name=cbrt_f64_impl, is_extern_c=false, is_builtin=false, is_user=false, is_stdlib_extern=false, is_special=false, is_stdlib_inline=false
call: name=cbrt_f32_impl, is_extern_c=false, is_builtin=false, is_user=false, is_stdlib_extern=false, is_special=false, is_stdlib_inline=false
call: name=cbrt_f16_impl, is_extern_c=false, is_builtin=false, is_user=false, is_stdlib_extern=false, is_special=false, is_stdlib_inline=false
call: name=cbrt_f128_impl, is_extern_c=false, is_builtin=false, is_user=false, is_stdlib_extern=false, is_special=false, is_stdlib_inline=false
call: name=floor_f64_impl, is_extern_c=false, is_builtin=false, is_user=false, is_stdlib_extern=false, is_special=false, is_stdlib_inline=false
call: name=ldexp_f64_impl, is_extern_c=false, is_builtin=false, is_user=false, is_stdlib_extern=false, is_special=false, is_stdlib_inline=false
call: name=floor_f32_impl, is_extern_c=false, is_builtin=false, is_user=false, is_stdlib_extern=false, is_special=false, is_stdlib_inline=false
call: name=ldexp_f32_impl, is_extern_c=false, is_builtin=false, is_user=false, is_stdlib_extern=false, is_special=false, is_stdlib_inline=false
call: name=floor_f16_impl, is_extern_c=false, is_builtin=false, is_user=false, is_stdlib_extern=false, is_special=false, is_stdlib_inline=false
call: name=ldexp_f16_impl, is_extern_c=false, is_builtin=false, is_user=false, is_stdlib_extern=false, is_special=false, is_stdlib_inline=false
call: name=floor_f128_impl, is_extern_c=false, is_builtin=false, is_user=false, is_stdlib_extern=false, is_special=false, is_stdlib_inline=false
call: name=ldexp_f128_impl, is_extern_c=false, is_builtin=false, is_user=false, is_stdlib_extern=false, is_special=false, is_stdlib_inline=false
call: name=type_name, is_extern_c=false, is_builtin=false, is_user=false, is_stdlib_extern=false, is_special=false, is_stdlib_inline=false
call: name=exp_f64_impl, is_extern_c=false, is_builtin=false, is_user=false, is_stdlib_extern=false, is_special=false, is_stdlib_inline=false
call: name=exp_f32_impl, is_extern_c=false, is_builtin=false, is_user=false, is_stdlib_extern=false, is_special=false, is_stdlib_inline=false
call: name=exp_f16_impl, is_extern_c=false, is_builtin=false, is_user=false, is_stdlib_extern=false, is_special=false, is_stdlib_inline=false
call: name=exp_f128_impl, is_extern_c=false, is_builtin=false, is_user=false, is_stdlib_extern=false, is_special=false, is_stdlib_inline=false
call: name=type_name, is_extern_c=false, is_builtin=false, is_user=false, is_stdlib_extern=false, is_special=false, is_stdlib_inline=false
call: name=log_f64_impl, is_extern_c=false, is_builtin=false, is_user=false, is_stdlib_extern=false, is_special=false, is_stdlib_inline=false
call: name=log_f32_impl, is_extern_c=false, is_builtin=false, is_user=false, is_stdlib_extern=false, is_special=false, is_stdlib_inline=false
call: name=log_f16_impl, is_extern_c=false, is_builtin=false, is_user=false, is_stdlib_extern=false, is_special=false, is_stdlib_inline=false
call: name=log_f128_impl, is_extern_c=false, is_builtin=false, is_user=false, is_stdlib_extern=false, is_special=false, is_stdlib_inline=false
call: name=exp_f64_impl, is_extern_c=false, is_builtin=false, is_user=false, is_stdlib_extern=false, is_special=false, is_stdlib_inline=false
call: name=log_f64_impl, is_extern_c=false, is_builtin=false, is_user=false, is_stdlib_extern=false, is_special=false, is_stdlib_inline=false
call: name=exp_f32_impl, is_extern_c=false, is_builtin=false, is_user=false, is_stdlib_extern=false, is_special=false, is_stdlib_inline=false
call: name=log_f32_impl, is_extern_c=false, is_builtin=false, is_user=false, is_stdlib_extern=false, is_special=false, is_stdlib_inline=false
call: name=exp_f16_impl, is_extern_c=false, is_builtin=false, is_user=false, is_stdlib_extern=false, is_special=false, is_stdlib_inline=false
call: name=log_f16_impl, is_extern_c=false, is_builtin=false, is_user=false, is_stdlib_extern=false, is_special=false, is_stdlib_inline=false
call: name=exp_f128_impl, is_extern_c=false, is_builtin=false, is_user=false, is_stdlib_extern=false, is_special=false, is_stdlib_inline=false
call: name=log_f128_impl, is_extern_c=false, is_builtin=false, is_user=false, is_stdlib_extern=false, is_special=false, is_stdlib_inline=false
call: name=type_name, is_extern_c=false, is_builtin=false, is_user=false, is_stdlib_extern=false, is_special=false, is_stdlib_inline=false
call: name=pow_f64_impl, is_extern_c=false, is_builtin=false, is_user=false, is_stdlib_extern=false, is_special=false, is_stdlib_inline=false
call: name=pow_f32_impl, is_extern_c=false, is_builtin=false, is_user=false, is_stdlib_extern=false, is_special=false, is_stdlib_inline=false
call: name=pow_f16_impl, is_extern_c=false, is_builtin=false, is_user=false, is_stdlib_extern=false, is_special=false, is_stdlib_inline=false
call: name=pow_f128_impl, is_extern_c=false, is_builtin=false, is_user=false, is_stdlib_extern=false, is_special=false, is_stdlib_inline=false
call: name=exp_f64_impl, is_extern_c=false, is_builtin=false, is_user=false, is_stdlib_extern=false, is_special=false, is_stdlib_inline=false
call: name=exp_f32_impl, is_extern_c=false, is_builtin=false, is_user=false, is_stdlib_extern=false, is_special=false, is_stdlib_inline=false
call: name=exp_f16_impl, is_extern_c=false, is_builtin=false, is_user=false, is_stdlib_extern=false, is_special=false, is_stdlib_inline=false
call: name=exp_f128_impl, is_extern_c=false, is_builtin=false, is_user=false, is_stdlib_extern=false, is_special=false, is_stdlib_inline=false
call: name=type_name, is_extern_c=false, is_builtin=false, is_user=false, is_stdlib_extern=false, is_special=false, is_stdlib_inline=false
call: name=exp_f64_impl, is_extern_c=false, is_builtin=false, is_user=false, is_stdlib_extern=false, is_special=false, is_stdlib_inline=false
call: name=exp_f32_impl, is_extern_c=false, is_builtin=false, is_user=false, is_stdlib_extern=false, is_special=false, is_stdlib_inline=false
call: name=exp_f16_impl, is_extern_c=false, is_builtin=false, is_user=false, is_stdlib_extern=false, is_special=false, is_stdlib_inline=false
call: name=exp_f128_impl, is_extern_c=false, is_builtin=false, is_user=false, is_stdlib_extern=false, is_special=false, is_stdlib_inline=false
call: name=exp_f64_impl, is_extern_c=false, is_builtin=false, is_user=false, is_stdlib_extern=false, is_special=false, is_stdlib_inline=false
call: name=exp_f32_impl, is_extern_c=false, is_builtin=false, is_user=false, is_stdlib_extern=false, is_special=false, is_stdlib_inline=false
call: name=exp_f16_impl, is_extern_c=false, is_builtin=false, is_user=false, is_stdlib_extern=false, is_special=false, is_stdlib_inline=false
call: name=exp_f128_impl, is_extern_c=false, is_builtin=false, is_user=false, is_stdlib_extern=false, is_special=false, is_stdlib_inline=false
call: name=type_name, is_extern_c=false, is_builtin=false, is_user=false, is_stdlib_extern=false, is_special=false, is_stdlib_inline=false
call: name=exp_f64_impl, is_extern_c=false, is_builtin=false, is_user=false, is_stdlib_extern=false, is_special=false, is_stdlib_inline=false
call: name=exp_f32_impl, is_extern_c=false, is_builtin=false, is_user=false, is_stdlib_extern=false, is_special=false, is_stdlib_inline=false
call: name=exp_f16_impl, is_extern_c=false, is_builtin=false, is_user=false, is_stdlib_extern=false, is_special=false, is_stdlib_inline=false
call: name=exp_f128_impl, is_extern_c=false, is_builtin=false, is_user=false, is_stdlib_extern=false, is_special=false, is_stdlib_inline=false
call: name=log_f64_impl, is_extern_c=false, is_builtin=false, is_user=false, is_stdlib_extern=false, is_special=false, is_stdlib_inline=false
call: name=log_f32_impl, is_extern_c=false, is_builtin=false, is_user=false, is_stdlib_extern=false, is_special=false, is_stdlib_inline=false
call: name=log_f16_impl, is_extern_c=false, is_builtin=false, is_user=false, is_stdlib_extern=false, is_special=false, is_stdlib_inline=false
call: name=log_f128_impl, is_extern_c=false, is_builtin=false, is_user=false, is_stdlib_extern=false, is_special=false, is_stdlib_inline=false
call: name=type_name, is_extern_c=false, is_builtin=false, is_user=false, is_stdlib_extern=false, is_special=false, is_stdlib_inline=false
call: name=log_f64_impl, is_extern_c=false, is_builtin=false, is_user=false, is_stdlib_extern=false, is_special=false, is_stdlib_inline=false
call: name=log_f32_impl, is_extern_c=false, is_builtin=false, is_user=false, is_stdlib_extern=false, is_special=false, is_stdlib_inline=false
call: name=log_f16_impl, is_extern_c=false, is_builtin=false, is_user=false, is_stdlib_extern=false, is_special=false, is_stdlib_inline=false
call: name=log_f128_impl, is_extern_c=false, is_builtin=false, is_user=false, is_stdlib_extern=false, is_special=false, is_stdlib_inline=false
call: name=log_f64_impl, is_extern_c=false, is_builtin=false, is_user=false, is_stdlib_extern=false, is_special=false, is_stdlib_inline=false
call: name=log_f32_impl, is_extern_c=false, is_builtin=false, is_user=false, is_stdlib_extern=false, is_special=false, is_stdlib_inline=false
call: name=log_f16_impl, is_extern_c=false, is_builtin=false, is_user=false, is_stdlib_extern=false, is_special=false, is_stdlib_inline=false
call: name=log_f128_impl, is_extern_c=false, is_builtin=false, is_user=false, is_stdlib_extern=false, is_special=false, is_stdlib_inline=false
call: name=type_name, is_extern_c=false, is_builtin=false, is_user=false, is_stdlib_extern=false, is_special=false, is_stdlib_inline=false
call: name=log_f64_impl, is_extern_c=false, is_builtin=false, is_user=false, is_stdlib_extern=false, is_special=false, is_stdlib_inline=false
call: name=log_f32_impl, is_extern_c=false, is_builtin=false, is_user=false, is_stdlib_extern=false, is_special=false, is_stdlib_inline=false
call: name=log_f16_impl, is_extern_c=false, is_builtin=false, is_user=false, is_stdlib_extern=false, is_special=false, is_stdlib_inline=false
call: name=log_f128_impl, is_extern_c=false, is_builtin=false, is_user=false, is_stdlib_extern=false, is_special=false, is_stdlib_inline=false
call: name=type_name, is_extern_c=false, is_builtin=false, is_user=false, is_stdlib_extern=false, is_special=false, is_stdlib_inline=false
call: name=gcd_i8_impl, is_extern_c=false, is_builtin=false, is_user=false, is_stdlib_extern=false, is_special=false, is_stdlib_inline=false
call: name=gcd_i16_impl, is_extern_c=false, is_builtin=false, is_user=false, is_stdlib_extern=false, is_special=false, is_stdlib_inline=false
call: name=gcd_i32_impl, is_extern_c=false, is_builtin=false, is_user=false, is_stdlib_extern=false, is_special=false, is_stdlib_inline=false
call: name=gcd_i64_impl, is_extern_c=false, is_builtin=false, is_user=false, is_stdlib_extern=false, is_special=false, is_stdlib_inline=false
call: name=gcd_i128_impl, is_extern_c=false, is_builtin=false, is_user=false, is_stdlib_extern=false, is_special=false, is_stdlib_inline=false
call: name=gcd_isize_impl, is_extern_c=false, is_builtin=false, is_user=false, is_stdlib_extern=false, is_special=false, is_stdlib_inline=false
call: name=gcd_u8_impl, is_extern_c=false, is_builtin=false, is_user=false, is_stdlib_extern=false, is_special=false, is_stdlib_inline=false
call: name=gcd_u16_impl, is_extern_c=false, is_builtin=false, is_user=false, is_stdlib_extern=false, is_special=false, is_stdlib_inline=false
call: name=gcd_u32_impl, is_extern_c=false, is_builtin=false, is_user=false, is_stdlib_extern=false, is_special=false, is_stdlib_inline=false
call: name=gcd_u64_impl, is_extern_c=false, is_builtin=false, is_user=false, is_stdlib_extern=false, is_special=false, is_stdlib_inline=false
call: name=gcd_u128_impl, is_extern_c=false, is_builtin=false, is_user=false, is_stdlib_extern=false, is_special=false, is_stdlib_inline=false
call: name=gcd_usize_impl, is_extern_c=false, is_builtin=false, is_user=false, is_stdlib_extern=false, is_special=false, is_stdlib_inline=false
call: name=gcd_i32_impl, is_extern_c=false, is_builtin=false, is_user=false, is_stdlib_extern=false, is_special=false, is_stdlib_inline=false
call: name=gcd_i64_impl, is_extern_c=false, is_builtin=false, is_user=false, is_stdlib_extern=false, is_special=false, is_stdlib_inline=false
call: name=gcd_i128_impl, is_extern_c=false, is_builtin=false, is_user=false, is_stdlib_extern=false, is_special=false, is_stdlib_inline=false
call: name=gcd_u32_impl, is_extern_c=false, is_builtin=false, is_user=false, is_stdlib_extern=false, is_special=false, is_stdlib_inline=false
call: name=gcd_u64_impl, is_extern_c=false, is_builtin=false, is_user=false, is_stdlib_extern=false, is_special=false, is_stdlib_inline=false
call: name=gcd_i8_impl, is_extern_c=false, is_builtin=false, is_user=false, is_stdlib_extern=false, is_special=false, is_stdlib_inline=false
call: name=gcd_i16_impl, is_extern_c=false, is_builtin=false, is_user=false, is_stdlib_extern=false, is_special=false, is_stdlib_inline=false
call: name=gcd_isize_impl, is_extern_c=false, is_builtin=false, is_user=false, is_stdlib_extern=false, is_special=false, is_stdlib_inline=false
call: name=gcd_u8_impl, is_extern_c=false, is_builtin=false, is_user=false, is_stdlib_extern=false, is_special=false, is_stdlib_inline=false
call: name=gcd_u16_impl, is_extern_c=false, is_builtin=false, is_user=false, is_stdlib_extern=false, is_special=false, is_stdlib_inline=false
call: name=gcd_u128_impl, is_extern_c=false, is_builtin=false, is_user=false, is_stdlib_extern=false, is_special=false, is_stdlib_inline=false
call: name=gcd_usize_impl, is_extern_c=false, is_builtin=false, is_user=false, is_stdlib_extern=false, is_special=false, is_stdlib_inline=false
call: name=type_name, is_extern_c=false, is_builtin=false, is_user=false, is_stdlib_extern=false, is_special=false, is_stdlib_inline=false
call: name=lcm_i8_impl, is_extern_c=false, is_builtin=false, is_user=false, is_stdlib_extern=false, is_special=false, is_stdlib_inline=false
call: name=lcm_i16_impl, is_extern_c=false, is_builtin=false, is_user=false, is_stdlib_extern=false, is_special=false, is_stdlib_inline=false
call: name=lcm_i32_impl, is_extern_c=false, is_builtin=false, is_user=false, is_stdlib_extern=false, is_special=false, is_stdlib_inline=false
call: name=lcm_i64_impl, is_extern_c=false, is_builtin=false, is_user=false, is_stdlib_extern=false, is_special=false, is_stdlib_inline=false
call: name=lcm_i128_impl, is_extern_c=false, is_builtin=false, is_user=false, is_stdlib_extern=false, is_special=false, is_stdlib_inline=false
call: name=lcm_isize_impl, is_extern_c=false, is_builtin=false, is_user=false, is_stdlib_extern=false, is_special=false, is_stdlib_inline=false
call: name=lcm_u8_impl, is_extern_c=false, is_builtin=false, is_user=false, is_stdlib_extern=false, is_special=false, is_stdlib_inline=false
call: name=lcm_u16_impl, is_extern_c=false, is_builtin=false, is_user=false, is_stdlib_extern=false, is_special=false, is_stdlib_inline=false
call: name=lcm_u32_impl, is_extern_c=false, is_builtin=false, is_user=false, is_stdlib_extern=false, is_special=false, is_stdlib_inline=false
call: name=lcm_u64_impl, is_extern_c=false, is_builtin=false, is_user=false, is_stdlib_extern=false, is_special=false, is_stdlib_inline=false
call: name=lcm_u128_impl, is_extern_c=false, is_builtin=false, is_user=false, is_stdlib_extern=false, is_special=false, is_stdlib_inline=false
call: name=lcm_usize_impl, is_extern_c=false, is_builtin=false, is_user=false, is_stdlib_extern=false, is_special=false, is_stdlib_inline=false
call: name=type_name, is_extern_c=false, is_builtin=false, is_user=false, is_stdlib_extern=false, is_special=false, is_stdlib_inline=false
call: name=div_floor_i8_impl, is_extern_c=false, is_builtin=false, is_user=false, is_stdlib_extern=false, is_special=false, is_stdlib_inline=false
call: name=div_floor_i16_impl, is_extern_c=false, is_builtin=false, is_user=false, is_stdlib_extern=false, is_special=false, is_stdlib_inline=false
call: name=div_floor_i32_impl, is_extern_c=false, is_builtin=false, is_user=false, is_stdlib_extern=false, is_special=false, is_stdlib_inline=false
call: name=div_floor_i64_impl, is_extern_c=false, is_builtin=false, is_user=false, is_stdlib_extern=false, is_special=false, is_stdlib_inline=false
call: name=div_floor_i128_impl, is_extern_c=false, is_builtin=false, is_user=false, is_stdlib_extern=false, is_special=false, is_stdlib_inline=false
call: name=div_floor_isize_impl, is_extern_c=false, is_builtin=false, is_user=false, is_stdlib_extern=false, is_special=false, is_stdlib_inline=false
call: name=type_name, is_extern_c=false, is_builtin=false, is_user=false, is_stdlib_extern=false, is_special=false, is_stdlib_inline=false
call: name=div_ceil_i8_impl, is_extern_c=false, is_builtin=false, is_user=false, is_stdlib_extern=false, is_special=false, is_stdlib_inline=false
call: name=div_ceil_i16_impl, is_extern_c=false, is_builtin=false, is_user=false, is_stdlib_extern=false, is_special=false, is_stdlib_inline=false
call: name=div_ceil_i32_impl, is_extern_c=false, is_builtin=false, is_user=false, is_stdlib_extern=false, is_special=false, is_stdlib_inline=false
call: name=div_ceil_i64_impl, is_extern_c=false, is_builtin=false, is_user=false, is_stdlib_extern=false, is_special=false, is_stdlib_inline=false
call: name=div_ceil_i128_impl, is_extern_c=false, is_builtin=false, is_user=false, is_stdlib_extern=false, is_special=false, is_stdlib_inline=false
call: name=div_ceil_isize_impl, is_extern_c=false, is_builtin=false, is_user=false, is_stdlib_extern=false, is_special=false, is_stdlib_inline=false
call: name=div_ceil_u8_impl, is_extern_c=false, is_builtin=false, is_user=false, is_stdlib_extern=false, is_special=false, is_stdlib_inline=false
call: name=div_ceil_u16_impl, is_extern_c=false, is_builtin=false, is_user=false, is_stdlib_extern=false, is_special=false, is_stdlib_inline=false
call: name=div_ceil_u32_impl, is_extern_c=false, is_builtin=false, is_user=false, is_stdlib_extern=false, is_special=false, is_stdlib_inline=false
call: name=div_ceil_u64_impl, is_extern_c=false, is_builtin=false, is_user=false, is_stdlib_extern=false, is_special=false, is_stdlib_inline=false
call: name=div_ceil_u128_impl, is_extern_c=false, is_builtin=false, is_user=false, is_stdlib_extern=false, is_special=false, is_stdlib_inline=false
call: name=div_ceil_usize_impl, is_extern_c=false, is_builtin=false, is_user=false, is_stdlib_extern=false, is_special=false, is_stdlib_inline=false
call: name=exp_f64_impl, is_extern_c=false, is_builtin=false, is_user=false, is_stdlib_extern=false, is_special=false, is_stdlib_inline=false
call: name=exp_f32_impl, is_extern_c=false, is_builtin=false, is_user=false, is_stdlib_extern=false, is_special=false, is_stdlib_inline=false
call: name=exp_f16_impl, is_extern_c=false, is_builtin=false, is_user=false, is_stdlib_extern=false, is_special=false, is_stdlib_inline=false
call: name=exp_f128_impl, is_extern_c=false, is_builtin=false, is_user=false, is_stdlib_extern=false, is_special=false, is_stdlib_inline=false
call: name=type_name, is_extern_c=false, is_builtin=false, is_user=false, is_stdlib_extern=false, is_special=false, is_stdlib_inline=false
call: name=expm1_f64_impl, is_extern_c=false, is_builtin=false, is_user=false, is_stdlib_extern=false, is_special=false, is_stdlib_inline=false
call: name=expm1_f32_impl, is_extern_c=false, is_builtin=false, is_user=false, is_stdlib_extern=false, is_special=false, is_stdlib_inline=false
call: name=expm1_f16_impl, is_extern_c=false, is_builtin=false, is_user=false, is_stdlib_extern=false, is_special=false, is_stdlib_inline=false
call: name=expm1_f128_impl, is_extern_c=false, is_builtin=false, is_user=false, is_stdlib_extern=false, is_special=false, is_stdlib_inline=false
call: name=log_f64_impl, is_extern_c=false, is_builtin=false, is_user=false, is_stdlib_extern=false, is_special=false, is_stdlib_inline=false
call: name=log_f32_impl, is_extern_c=false, is_builtin=false, is_user=false, is_stdlib_extern=false, is_special=false, is_stdlib_inline=false
call: name=log_f16_impl, is_extern_c=false, is_builtin=false, is_user=false, is_stdlib_extern=false, is_special=false, is_stdlib_inline=false
call: name=log_f128_impl, is_extern_c=false, is_builtin=false, is_user=false, is_stdlib_extern=false, is_special=false, is_stdlib_inline=false
call: name=type_name, is_extern_c=false, is_builtin=false, is_user=false, is_stdlib_extern=false, is_special=false, is_stdlib_inline=false
call: name=log1p_f64_impl, is_extern_c=false, is_builtin=false, is_user=false, is_stdlib_extern=false, is_special=false, is_stdlib_inline=false
call: name=log1p_f32_impl, is_extern_c=false, is_builtin=false, is_user=false, is_stdlib_extern=false, is_special=false, is_stdlib_inline=false
call: name=log1p_f16_impl, is_extern_c=false, is_builtin=false, is_user=false, is_stdlib_extern=false, is_special=false, is_stdlib_inline=false
call: name=log1p_f128_impl, is_extern_c=false, is_builtin=false, is_user=false, is_stdlib_extern=false, is_special=false, is_stdlib_inline=false
call: name=sqrt_f64_impl, is_extern_c=false, is_builtin=false, is_user=false, is_stdlib_extern=false, is_special=false, is_stdlib_inline=false
call: name=sqrt_f32_impl, is_extern_c=false, is_builtin=false, is_user=false, is_stdlib_extern=false, is_special=false, is_stdlib_inline=false
call: name=sqrt_f16_impl, is_extern_c=false, is_builtin=false, is_user=false, is_stdlib_extern=false, is_special=false, is_stdlib_inline=false
call: name=sqrt_f128_impl, is_extern_c=false, is_builtin=false, is_user=false, is_stdlib_extern=false, is_special=false, is_stdlib_inline=false
call: name=type_name, is_extern_c=false, is_builtin=false, is_user=false, is_stdlib_extern=false, is_special=false, is_stdlib_inline=false
call: name=hypot_f64_impl, is_extern_c=false, is_builtin=false, is_user=false, is_stdlib_extern=false, is_special=false, is_stdlib_inline=false
call: name=hypot_f32_impl, is_extern_c=false, is_builtin=false, is_user=false, is_stdlib_extern=false, is_special=false, is_stdlib_inline=false
call: name=hypot_f16_impl, is_extern_c=false, is_builtin=false, is_user=false, is_stdlib_extern=false, is_special=false, is_stdlib_inline=false
call: name=hypot_f128_impl, is_extern_c=false, is_builtin=false, is_user=false, is_stdlib_extern=false, is_special=false, is_stdlib_inline=false
call: name=fmod_f64_impl, is_extern_c=false, is_builtin=false, is_user=false, is_stdlib_extern=false, is_special=false, is_stdlib_inline=false
call: name=fmod_f32_impl, is_extern_c=false, is_builtin=false, is_user=false, is_stdlib_extern=false, is_special=false, is_stdlib_inline=false
call: name=fmod_f16_impl, is_extern_c=false, is_builtin=false, is_user=false, is_stdlib_extern=false, is_special=false, is_stdlib_inline=false
call: name=fmod_f128_impl, is_extern_c=false, is_builtin=false, is_user=false, is_stdlib_extern=false, is_special=false, is_stdlib_inline=false
call: name=type_name, is_extern_c=false, is_builtin=false, is_user=false, is_stdlib_extern=false, is_special=false, is_stdlib_inline=false
call: name=sin_f64_impl, is_extern_c=false, is_builtin=false, is_user=false, is_stdlib_extern=false, is_special=false, is_stdlib_inline=false
call: name=sin_f32_impl, is_extern_c=false, is_builtin=false, is_user=false, is_stdlib_extern=false, is_special=false, is_stdlib_inline=false
call: name=sin_f16_impl, is_extern_c=false, is_builtin=false, is_user=false, is_stdlib_extern=false, is_special=false, is_stdlib_inline=false
call: name=sin_f128_impl, is_extern_c=false, is_builtin=false, is_user=false, is_stdlib_extern=false, is_special=false, is_stdlib_inline=false
call: name=sin_f64_impl, is_extern_c=false, is_builtin=false, is_user=false, is_stdlib_extern=false, is_special=false, is_stdlib_inline=false
call: name=sin_f32_impl, is_extern_c=false, is_builtin=false, is_user=false, is_stdlib_extern=false, is_special=false, is_stdlib_inline=false
call: name=sin_f16_impl, is_extern_c=false, is_builtin=false, is_user=false, is_stdlib_extern=false, is_special=false, is_stdlib_inline=false
call: name=sin_f128_impl, is_extern_c=false, is_builtin=false, is_user=false, is_stdlib_extern=false, is_special=false, is_stdlib_inline=false
call: name=type_name, is_extern_c=false, is_builtin=false, is_user=false, is_stdlib_extern=false, is_special=false, is_stdlib_inline=false
call: name=sin_f64_impl, is_extern_c=false, is_builtin=false, is_user=false, is_stdlib_extern=false, is_special=false, is_stdlib_inline=false
call: name=sin_f32_impl, is_extern_c=false, is_builtin=false, is_user=false, is_stdlib_extern=false, is_special=false, is_stdlib_inline=false
call: name=sin_f16_impl, is_extern_c=false, is_builtin=false, is_user=false, is_stdlib_extern=false, is_special=false, is_stdlib_inline=false
call: name=sin_f128_impl, is_extern_c=false, is_builtin=false, is_user=false, is_stdlib_extern=false, is_special=false, is_stdlib_inline=false
call: name=sin_f64_impl, is_extern_c=false, is_builtin=false, is_user=false, is_stdlib_extern=false, is_special=false, is_stdlib_inline=false
call: name=sin_f64_impl, is_extern_c=false, is_builtin=false, is_user=false, is_stdlib_extern=false, is_special=false, is_stdlib_inline=false
call: name=sin_f32_impl, is_extern_c=false, is_builtin=false, is_user=false, is_stdlib_extern=false, is_special=false, is_stdlib_inline=false
call: name=sin_f32_impl, is_extern_c=false, is_builtin=false, is_user=false, is_stdlib_extern=false, is_special=false, is_stdlib_inline=false
call: name=sin_f16_impl, is_extern_c=false, is_builtin=false, is_user=false, is_stdlib_extern=false, is_special=false, is_stdlib_inline=false
call: name=sin_f16_impl, is_extern_c=false, is_builtin=false, is_user=false, is_stdlib_extern=false, is_special=false, is_stdlib_inline=false
call: name=sin_f128_impl, is_extern_c=false, is_builtin=false, is_user=false, is_stdlib_extern=false, is_special=false, is_stdlib_inline=false
call: name=sin_f128_impl, is_extern_c=false, is_builtin=false, is_user=false, is_stdlib_extern=false, is_special=false, is_stdlib_inline=false
call: name=type_name, is_extern_c=false, is_builtin=false, is_user=false, is_stdlib_extern=false, is_special=false, is_stdlib_inline=false
call: name=tan_f64_impl, is_extern_c=false, is_builtin=false, is_user=false, is_stdlib_extern=false, is_special=false, is_stdlib_inline=false
call: name=tan_f32_impl, is_extern_c=false, is_builtin=false, is_user=false, is_stdlib_extern=false, is_special=false, is_stdlib_inline=false
call: name=tan_f16_impl, is_extern_c=false, is_builtin=false, is_user=false, is_stdlib_extern=false, is_special=false, is_stdlib_inline=false
call: name=tan_f128_impl, is_extern_c=false, is_builtin=false, is_user=false, is_stdlib_extern=false, is_special=false, is_stdlib_inline=false
call: name=exp_f64_impl, is_extern_c=false, is_builtin=false, is_user=false, is_stdlib_extern=false, is_special=false, is_stdlib_inline=false
call: name=exp_f64_impl, is_extern_c=false, is_builtin=false, is_user=false, is_stdlib_extern=false, is_special=false, is_stdlib_inline=false
call: name=exp_f32_impl, is_extern_c=false, is_builtin=false, is_user=false, is_stdlib_extern=false, is_special=false, is_stdlib_inline=false
call: name=exp_f32_impl, is_extern_c=false, is_builtin=false, is_user=false, is_stdlib_extern=false, is_special=false, is_stdlib_inline=false
call: name=exp_f16_impl, is_extern_c=false, is_builtin=false, is_user=false, is_stdlib_extern=false, is_special=false, is_stdlib_inline=false
call: name=exp_f16_impl, is_extern_c=false, is_builtin=false, is_user=false, is_stdlib_extern=false, is_special=false, is_stdlib_inline=false
call: name=exp_f128_impl, is_extern_c=false, is_builtin=false, is_user=false, is_stdlib_extern=false, is_special=false, is_stdlib_inline=false
call: name=exp_f128_impl, is_extern_c=false, is_builtin=false, is_user=false, is_stdlib_extern=false, is_special=false, is_stdlib_inline=false
call: name=type_name, is_extern_c=false, is_builtin=false, is_user=false, is_stdlib_extern=false, is_special=false, is_stdlib_inline=false
call: name=sinh_f64_impl, is_extern_c=false, is_builtin=false, is_user=false, is_stdlib_extern=false, is_special=false, is_stdlib_inline=false
call: name=sinh_f32_impl, is_extern_c=false, is_builtin=false, is_user=false, is_stdlib_extern=false, is_special=false, is_stdlib_inline=false
call: name=sinh_f16_impl, is_extern_c=false, is_builtin=false, is_user=false, is_stdlib_extern=false, is_special=false, is_stdlib_inline=false
call: name=sinh_f128_impl, is_extern_c=false, is_builtin=false, is_user=false, is_stdlib_extern=false, is_special=false, is_stdlib_inline=false
call: name=exp_f64_impl, is_extern_c=false, is_builtin=false, is_user=false, is_stdlib_extern=false, is_special=false, is_stdlib_inline=false
call: name=exp_f64_impl, is_extern_c=false, is_builtin=false, is_user=false, is_stdlib_extern=false, is_special=false, is_stdlib_inline=false
call: name=exp_f32_impl, is_extern_c=false, is_builtin=false, is_user=false, is_stdlib_extern=false, is_special=false, is_stdlib_inline=false
call: name=exp_f32_impl, is_extern_c=false, is_builtin=false, is_user=false, is_stdlib_extern=false, is_special=false, is_stdlib_inline=false
call: name=exp_f16_impl, is_extern_c=false, is_builtin=false, is_user=false, is_stdlib_extern=false, is_special=false, is_stdlib_inline=false
call: name=exp_f16_impl, is_extern_c=false, is_builtin=false, is_user=false, is_stdlib_extern=false, is_special=false, is_stdlib_inline=false
call: name=exp_f128_impl, is_extern_c=false, is_builtin=false, is_user=false, is_stdlib_extern=false, is_special=false, is_stdlib_inline=false
call: name=exp_f128_impl, is_extern_c=false, is_builtin=false, is_user=false, is_stdlib_extern=false, is_special=false, is_stdlib_inline=false
call: name=type_name, is_extern_c=false, is_builtin=false, is_user=false, is_stdlib_extern=false, is_special=false, is_stdlib_inline=false
call: name=cosh_f64_impl, is_extern_c=false, is_builtin=false, is_user=false, is_stdlib_extern=false, is_special=false, is_stdlib_inline=false
call: name=cosh_f32_impl, is_extern_c=false, is_builtin=false, is_user=false, is_stdlib_extern=false, is_special=false, is_stdlib_inline=false
call: name=cosh_f16_impl, is_extern_c=false, is_builtin=false, is_user=false, is_stdlib_extern=false, is_special=false, is_stdlib_inline=false
call: name=cosh_f128_impl, is_extern_c=false, is_builtin=false, is_user=false, is_stdlib_extern=false, is_special=false, is_stdlib_inline=false
call: name=exp_f64_impl, is_extern_c=false, is_builtin=false, is_user=false, is_stdlib_extern=false, is_special=false, is_stdlib_inline=false
call: name=exp_f64_impl, is_extern_c=false, is_builtin=false, is_user=false, is_stdlib_extern=false, is_special=false, is_stdlib_inline=false
call: name=exp_f32_impl, is_extern_c=false, is_builtin=false, is_user=false, is_stdlib_extern=false, is_special=false, is_stdlib_inline=false
call: name=exp_f32_impl, is_extern_c=false, is_builtin=false, is_user=false, is_stdlib_extern=false, is_special=false, is_stdlib_inline=false
call: name=exp_f16_impl, is_extern_c=false, is_builtin=false, is_user=false, is_stdlib_extern=false, is_special=false, is_stdlib_inline=false
call: name=exp_f16_impl, is_extern_c=false, is_builtin=false, is_user=false, is_stdlib_extern=false, is_special=false, is_stdlib_inline=false
call: name=exp_f128_impl, is_extern_c=false, is_builtin=false, is_user=false, is_stdlib_extern=false, is_special=false, is_stdlib_inline=false
call: name=exp_f128_impl, is_extern_c=false, is_builtin=false, is_user=false, is_stdlib_extern=false, is_special=false, is_stdlib_inline=false
call: name=type_name, is_extern_c=false, is_builtin=false, is_user=false, is_stdlib_extern=false, is_special=false, is_stdlib_inline=false
call: name=tanh_f64_impl, is_extern_c=false, is_builtin=false, is_user=false, is_stdlib_extern=false, is_special=false, is_stdlib_inline=false
call: name=tanh_f32_impl, is_extern_c=false, is_builtin=false, is_user=false, is_stdlib_extern=false, is_special=false, is_stdlib_inline=false
call: name=tanh_f16_impl, is_extern_c=false, is_builtin=false, is_user=false, is_stdlib_extern=false, is_special=false, is_stdlib_inline=false
call: name=tanh_f128_impl, is_extern_c=false, is_builtin=false, is_user=false, is_stdlib_extern=false, is_special=false, is_stdlib_inline=false
call: name=type_name, is_extern_c=false, is_builtin=false, is_user=false, is_stdlib_extern=false, is_special=false, is_stdlib_inline=false
call: name=atan_f64_impl, is_extern_c=false, is_builtin=false, is_user=false, is_stdlib_extern=false, is_special=false, is_stdlib_inline=false
call: name=atan_f32_impl, is_extern_c=false, is_builtin=false, is_user=false, is_stdlib_extern=false, is_special=false, is_stdlib_inline=false
call: name=atan_f16_impl, is_extern_c=false, is_builtin=false, is_user=false, is_stdlib_extern=false, is_special=false, is_stdlib_inline=false
call: name=atan_f128_impl, is_extern_c=false, is_builtin=false, is_user=false, is_stdlib_extern=false, is_special=false, is_stdlib_inline=false
call: name=atan_f64_impl, is_extern_c=false, is_builtin=false, is_user=false, is_stdlib_extern=false, is_special=false, is_stdlib_inline=false
call: name=sqrt_f64_impl, is_extern_c=false, is_builtin=false, is_user=false, is_stdlib_extern=false, is_special=false, is_stdlib_inline=false
call: name=atan_f32_impl, is_extern_c=false, is_builtin=false, is_user=false, is_stdlib_extern=false, is_special=false, is_stdlib_inline=false
call: name=sqrt_f32_impl, is_extern_c=false, is_builtin=false, is_user=false, is_stdlib_extern=false, is_special=false, is_stdlib_inline=false
call: name=atan_f16_impl, is_extern_c=false, is_builtin=false, is_user=false, is_stdlib_extern=false, is_special=false, is_stdlib_inline=false
call: name=sqrt_f16_impl, is_extern_c=false, is_builtin=false, is_user=false, is_stdlib_extern=false, is_special=false, is_stdlib_inline=false
call: name=atan_f128_impl, is_extern_c=false, is_builtin=false, is_user=false, is_stdlib_extern=false, is_special=false, is_stdlib_inline=false
call: name=sqrt_f128_impl, is_extern_c=false, is_builtin=false, is_user=false, is_stdlib_extern=false, is_special=false, is_stdlib_inline=false
call: name=type_name, is_extern_c=false, is_builtin=false, is_user=false, is_stdlib_extern=false, is_special=false, is_stdlib_inline=false
call: name=asin_f64_impl, is_extern_c=false, is_builtin=false, is_user=false, is_stdlib_extern=false, is_special=false, is_stdlib_inline=false
call: name=asin_f32_impl, is_extern_c=false, is_builtin=false, is_user=false, is_stdlib_extern=false, is_special=false, is_stdlib_inline=false
call: name=asin_f16_impl, is_extern_c=false, is_builtin=false, is_user=false, is_stdlib_extern=false, is_special=false, is_stdlib_inline=false
call: name=asin_f128_impl, is_extern_c=false, is_builtin=false, is_user=false, is_stdlib_extern=false, is_special=false, is_stdlib_inline=false
call: name=asin_f64_impl, is_extern_c=false, is_builtin=false, is_user=false, is_stdlib_extern=false, is_special=false, is_stdlib_inline=false
call: name=asin_f32_impl, is_extern_c=false, is_builtin=false, is_user=false, is_stdlib_extern=false, is_special=false, is_stdlib_inline=false
call: name=asin_f16_impl, is_extern_c=false, is_builtin=false, is_user=false, is_stdlib_extern=false, is_special=false, is_stdlib_inline=false
call: name=asin_f128_impl, is_extern_c=false, is_builtin=false, is_user=false, is_stdlib_extern=false, is_special=false, is_stdlib_inline=false
call: name=type_name, is_extern_c=false, is_builtin=false, is_user=false, is_stdlib_extern=false, is_special=false, is_stdlib_inline=false
call: name=asin_f64_impl, is_extern_c=false, is_builtin=false, is_user=false, is_stdlib_extern=false, is_special=false, is_stdlib_inline=false
call: name=asin_f32_impl, is_extern_c=false, is_builtin=false, is_user=false, is_stdlib_extern=false, is_special=false, is_stdlib_inline=false
call: name=asin_f16_impl, is_extern_c=false, is_builtin=false, is_user=false, is_stdlib_extern=false, is_special=false, is_stdlib_inline=false
call: name=asin_f128_impl, is_extern_c=false, is_builtin=false, is_user=false, is_stdlib_extern=false, is_special=false, is_stdlib_inline=false
call: name=atan_f64_impl, is_extern_c=false, is_builtin=false, is_user=false, is_stdlib_extern=false, is_special=false, is_stdlib_inline=false
call: name=atan_f64_impl, is_extern_c=false, is_builtin=false, is_user=false, is_stdlib_extern=false, is_special=false, is_stdlib_inline=false
call: name=atan_f64_impl, is_extern_c=false, is_builtin=false, is_user=false, is_stdlib_extern=false, is_special=false, is_stdlib_inline=false
call: name=atan_f32_impl, is_extern_c=false, is_builtin=false, is_user=false, is_stdlib_extern=false, is_special=false, is_stdlib_inline=false
call: name=atan_f32_impl, is_extern_c=false, is_builtin=false, is_user=false, is_stdlib_extern=false, is_special=false, is_stdlib_inline=false
call: name=atan_f32_impl, is_extern_c=false, is_builtin=false, is_user=false, is_stdlib_extern=false, is_special=false, is_stdlib_inline=false
call: name=atan_f16_impl, is_extern_c=false, is_builtin=false, is_user=false, is_stdlib_extern=false, is_special=false, is_stdlib_inline=false
call: name=atan_f16_impl, is_extern_c=false, is_builtin=false, is_user=false, is_stdlib_extern=false, is_special=false, is_stdlib_inline=false
call: name=atan_f16_impl, is_extern_c=false, is_builtin=false, is_user=false, is_stdlib_extern=false, is_special=false, is_stdlib_inline=false
call: name=atan_f128_impl, is_extern_c=false, is_builtin=false, is_user=false, is_stdlib_extern=false, is_special=false, is_stdlib_inline=false
call: name=atan_f128_impl, is_extern_c=false, is_builtin=false, is_user=false, is_stdlib_extern=false, is_special=false, is_stdlib_inline=false
call: name=atan_f128_impl, is_extern_c=false, is_builtin=false, is_user=false, is_stdlib_extern=false, is_special=false, is_stdlib_inline=false
call: name=type_name, is_extern_c=false, is_builtin=false, is_user=false, is_stdlib_extern=false, is_special=false, is_stdlib_inline=false
call: name=atan2_f64_impl, is_extern_c=false, is_builtin=false, is_user=false, is_stdlib_extern=false, is_special=false, is_stdlib_inline=false
call: name=atan2_f32_impl, is_extern_c=false, is_builtin=false, is_user=false, is_stdlib_extern=false, is_special=false, is_stdlib_inline=false
call: name=atan2_f16_impl, is_extern_c=false, is_builtin=false, is_user=false, is_stdlib_extern=false, is_special=false, is_stdlib_inline=false
call: name=atan2_f128_impl, is_extern_c=false, is_builtin=false, is_user=false, is_stdlib_extern=false, is_special=false, is_stdlib_inline=false
call: name=log_f64_impl, is_extern_c=false, is_builtin=false, is_user=false, is_stdlib_extern=false, is_special=false, is_stdlib_inline=false
call: name=sqrt_f64_impl, is_extern_c=false, is_builtin=false, is_user=false, is_stdlib_extern=false, is_special=false, is_stdlib_inline=false
call: name=log_f32_impl, is_extern_c=false, is_builtin=false, is_user=false, is_stdlib_extern=false, is_special=false, is_stdlib_inline=false
call: name=sqrt_f32_impl, is_extern_c=false, is_builtin=false, is_user=false, is_stdlib_extern=false, is_special=false, is_stdlib_inline=false
call: name=log_f16_impl, is_extern_c=false, is_builtin=false, is_user=false, is_stdlib_extern=false, is_special=false, is_stdlib_inline=false
call: name=sqrt_f16_impl, is_extern_c=false, is_builtin=false, is_user=false, is_stdlib_extern=false, is_special=false, is_stdlib_inline=false
call: name=log_f128_impl, is_extern_c=false, is_builtin=false, is_user=false, is_stdlib_extern=false, is_special=false, is_stdlib_inline=false
call: name=sqrt_f128_impl, is_extern_c=false, is_builtin=false, is_user=false, is_stdlib_extern=false, is_special=false, is_stdlib_inline=false
call: name=type_name, is_extern_c=false, is_builtin=false, is_user=false, is_stdlib_extern=false, is_special=false, is_stdlib_inline=false
call: name=log_f64_impl, is_extern_c=false, is_builtin=false, is_user=false, is_stdlib_extern=false, is_special=false, is_stdlib_inline=false
call: name=sqrt_f64_impl, is_extern_c=false, is_builtin=false, is_user=false, is_stdlib_extern=false, is_special=false, is_stdlib_inline=false
call: name=log_f32_impl, is_extern_c=false, is_builtin=false, is_user=false, is_stdlib_extern=false, is_special=false, is_stdlib_inline=false
call: name=sqrt_f32_impl, is_extern_c=false, is_builtin=false, is_user=false, is_stdlib_extern=false, is_special=false, is_stdlib_inline=false
call: name=log_f16_impl, is_extern_c=false, is_builtin=false, is_user=false, is_stdlib_extern=false, is_special=false, is_stdlib_inline=false
call: name=sqrt_f16_impl, is_extern_c=false, is_builtin=false, is_user=false, is_stdlib_extern=false, is_special=false, is_stdlib_inline=false
call: name=log_f128_impl, is_extern_c=false, is_builtin=false, is_user=false, is_stdlib_extern=false, is_special=false, is_stdlib_inline=false
call: name=sqrt_f128_impl, is_extern_c=false, is_builtin=false, is_user=false, is_stdlib_extern=false, is_special=false, is_stdlib_inline=false
call: name=log_f64_impl, is_extern_c=false, is_builtin=false, is_user=false, is_stdlib_extern=false, is_special=false, is_stdlib_inline=false
call: name=sqrt_f64_impl, is_extern_c=false, is_builtin=false, is_user=false, is_stdlib_extern=false, is_special=false, is_stdlib_inline=false
call: name=log_f32_impl, is_extern_c=false, is_builtin=false, is_user=false, is_stdlib_extern=false, is_special=false, is_stdlib_inline=false
call: name=sqrt_f32_impl, is_extern_c=false, is_builtin=false, is_user=false, is_stdlib_extern=false, is_special=false, is_stdlib_inline=false
call: name=log_f16_impl, is_extern_c=false, is_builtin=false, is_user=false, is_stdlib_extern=false, is_special=false, is_stdlib_inline=false
call: name=sqrt_f16_impl, is_extern_c=false, is_builtin=false, is_user=false, is_stdlib_extern=false, is_special=false, is_stdlib_inline=false
call: name=log_f128_impl, is_extern_c=false, is_builtin=false, is_user=false, is_stdlib_extern=false, is_special=false, is_stdlib_inline=false
call: name=sqrt_f128_impl, is_extern_c=false, is_builtin=false, is_user=false, is_stdlib_extern=false, is_special=false, is_stdlib_inline=false
call: name=type_name, is_extern_c=false, is_builtin=false, is_user=false, is_stdlib_extern=false, is_special=false, is_stdlib_inline=false
call: name=acosh_f64_impl, is_extern_c=false, is_builtin=false, is_user=false, is_stdlib_extern=false, is_special=false, is_stdlib_inline=false
call: name=acosh_f32_impl, is_extern_c=false, is_builtin=false, is_user=false, is_stdlib_extern=false, is_special=false, is_stdlib_inline=false
call: name=acosh_f16_impl, is_extern_c=false, is_builtin=false, is_user=false, is_stdlib_extern=false, is_special=false, is_stdlib_inline=false
call: name=acosh_f128_impl, is_extern_c=false, is_builtin=false, is_user=false, is_stdlib_extern=false, is_special=false, is_stdlib_inline=false
call: name=log_f64_impl, is_extern_c=false, is_builtin=false, is_user=false, is_stdlib_extern=false, is_special=false, is_stdlib_inline=false
call: name=log_f32_impl, is_extern_c=false, is_builtin=false, is_user=false, is_stdlib_extern=false, is_special=false, is_stdlib_inline=false
call: name=log_f16_impl, is_extern_c=false, is_builtin=false, is_user=false, is_stdlib_extern=false, is_special=false, is_stdlib_inline=false
call: name=log_f128_impl, is_extern_c=false, is_builtin=false, is_user=false, is_stdlib_extern=false, is_special=false, is_stdlib_inline=false
call: name=type_name, is_extern_c=false, is_builtin=false, is_user=false, is_stdlib_extern=false, is_special=false, is_stdlib_inline=false
call: name=atanh_f64_impl, is_extern_c=false, is_builtin=false, is_user=false, is_stdlib_extern=false, is_special=false, is_stdlib_inline=false
call: name=atanh_f32_impl, is_extern_c=false, is_builtin=false, is_user=false, is_stdlib_extern=false, is_special=false, is_stdlib_inline=false
call: name=atanh_f16_impl, is_extern_c=false, is_builtin=false, is_user=false, is_stdlib_extern=false, is_special=false, is_stdlib_inline=false
call: name=atanh_f128_impl, is_extern_c=false, is_builtin=false, is_user=false, is_stdlib_extern=false, is_special=false, is_stdlib_inline=false
call: name=type_name, is_extern_c=false, is_builtin=false, is_user=false, is_stdlib_extern=false, is_special=false, is_stdlib_inline=false
call: name=type_name, is_extern_c=false, is_builtin=false, is_user=false, is_stdlib_extern=false, is_special=false, is_stdlib_inline=false
call: name=floor_f64_impl, is_extern_c=false, is_builtin=false, is_user=false, is_stdlib_extern=false, is_special=false, is_stdlib_inline=false
call: name=floor_f32_impl, is_extern_c=false, is_builtin=false, is_user=false, is_stdlib_extern=false, is_special=false, is_stdlib_inline=false
call: name=floor_f16_impl, is_extern_c=false, is_builtin=false, is_user=false, is_stdlib_extern=false, is_special=false, is_stdlib_inline=false
call: name=floor_f128_impl, is_extern_c=false, is_builtin=false, is_user=false, is_stdlib_extern=false, is_special=false, is_stdlib_inline=false
call: name=type_name, is_extern_c=false, is_builtin=false, is_user=false, is_stdlib_extern=false, is_special=false, is_stdlib_inline=false
call: name=ceil_f64_impl, is_extern_c=false, is_builtin=false, is_user=false, is_stdlib_extern=false, is_special=false, is_stdlib_inline=false
call: name=ceil_f32_impl, is_extern_c=false, is_builtin=false, is_user=false, is_stdlib_extern=false, is_special=false, is_stdlib_inline=false
call: name=ceil_f16_impl, is_extern_c=false, is_builtin=false, is_user=false, is_stdlib_extern=false, is_special=false, is_stdlib_inline=false
call: name=ceil_f128_impl, is_extern_c=false, is_builtin=false, is_user=false, is_stdlib_extern=false, is_special=false, is_stdlib_inline=false
call: name=type_name, is_extern_c=false, is_builtin=false, is_user=false, is_stdlib_extern=false, is_special=false, is_stdlib_inline=false
call: name=round_f64_impl, is_extern_c=false, is_builtin=false, is_user=false, is_stdlib_extern=false, is_special=false, is_stdlib_inline=false
call: name=round_f32_impl, is_extern_c=false, is_builtin=false, is_user=false, is_stdlib_extern=false, is_special=false, is_stdlib_inline=false
call: name=round_f16_impl, is_extern_c=false, is_builtin=false, is_user=false, is_stdlib_extern=false, is_special=false, is_stdlib_inline=false
call: name=round_f128_impl, is_extern_c=false, is_builtin=false, is_user=false, is_stdlib_extern=false, is_special=false, is_stdlib_inline=false
call: name=type_name, is_extern_c=false, is_builtin=false, is_user=false, is_stdlib_extern=false, is_special=false, is_stdlib_inline=false
call: name=type_name, is_extern_c=false, is_builtin=false, is_user=false, is_stdlib_extern=false, is_special=false, is_stdlib_inline=false
call: name=type_name, is_extern_c=false, is_builtin=false, is_user=false, is_stdlib_extern=false, is_special=false, is_stdlib_inline=false
call: name=fmod_f64_impl, is_extern_c=false, is_builtin=false, is_user=false, is_stdlib_extern=false, is_special=false, is_stdlib_inline=false
call: name=fmod_f32_impl, is_extern_c=false, is_builtin=false, is_user=false, is_stdlib_extern=false, is_special=false, is_stdlib_inline=false
call: name=fmod_f16_impl, is_extern_c=false, is_builtin=false, is_user=false, is_stdlib_extern=false, is_special=false, is_stdlib_inline=false
call: name=fmod_f128_impl, is_extern_c=false, is_builtin=false, is_user=false, is_stdlib_extern=false, is_special=false, is_stdlib_inline=false
call: name=type_name, is_extern_c=false, is_builtin=false, is_user=false, is_stdlib_extern=false, is_special=false, is_stdlib_inline=false
call: name=ldexp_f64_impl, is_extern_c=false, is_builtin=false, is_user=false, is_stdlib_extern=false, is_special=false, is_stdlib_inline=false
call: name=ldexp_f32_impl, is_extern_c=false, is_builtin=false, is_user=false, is_stdlib_extern=false, is_special=false, is_stdlib_inline=false
call: name=ldexp_f16_impl, is_extern_c=false, is_builtin=false, is_user=false, is_stdlib_extern=false, is_special=false, is_stdlib_inline=false
call: name=ldexp_f128_impl, is_extern_c=false, is_builtin=false, is_user=false, is_stdlib_extern=false, is_special=false, is_stdlib_inline=false
call: name=type_name, is_extern_c=false, is_builtin=false, is_user=false, is_stdlib_extern=false, is_special=false, is_stdlib_inline=false
call: name=frexp_f64_mantissa_impl, is_extern_c=false, is_builtin=false, is_user=false, is_stdlib_extern=false, is_special=false, is_stdlib_inline=false
call: name=frexp_f32_mantissa_impl, is_extern_c=false, is_builtin=false, is_user=false, is_stdlib_extern=false, is_special=false, is_stdlib_inline=false
call: name=frexp_f16_mantissa_impl, is_extern_c=false, is_builtin=false, is_user=false, is_stdlib_extern=false, is_special=false, is_stdlib_inline=false
call: name=frexp_f128_mantissa_impl, is_extern_c=false, is_builtin=false, is_user=false, is_stdlib_extern=false, is_special=false, is_stdlib_inline=false
call: name=type_name, is_extern_c=false, is_builtin=false, is_user=false, is_stdlib_extern=false, is_special=false, is_stdlib_inline=false
call: name=frexp_f64_exponent_impl, is_extern_c=false, is_builtin=false, is_user=false, is_stdlib_extern=false, is_special=false, is_stdlib_inline=false
call: name=frexp_f32_exponent_impl, is_extern_c=false, is_builtin=false, is_user=false, is_stdlib_extern=false, is_special=false, is_stdlib_inline=false
call: name=frexp_f16_exponent_impl, is_extern_c=false, is_builtin=false, is_user=false, is_stdlib_extern=false, is_special=false, is_stdlib_inline=false
call: name=frexp_f128_exponent_impl, is_extern_c=false, is_builtin=false, is_user=false, is_stdlib_extern=false, is_special=false, is_stdlib_inline=false
call: name=type_name, is_extern_c=false, is_builtin=false, is_user=false, is_stdlib_extern=false, is_special=false, is_stdlib_inline=false
call: name=type_name, is_extern_c=false, is_builtin=false, is_user=false, is_stdlib_extern=false, is_special=false, is_stdlib_inline=false
call: name=type_name, is_extern_c=false, is_builtin=false, is_user=false, is_stdlib_extern=false, is_special=false, is_stdlib_inline=false
call: name=ilogb_f64_impl, is_extern_c=false, is_builtin=false, is_user=false, is_stdlib_extern=false, is_special=false, is_stdlib_inline=false
call: name=ilogb_f32_impl, is_extern_c=false, is_builtin=false, is_user=false, is_stdlib_extern=false, is_special=false, is_stdlib_inline=false
call: name=ilogb_f16_impl, is_extern_c=false, is_builtin=false, is_user=false, is_stdlib_extern=false, is_special=false, is_stdlib_inline=false
call: name=ilogb_f128_impl, is_extern_c=false, is_builtin=false, is_user=false, is_stdlib_extern=false, is_special=false, is_stdlib_inline=false
call: name=ilogb_f64_impl, is_extern_c=false, is_builtin=false, is_user=false, is_stdlib_extern=false, is_special=false, is_stdlib_inline=false
call: name=ilogb_f32_impl, is_extern_c=false, is_builtin=false, is_user=false, is_stdlib_extern=false, is_special=false, is_stdlib_inline=false
call: name=ilogb_f16_impl, is_extern_c=false, is_builtin=false, is_user=false, is_stdlib_extern=false, is_special=false, is_stdlib_inline=false
call: name=ilogb_f128_impl, is_extern_c=false, is_builtin=false, is_user=false, is_stdlib_extern=false, is_special=false, is_stdlib_inline=false
call: name=type_name, is_extern_c=false, is_builtin=false, is_user=false, is_stdlib_extern=false, is_special=false, is_stdlib_inline=false
call: name=ilogb_f64_impl, is_extern_c=false, is_builtin=false, is_user=false, is_stdlib_extern=false, is_special=false, is_stdlib_inline=false
call: name=ilogb_f32_impl, is_extern_c=false, is_builtin=false, is_user=false, is_stdlib_extern=false, is_special=false, is_stdlib_inline=false
call: name=ilogb_f16_impl, is_extern_c=false, is_builtin=false, is_user=false, is_stdlib_extern=false, is_special=false, is_stdlib_inline=false
call: name=ilogb_f128_impl, is_extern_c=false, is_builtin=false, is_user=false, is_stdlib_extern=false, is_special=false, is_stdlib_inline=false
call: name=ldexp_f64_impl, is_extern_c=false, is_builtin=false, is_user=false, is_stdlib_extern=false, is_special=false, is_stdlib_inline=false
call: name=ldexp_f32_impl, is_extern_c=false, is_builtin=false, is_user=false, is_stdlib_extern=false, is_special=false, is_stdlib_inline=false
call: name=ldexp_f16_impl, is_extern_c=false, is_builtin=false, is_user=false, is_stdlib_extern=false, is_special=false, is_stdlib_inline=false
call: name=ldexp_f128_impl, is_extern_c=false, is_builtin=false, is_user=false, is_stdlib_extern=false, is_special=false, is_stdlib_inline=false
call: name=type_name, is_extern_c=false, is_builtin=false, is_user=false, is_stdlib_extern=false, is_special=false, is_stdlib_inline=false
call: name=ldexp_f64_impl, is_extern_c=false, is_builtin=false, is_user=false, is_stdlib_extern=false, is_special=false, is_stdlib_inline=false
call: name=ldexp_f32_impl, is_extern_c=false, is_builtin=false, is_user=false, is_stdlib_extern=false, is_special=false, is_stdlib_inline=false
call: name=ldexp_f16_impl, is_extern_c=false, is_builtin=false, is_user=false, is_stdlib_extern=false, is_special=false, is_stdlib_inline=false
call: name=ldexp_f128_impl, is_extern_c=false, is_builtin=false, is_user=false, is_stdlib_extern=false, is_special=false, is_stdlib_inline=false
call: name=__terminal_enable_raw_mode, is_extern_c=true, is_builtin=false, is_user=false, is_stdlib_extern=true, is_special=false, is_stdlib_inline=true
call: name=__terminal_read_key_bytes, is_extern_c=true, is_builtin=false, is_user=false, is_stdlib_extern=true, is_special=false, is_stdlib_inline=true
call: name=__terminal_read_key_bytes, is_extern_c=true, is_builtin=false, is_user=false, is_stdlib_extern=true, is_special=false, is_stdlib_inline=true
call: name=__terminal_read_key_bytes, is_extern_c=true, is_builtin=false, is_user=false, is_stdlib_extern=true, is_special=false, is_stdlib_inline=true
call: name=__terminal_read_key_bytes, is_extern_c=true, is_builtin=false, is_user=false, is_stdlib_extern=true, is_special=false, is_stdlib_inline=true
call: name=__terminal_read_key_bytes, is_extern_c=true, is_builtin=false, is_user=false, is_stdlib_extern=true, is_special=false, is_stdlib_inline=true
call: name=__terminal_read_key_bytes, is_extern_c=true, is_builtin=false, is_user=false, is_stdlib_extern=true, is_special=false, is_stdlib_inline=true
call: name=key_read, is_extern_c=false, is_builtin=false, is_user=false, is_stdlib_extern=false, is_special=false, is_stdlib_inline=false
call: name=key_read, is_extern_c=false, is_builtin=false, is_user=false, is_stdlib_extern=false, is_special=false, is_stdlib_inline=false
call: name=__reflect_kind, is_extern_c=false, is_builtin=true, is_user=false, is_stdlib_extern=false, is_special=false, is_stdlib_inline=false
call: name=__reflect_type_name, is_extern_c=false, is_builtin=true, is_user=false, is_stdlib_extern=false, is_special=false, is_stdlib_inline=false
call: name=__reflect_size, is_extern_c=false, is_builtin=true, is_user=false, is_stdlib_extern=false, is_special=false, is_stdlib_inline=false
call: name=__reflect_field_count, is_extern_c=false, is_builtin=true, is_user=false, is_stdlib_extern=false, is_special=false, is_stdlib_inline=false
call: name=__reflect_field_name, is_extern_c=false, is_builtin=true, is_user=false, is_stdlib_extern=false, is_special=false, is_stdlib_inline=false
call: name=__reflect_field_value, is_extern_c=false, is_builtin=true, is_user=false, is_stdlib_extern=false, is_special=false, is_stdlib_inline=false
call: name=__reflect_array_len, is_extern_c=false, is_builtin=true, is_user=false, is_stdlib_extern=false, is_special=false, is_stdlib_inline=false
call: name=__reflect_adt_constructor, is_extern_c=false, is_builtin=true, is_user=false, is_stdlib_extern=false, is_special=false, is_stdlib_inline=false
call: name=__str_utf8_char_len_at, is_extern_c=true, is_builtin=false, is_user=false, is_stdlib_extern=true, is_special=true, is_stdlib_inline=false
call: name=__str_utf8_decode_at, is_extern_c=true, is_builtin=false, is_user=false, is_stdlib_extern=true, is_special=true, is_stdlib_inline=false
call: name=join_segments_to_str, is_extern_c=false, is_builtin=false, is_user=false, is_stdlib_extern=false, is_special=false, is_stdlib_inline=false
call: name=path_from, is_extern_c=false, is_builtin=false, is_user=false, is_stdlib_extern=false, is_special=false, is_stdlib_inline=false
call: name=last_index_of, is_extern_c=false, is_builtin=false, is_user=false, is_stdlib_extern=false, is_special=false, is_stdlib_inline=false
call: name=__file_close, is_extern_c=false, is_builtin=false, is_user=false, is_stdlib_extern=false, is_special=false, is_stdlib_inline=false
call: name=__file_read_into, is_extern_c=true, is_builtin=false, is_user=false, is_stdlib_extern=true, is_special=false, is_stdlib_inline=true
call: name=__file_write, is_extern_c=true, is_builtin=false, is_user=false, is_stdlib_extern=true, is_special=false, is_stdlib_inline=true
call: name=__file_seek, is_extern_c=false, is_builtin=false, is_user=false, is_stdlib_extern=false, is_special=false, is_stdlib_inline=false
call: name=__file_fstat, is_extern_c=false, is_builtin=false, is_user=false, is_stdlib_extern=false, is_special=false, is_stdlib_inline=false
call: name=__instant_now_ns, is_extern_c=true, is_builtin=false, is_user=false, is_stdlib_extern=true, is_special=false, is_stdlib_inline=true
call: name=to_local_components, is_extern_c=false, is_builtin=false, is_user=false, is_stdlib_extern=false, is_special=false, is_stdlib_inline=false
call: name=to_utc_components, is_extern_c=false, is_builtin=false, is_user=false, is_stdlib_extern=false, is_special=false, is_stdlib_inline=false
call: name=pad_int, is_extern_c=false, is_builtin=false, is_user=false, is_stdlib_extern=false, is_special=false, is_stdlib_inline=false
call: name=pad_int, is_extern_c=false, is_builtin=false, is_user=false, is_stdlib_extern=false, is_special=false, is_stdlib_inline=false
call: name=pad_int, is_extern_c=false, is_builtin=false, is_user=false, is_stdlib_extern=false, is_special=false, is_stdlib_inline=false
call: name=pad_int, is_extern_c=false, is_builtin=false, is_user=false, is_stdlib_extern=false, is_special=false, is_stdlib_inline=false
call: name=pad_int, is_extern_c=false, is_builtin=false, is_user=false, is_stdlib_extern=false, is_special=false, is_stdlib_inline=false
call: name=pad_int, is_extern_c=false, is_builtin=false, is_user=false, is_stdlib_extern=false, is_special=false, is_stdlib_inline=false
call: name=pad_int, is_extern_c=false, is_builtin=false, is_user=false, is_stdlib_extern=false, is_special=false, is_stdlib_inline=false
call: name=pad_int, is_extern_c=false, is_builtin=false, is_user=false, is_stdlib_extern=false, is_special=false, is_stdlib_inline=false
call: name=month_name, is_extern_c=false, is_builtin=false, is_user=false, is_stdlib_extern=false, is_special=false, is_stdlib_inline=false
call: name=month_abbr, is_extern_c=false, is_builtin=false, is_user=false, is_stdlib_extern=false, is_special=false, is_stdlib_inline=false
call: name=pad_int, is_extern_c=false, is_builtin=false, is_user=false, is_stdlib_extern=false, is_special=false, is_stdlib_inline=false
call: name=pad_int, is_extern_c=false, is_builtin=false, is_user=false, is_stdlib_extern=false, is_special=false, is_stdlib_inline=false
call: name=__str_array_join, is_extern_c=true, is_builtin=false, is_user=false, is_stdlib_extern=true, is_special=true, is_stdlib_inline=false
call: name=pad_int, is_extern_c=false, is_builtin=false, is_user=false, is_stdlib_extern=false, is_special=false, is_stdlib_inline=false
call: name=pad_int, is_extern_c=false, is_builtin=false, is_user=false, is_stdlib_extern=false, is_special=false, is_stdlib_inline=false
call: name=pad_int, is_extern_c=false, is_builtin=false, is_user=false, is_stdlib_extern=false, is_special=false, is_stdlib_inline=false
call: name=pad_int, is_extern_c=false, is_builtin=false, is_user=false, is_stdlib_extern=false, is_special=false, is_stdlib_inline=false
call: name=pad_int, is_extern_c=false, is_builtin=false, is_user=false, is_stdlib_extern=false, is_special=false, is_stdlib_inline=false
call: name=pad_int, is_extern_c=false, is_builtin=false, is_user=false, is_stdlib_extern=false, is_special=false, is_stdlib_inline=false
call: name=u32, is_extern_c=false, is_builtin=false, is_user=false, is_stdlib_extern=false, is_special=false, is_stdlib_inline=false
call: name=u8, is_extern_c=false, is_builtin=false, is_user=false, is_stdlib_extern=false, is_special=false, is_stdlib_inline=false
call: name=u64, is_extern_c=false, is_builtin=false, is_user=false, is_stdlib_extern=false, is_special=false, is_stdlib_inline=false
call: name=u16, is_extern_c=false, is_builtin=false, is_user=false, is_stdlib_extern=false, is_special=false, is_stdlib_inline=false
call: name=__net_tcp_read, is_extern_c=true, is_builtin=false, is_user=false, is_stdlib_extern=true, is_special=false, is_stdlib_inline=true
call: name=__net_tcp_write, is_extern_c=true, is_builtin=false, is_user=false, is_stdlib_extern=true, is_special=false, is_stdlib_inline=true
call: name=__net_tcp_close, is_extern_c=false, is_builtin=false, is_user=false, is_stdlib_extern=false, is_special=false, is_stdlib_inline=false
call: name=__net_tcp_accept, is_extern_c=true, is_builtin=false, is_user=false, is_stdlib_extern=true, is_special=false, is_stdlib_inline=true
call: name=__net_tcp_close, is_extern_c=false, is_builtin=false, is_user=false, is_stdlib_extern=false, is_special=false, is_stdlib_inline=false
call: name=__net_udp_send_to, is_extern_c=false, is_builtin=false, is_user=false, is_stdlib_extern=false, is_special=false, is_stdlib_inline=false
call: name=__net_udp_recv_from_v4, is_extern_c=true, is_builtin=false, is_user=false, is_stdlib_extern=true, is_special=false, is_stdlib_inline=true
call: name=__net_udp_recv_from_v6, is_extern_c=true, is_builtin=false, is_user=false, is_stdlib_extern=true, is_special=false, is_stdlib_inline=true
call: name=__net_tcp_close, is_extern_c=false, is_builtin=false, is_user=false, is_stdlib_extern=false, is_special=false, is_stdlib_inline=false
call: name=__terminal_disable_raw_mode, is_extern_c=true, is_builtin=false, is_user=false, is_stdlib_extern=true, is_special=false, is_stdlib_inline=true
call: name=__terminal_get_size_into, is_extern_c=true, is_builtin=false, is_user=false, is_stdlib_extern=true, is_special=false, is_stdlib_inline=true
call: name=__terminal_write_raw_bytes, is_extern_c=true, is_builtin=false, is_user=false, is_stdlib_extern=true, is_special=false, is_stdlib_inline=true
call: name=key_read_blocking, is_extern_c=false, is_builtin=false, is_user=false, is_stdlib_extern=false, is_special=false, is_stdlib_inline=false
call: name=key_read, is_extern_c=false, is_builtin=false, is_user=false, is_stdlib_extern=false, is_special=false, is_stdlib_inline=false
call: name=key_read_nonblocking, is_extern_c=false, is_builtin=false, is_user=false, is_stdlib_extern=false, is_special=false, is_stdlib_inline=false
call: name=cursor_save, is_extern_c=false, is_builtin=false, is_user=false, is_stdlib_extern=false, is_special=false, is_stdlib_inline=false
call: name=cursor_restore, is_extern_c=false, is_builtin=false, is_user=false, is_stdlib_extern=false, is_special=false, is_stdlib_inline=false
call: name=screen_clear_and_home, is_extern_c=false, is_builtin=false, is_user=false, is_stdlib_extern=false, is_special=false, is_stdlib_inline=false
call: name=screen_clear, is_extern_c=false, is_builtin=false, is_user=false, is_stdlib_extern=false, is_special=false, is_stdlib_inline=false
call: name=clear_to_end_of_line, is_extern_c=false, is_builtin=false, is_user=false, is_stdlib_extern=false, is_special=false, is_stdlib_inline=false
call: name=bold, is_extern_c=false, is_builtin=false, is_user=false, is_stdlib_extern=false, is_special=false, is_stdlib_inline=false
call: name=italic, is_extern_c=false, is_builtin=false, is_user=false, is_stdlib_extern=false, is_special=false, is_stdlib_inline=false
call: name=underline, is_extern_c=false, is_builtin=false, is_user=false, is_stdlib_extern=false, is_special=false, is_stdlib_inline=false
call: name=inverse, is_extern_c=false, is_builtin=false, is_user=false, is_stdlib_extern=false, is_special=false, is_stdlib_inline=false
call: name=reset, is_extern_c=false, is_builtin=false, is_user=false, is_stdlib_extern=false, is_special=false, is_stdlib_inline=false
call: name=fg_black, is_extern_c=false, is_builtin=false, is_user=false, is_stdlib_extern=false, is_special=false, is_stdlib_inline=false
call: name=fg_red, is_extern_c=false, is_builtin=false, is_user=false, is_stdlib_extern=false, is_special=false, is_stdlib_inline=false
call: name=fg_green, is_extern_c=false, is_builtin=false, is_user=false, is_stdlib_extern=false, is_special=false, is_stdlib_inline=false
call: name=fg_yellow, is_extern_c=false, is_builtin=false, is_user=false, is_stdlib_extern=false, is_special=false, is_stdlib_inline=false
call: name=fg_blue, is_extern_c=false, is_builtin=false, is_user=false, is_stdlib_extern=false, is_special=false, is_stdlib_inline=false
call: name=fg_magenta, is_extern_c=false, is_builtin=false, is_user=false, is_stdlib_extern=false, is_special=false, is_stdlib_inline=false
call: name=fg_cyan, is_extern_c=false, is_builtin=false, is_user=false, is_stdlib_extern=false, is_special=false, is_stdlib_inline=false
call: name=fg_white, is_extern_c=false, is_builtin=false, is_user=false, is_stdlib_extern=false, is_special=false, is_stdlib_inline=false
call: name=fg_default, is_extern_c=false, is_builtin=false, is_user=false, is_stdlib_extern=false, is_special=false, is_stdlib_inline=false
call: name=bg_black, is_extern_c=false, is_builtin=false, is_user=false, is_stdlib_extern=false, is_special=false, is_stdlib_inline=false
call: name=bg_red, is_extern_c=false, is_builtin=false, is_user=false, is_stdlib_extern=false, is_special=false, is_stdlib_inline=false
call: name=bg_green, is_extern_c=false, is_builtin=false, is_user=false, is_stdlib_extern=false, is_special=false, is_stdlib_inline=false
call: name=bg_yellow, is_extern_c=false, is_builtin=false, is_user=false, is_stdlib_extern=false, is_special=false, is_stdlib_inline=false
call: name=bg_blue, is_extern_c=false, is_builtin=false, is_user=false, is_stdlib_extern=false, is_special=false, is_stdlib_inline=false
call: name=bg_magenta, is_extern_c=false, is_builtin=false, is_user=false, is_stdlib_extern=false, is_special=false, is_stdlib_inline=false
call: name=bg_cyan, is_extern_c=false, is_builtin=false, is_user=false, is_stdlib_extern=false, is_special=false, is_stdlib_inline=false
call: name=bg_white, is_extern_c=false, is_builtin=false, is_user=false, is_stdlib_extern=false, is_special=false, is_stdlib_inline=false
call: name=bg_default, is_extern_c=false, is_builtin=false, is_user=false, is_stdlib_extern=false, is_special=false, is_stdlib_inline=false
call: name=decode_single_byte, is_extern_c=false, is_builtin=false, is_user=false, is_stdlib_extern=false, is_special=false, is_stdlib_inline=false
call: name=decode_csi_with_tilde, is_extern_c=false, is_builtin=false, is_user=false, is_stdlib_extern=false, is_special=false, is_stdlib_inline=false
call: name=decode_csi_no_tilde, is_extern_c=false, is_builtin=false, is_user=false, is_stdlib_extern=false, is_special=false, is_stdlib_inline=false
call: name=println, is_extern_c=false, is_builtin=false, is_user=false, is_stdlib_extern=false, is_special=false, is_stdlib_inline=false
call: name=println, is_extern_c=false, is_builtin=false, is_user=false, is_stdlib_extern=false, is_special=false, is_stdlib_inline=false
call: name=println, is_extern_c=false, is_builtin=false, is_user=false, is_stdlib_extern=false, is_special=false, is_stdlib_inline=false
call: name=println, is_extern_c=false, is_builtin=false, is_user=false, is_stdlib_extern=false, is_special=false, is_stdlib_inline=false
call: name=println, is_extern_c=false, is_builtin=false, is_user=false, is_stdlib_extern=false, is_special=false, is_stdlib_inline=false
call: name=lstLen, is_extern_c=false, is_builtin=false, is_user=false, is_stdlib_extern=false, is_special=false, is_stdlib_inline=false
call: name=lstLen, is_extern_c=false, is_builtin=false, is_user=false, is_stdlib_extern=false, is_special=false, is_stdlib_inline=false
call: name=lstSum, is_extern_c=false, is_builtin=false, is_user=false, is_stdlib_extern=false, is_special=false, is_stdlib_inline=false
call: name=lstSum, is_extern_c=false, is_builtin=false, is_user=false, is_stdlib_extern=false, is_special=false, is_stdlib_inline=false
call: name=println, is_extern_c=false, is_builtin=false, is_user=false, is_stdlib_extern=false, is_special=false, is_stdlib_inline=false
call: name=check, is_extern_c=false, is_builtin=false, is_user=false, is_stdlib_extern=false, is_special=false, is_stdlib_inline=false
call: name=check, is_extern_c=false, is_builtin=false, is_user=false, is_stdlib_extern=false, is_special=false, is_stdlib_inline=false
call: name=check, is_extern_c=false, is_builtin=false, is_user=false, is_stdlib_extern=false, is_special=false, is_stdlib_inline=false
call: name=check, is_extern_c=false, is_builtin=false, is_user=false, is_stdlib_extern=false, is_special=false, is_stdlib_inline=false
call: name=check, is_extern_c=false, is_builtin=false, is_user=false, is_stdlib_extern=false, is_special=false, is_stdlib_inline=false
call: name=check, is_extern_c=false, is_builtin=false, is_user=false, is_stdlib_extern=false, is_special=false, is_stdlib_inline=false
call: name=check, is_extern_c=false, is_builtin=false, is_user=false, is_stdlib_extern=false, is_special=false, is_stdlib_inline=false
call: name=check, is_extern_c=false, is_builtin=false, is_user=false, is_stdlib_extern=false, is_special=false, is_stdlib_inline=false
call: name=shapeArea, is_extern_c=false, is_builtin=false, is_user=false, is_stdlib_extern=false, is_special=false, is_stdlib_inline=false
call: name=check, is_extern_c=false, is_builtin=false, is_user=false, is_stdlib_extern=false, is_special=false, is_stdlib_inline=false
call: name=shapeArea, is_extern_c=false, is_builtin=false, is_user=false, is_stdlib_extern=false, is_special=false, is_stdlib_inline=false
call: name=check, is_extern_c=false, is_builtin=false, is_user=false, is_stdlib_extern=false, is_special=false, is_stdlib_inline=false
call: name=optMap, is_extern_c=false, is_builtin=false, is_user=false, is_stdlib_extern=false, is_special=false, is_stdlib_inline=false
call: name=check, is_extern_c=false, is_builtin=false, is_user=false, is_stdlib_extern=false, is_special=false, is_stdlib_inline=false
call: name=optIsSome, is_extern_c=false, is_builtin=false, is_user=false, is_stdlib_extern=false, is_special=false, is_stdlib_inline=false
call: name=check, is_extern_c=false, is_builtin=false, is_user=false, is_stdlib_extern=false, is_special=false, is_stdlib_inline=false
call: name=optIsSome, is_extern_c=false, is_builtin=false, is_user=false, is_stdlib_extern=false, is_special=false, is_stdlib_inline=false
call: name=check, is_extern_c=false, is_builtin=false, is_user=false, is_stdlib_extern=false, is_special=false, is_stdlib_inline=false
call: name=optMap, is_extern_c=false, is_builtin=false, is_user=false, is_stdlib_extern=false, is_special=false, is_stdlib_inline=false
call: name=check, is_extern_c=false, is_builtin=false, is_user=false, is_stdlib_extern=false, is_special=false, is_stdlib_inline=false
call: name=lstLen, is_extern_c=false, is_builtin=false, is_user=false, is_stdlib_extern=false, is_special=false, is_stdlib_inline=false
call: name=check, is_extern_c=false, is_builtin=false, is_user=false, is_stdlib_extern=false, is_special=false, is_stdlib_inline=false
call: name=lstSum, is_extern_c=false, is_builtin=false, is_user=false, is_stdlib_extern=false, is_special=false, is_stdlib_inline=false
call: name=check, is_extern_c=false, is_builtin=false, is_user=false, is_stdlib_extern=false, is_special=false, is_stdlib_inline=false
call: name=lstLen, is_extern_c=false, is_builtin=false, is_user=false, is_stdlib_extern=false, is_special=false, is_stdlib_inline=false
call: name=check, is_extern_c=false, is_builtin=false, is_user=false, is_stdlib_extern=false, is_special=false, is_stdlib_inline=false
call: name=lstSum, is_extern_c=false, is_builtin=false, is_user=false, is_stdlib_extern=false, is_special=false, is_stdlib_inline=false
call: name=check, is_extern_c=false, is_builtin=false, is_user=false, is_stdlib_extern=false, is_special=false, is_stdlib_inline=false
call: name=lstLen, is_extern_c=false, is_builtin=false, is_user=false, is_stdlib_extern=false, is_special=false, is_stdlib_inline=false
call: name=check, is_extern_c=false, is_builtin=false, is_user=false, is_stdlib_extern=false, is_special=false, is_stdlib_inline=false
call: name=lstSum, is_extern_c=false, is_builtin=false, is_user=false, is_stdlib_extern=false, is_special=false, is_stdlib_inline=false
call: name=check, is_extern_c=false, is_builtin=false, is_user=false, is_stdlib_extern=false, is_special=false, is_stdlib_inline=false
call: name=lstLen, is_extern_c=false, is_builtin=false, is_user=false, is_stdlib_extern=false, is_special=false, is_stdlib_inline=false
call: name=check, is_extern_c=false, is_builtin=false, is_user=false, is_stdlib_extern=false, is_special=false, is_stdlib_inline=false
call: name=check, is_extern_c=false, is_builtin=false, is_user=false, is_stdlib_extern=false, is_special=false, is_stdlib_inline=false
call: name=check, is_extern_c=false, is_builtin=false, is_user=false, is_stdlib_extern=false, is_special=false, is_stdlib_inline=false
call: name=check, is_extern_c=false, is_builtin=false, is_user=false, is_stdlib_extern=false, is_special=false, is_stdlib_inline=false
call: name=lstLen, is_extern_c=false, is_builtin=false, is_user=false, is_stdlib_extern=false, is_special=false, is_stdlib_inline=false
call: name=check, is_extern_c=false, is_builtin=false, is_user=false, is_stdlib_extern=false, is_special=false, is_stdlib_inline=false
call: name=lstSum, is_extern_c=false, is_builtin=false, is_user=false, is_stdlib_extern=false, is_special=false, is_stdlib_inline=false
call: name=check, is_extern_c=false, is_builtin=false, is_user=false, is_stdlib_extern=false, is_special=false, is_stdlib_inline=false
call: name=check, is_extern_c=false, is_builtin=false, is_user=false, is_stdlib_extern=false, is_special=false, is_stdlib_inline=false
call: name=check, is_extern_c=false, is_builtin=false, is_user=false, is_stdlib_extern=false, is_special=false, is_stdlib_inline=false
call: name=check, is_extern_c=false, is_builtin=false, is_user=false, is_stdlib_extern=false, is_special=false, is_stdlib_inline=false
call: name=check, is_extern_c=false, is_builtin=false, is_user=false, is_stdlib_extern=false, is_special=false, is_stdlib_inline=false
call: name=check, is_extern_c=false, is_builtin=false, is_user=false, is_stdlib_extern=false, is_special=false, is_stdlib_inline=false
call: name=check, is_extern_c=false, is_builtin=false, is_user=false, is_stdlib_extern=false, is_special=false, is_stdlib_inline=false
call: name=check, is_extern_c=false, is_builtin=false, is_user=false, is_stdlib_extern=false, is_special=false, is_stdlib_inline=false
call: name=optIsSome, is_extern_c=false, is_builtin=false, is_user=false, is_stdlib_extern=false, is_special=false, is_stdlib_inline=false
call: name=check, is_extern_c=false, is_builtin=false, is_user=false, is_stdlib_extern=false, is_special=false, is_stdlib_inline=false
call: name=optIsSome, is_extern_c=false, is_builtin=false, is_user=false, is_stdlib_extern=false, is_special=false, is_stdlib_inline=false
call: name=check, is_extern_c=false, is_builtin=false, is_user=false, is_stdlib_extern=false, is_special=false, is_stdlib_inline=false
call: name=shapeArea, is_extern_c=false, is_builtin=false, is_user=false, is_stdlib_extern=false, is_special=false, is_stdlib_inline=false
call: name=check, is_extern_c=false, is_builtin=false, is_user=false, is_stdlib_extern=false, is_special=false, is_stdlib_inline=false
call: name=shapeArea, is_extern_c=false, is_builtin=false, is_user=false, is_stdlib_extern=false, is_special=false, is_stdlib_inline=false
call: name=check, is_extern_c=false, is_builtin=false, is_user=false, is_stdlib_extern=false, is_special=false, is_stdlib_inline=false
call: name=check, is_extern_c=false, is_builtin=false, is_user=false, is_stdlib_extern=false, is_special=false, is_stdlib_inline=false
call: name=check, is_extern_c=false, is_builtin=false, is_user=false, is_stdlib_extern=false, is_special=false, is_stdlib_inline=false
call: name=check, is_extern_c=false, is_builtin=false, is_user=false, is_stdlib_extern=false, is_special=false, is_stdlib_inline=false
call: name=check, is_extern_c=false, is_builtin=false, is_user=false, is_stdlib_extern=false, is_special=false, is_stdlib_inline=false
call: name=check, is_extern_c=false, is_builtin=false, is_user=false, is_stdlib_extern=false, is_special=false, is_stdlib_inline=false
call: name=check, is_extern_c=false, is_builtin=false, is_user=false, is_stdlib_extern=false, is_special=false, is_stdlib_inline=false
call: name=check, is_extern_c=false, is_builtin=false, is_user=false, is_stdlib_extern=false, is_special=false, is_stdlib_inline=false
call: name=check, is_extern_c=false, is_builtin=false, is_user=false, is_stdlib_extern=false, is_special=false, is_stdlib_inline=false
call: name=summary, is_extern_c=false, is_builtin=false, is_user=false, is_stdlib_extern=false, is_special=false, is_stdlib_inline=false
call: name=format, is_extern_c=false, is_builtin=false, is_user=false, is_stdlib_extern=false, is_special=false, is_stdlib_inline=false
call: name=__stdout_write, is_extern_c=false, is_builtin=false, is_user=false, is_stdlib_extern=false, is_special=false, is_stdlib_inline=false
call: name=__stdout_write, is_extern_c=false, is_builtin=false, is_user=false, is_stdlib_extern=false, is_special=false, is_stdlib_inline=false
call: name=lstLen, is_extern_c=false, is_builtin=false, is_user=false, is_stdlib_extern=false, is_special=false, is_stdlib_inline=false
call: name=lstLen, is_extern_c=false, is_builtin=false, is_user=false, is_stdlib_extern=false, is_special=false, is_stdlib_inline=false
